{
  "Animator": {
    "eventFinishTime": 85.0,
    "eventStartTime": 72.4159164428711,
    "fileName": "2000_ATTACK7",
    "id": "2000_ATTACK7",
    "loop": false,
    "maxFrame": 146.0,
    "playSpeed": 1.2000000476837158
  }
}