0,-800.000000,-3200.000000,0.000000,4.000000,4.000000,4.000000,0.000000,0.000000,0.000000,0
0,-800.000000,-2800.000000,0.000000,4.000000,4.000000,4.000000,0.000000,0.000000,0.000000,0
0,-800.000000,-2400.000000,0.000000,4.000000,4.000000,4.000000,0.000000,0.000000,0.000000,0
0,-800.000000,-2000.000000,0.000000,4.000000,4.000000,4.000000,0.000000,0.000000,0.000000,0
0,-800.000000,-1600.000000,0.000000,4.000000,4.000000,4.000000,0.000000,0.000000,0.000000,0
0,-400.000000,-1600.000000,0.000000,4.000000,4.000000,4.000000,0.000000,0.000000,0.000000,0
0,-800.000000,-3600.000000,0.000000,4.000000,4.000000,4.000000,0.000000,0.000000,0.000000,0
0,-800.000000,-4000.000000,0.000000,4.000000,4.000000,4.000000,0.000000,0.000000,0.000000,0
0,-800.000000,-4400.000000,0.000000,4.000000,4.000000,4.000000,0.000000,0.000000,0.000000,0
0,-400.000000,-4400.000000,0.000000,4.000000,4.000000,4.000000,0.000000,0.000000,0.000000,0
0,0.000000,-4400.000000,0.000000,4.000000,4.000000,4.000000,0.000000,0.000000,0.000000,0
0,400.000000,-4400.000000,0.000000,4.000000,4.000000,4.000000,0.000000,0.000000,0.000000,0
0,800.000000,-4400.000000,0.000000,4.000000,4.000000,4.000000,0.000000,0.000000,0.000000,0
0,1200.000000,-4400.000000,0.000000,4.000000,4.000000,4.000000,0.000000,0.000000,0.000000,0
0,1600.000000,-4400.000000,0.000000,4.000000,4.000000,4.000000,0.000000,0.000000,0.000000,0
0,2000.000000,-4400.000000,0.000000,4.000000,4.000000,4.000000,0.000000,0.000000,0.000000,0
0,2400.000000,-4400.000000,0.000000,4.000000,4.000000,4.000000,0.000000,0.000000,0.000000,0
0,2800.000000,-4400.000000,0.000000,4.000000,4.000000,4.000000,0.000000,0.000000,0.000000,0
0,3200.000000,-4400.000000,0.000000,4.000000,4.000000,4.000000,0.000000,0.000000,0.000000,0
0,3600.000000,-4400.000000,0.000000,4.000000,4.000000,4.000000,0.000000,0.000000,0.000000,0
0,4000.000000,-4400.000000,0.000000,4.000000,4.000000,4.000000,0.000000,0.000000,0.000000,0
0,4000.000000,-4800.000000,0.000000,4.000000,4.000000,4.000000,0.000000,0.000000,0.000000,0
0,4000.000000,-5200.000000,0.000000,4.000000,4.000000,4.000000,0.000000,0.000000,0.000000,0
0,4400.000000,-5200.000000,0.000000,4.000000,4.000000,4.000000,0.000000,0.000000,0.000000,0
0,4800.000000,-5200.000000,0.000000,4.000000,4.000000,4.000000,0.000000,0.000000,0.000000,0
0,5200.000000,-5200.000000,0.000000,4.000000,4.000000,4.000000,0.000000,0.000000,0.000000,0
0,5600.000000,-5200.000000,0.000000,4.000000,4.000000,4.000000,0.000000,0.000000,0.000000,0
0,6000.000000,-5200.000000,0.000000,4.000000,4.000000,4.000000,0.000000,0.000000,0.000000,0
0,6400.000000,-5200.000000,0.000000,4.000000,4.000000,4.000000,0.000000,0.000000,0.000000,0
0,6800.000000,-5200.000000,0.000000,4.000000,4.000000,4.000000,0.000000,0.000000,0.000000,0
0,7200.000000,-5200.000000,0.000000,4.000000,4.000000,4.000000,0.000000,0.000000,0.000000,0
0,7600.000000,-5200.000000,0.000000,4.000000,4.000000,4.000000,0.000000,0.000000,0.000000,0
0,8000.000000,-5200.000000,0.000000,4.000000,4.000000,4.000000,0.000000,0.000000,0.000000,0
0,8400.000000,-5200.000000,0.000000,4.000000,4.000000,4.000000,0.000000,0.000000,0.000000,0
0,8800.000000,-5200.000000,0.000000,4.000000,4.000000,4.000000,0.000000,0.000000,0.000000,0
0,9200.000000,-5200.000000,0.000000,4.000000,4.000000,4.000000,0.000000,0.000000,0.000000,0
0,9600.000000,-5200.000000,0.000000,4.000000,4.000000,4.000000,0.000000,0.000000,0.000000,0
0,10000.000000,-5200.000000,0.000000,4.000000,4.000000,4.000000,0.000000,0.000000,0.000000,0
0,10400.000000,-5200.000000,0.000000,4.000000,4.000000,4.000000,0.000000,0.000000,0.000000,0
0,10800.000000,-5200.000000,0.000000,4.000000,4.000000,4.000000,0.000000,0.000000,0.000000,0
0,11200.000000,-5200.000000,0.000000,4.000000,4.000000,4.000000,0.000000,0.000000,0.000000,0
0,11600.000000,-5200.000000,0.000000,4.000000,4.000000,4.000000,0.000000,0.000000,0.000000,0
0,12000.000000,-5200.000000,0.000000,4.000000,4.000000,4.000000,0.000000,0.000000,0.000000,0
0,0.000000,-1600.000000,0.000000,4.000000,4.000000,4.000000,0.000000,0.000000,0.000000,0
0,400.000000,-1600.000000,0.000000,4.000000,4.000000,4.000000,0.000000,0.000000,0.000000,0
0,800.000000,-1600.000000,0.000000,4.000000,4.000000,4.000000,0.000000,0.000000,0.000000,0
0,1200.000000,-1600.000000,0.000000,4.000000,4.000000,4.000000,0.000000,0.000000,0.000000,0
0,1600.000000,-1600.000000,0.000000,4.000000,4.000000,4.000000,0.000000,0.000000,0.000000,0
0,2000.000000,-1600.000000,0.000000,4.000000,4.000000,4.000000,0.000000,0.000000,0.000000,0
0,2400.000000,-1600.000000,0.000000,4.000000,4.000000,4.000000,0.000000,0.000000,0.000000,0
0,2800.000000,-1600.000000,0.000000,4.000000,4.000000,4.000000,0.000000,0.000000,0.000000,0
0,3200.000000,-1600.000000,0.000000,4.000000,4.000000,4.000000,0.000000,0.000000,0.000000,0
0,3600.000000,-1600.000000,0.000000,4.000000,4.000000,4.000000,0.000000,0.000000,0.000000,0
0,4000.000000,-1600.000000,0.000000,4.000000,4.000000,4.000000,0.000000,0.000000,0.000000,0
0,4000.000000,-2000.000000,0.000000,4.000000,4.000000,4.000000,0.000000,0.000000,0.000000,0
0,4000.000000,-2400.000000,0.000000,4.000000,4.000000,4.000000,0.000000,0.000000,0.000000,0
0,4400.000000,-2400.000000,0.000000,4.000000,4.000000,4.000000,0.000000,0.000000,0.000000,0
0,4800.000000,-2400.000000,0.000000,4.000000,4.000000,4.000000,0.000000,0.000000,0.000000,0
0,5200.000000,-2400.000000,0.000000,4.000000,4.000000,4.000000,0.000000,0.000000,0.000000,0
0,5600.000000,-2400.000000,0.000000,4.000000,4.000000,4.000000,0.000000,0.000000,0.000000,0
0,6000.000000,-2400.000000,0.000000,4.000000,4.000000,4.000000,0.000000,0.000000,0.000000,0
0,6400.000000,-2400.000000,0.000000,4.000000,4.000000,4.000000,0.000000,0.000000,0.000000,0
0,6800.000000,-2400.000000,0.000000,4.000000,4.000000,4.000000,0.000000,0.000000,0.000000,0
0,7200.000000,-2400.000000,0.000000,4.000000,4.000000,4.000000,0.000000,0.000000,0.000000,0
0,7600.000000,-2400.000000,0.000000,4.000000,4.000000,4.000000,0.000000,0.000000,0.000000,0
0,8000.000000,-2400.000000,0.000000,4.000000,4.000000,4.000000,0.000000,0.000000,0.000000,0
0,8400.000000,-2400.000000,0.000000,4.000000,4.000000,4.000000,0.000000,0.000000,0.000000,0
0,12400.000000,-5200.000000,0.000000,4.000000,4.000000,4.000000,0.000000,0.000000,0.000000,0
0,12800.000000,-5200.000000,0.000000,4.000000,4.000000,4.000000,0.000000,0.000000,0.000000,0
0,13200.000000,-5200.000000,0.000000,4.000000,4.000000,4.000000,0.000000,0.000000,0.000000,0
0,13600.000000,-5200.000000,0.000000,4.000000,4.000000,4.000000,0.000000,0.000000,0.000000,0
0,14000.000000,-5200.000000,0.000000,4.000000,4.000000,4.000000,0.000000,0.000000,0.000000,0
0,14400.000000,-5200.000000,0.000000,4.000000,4.000000,4.000000,0.000000,0.000000,0.000000,0
0,14800.000000,-5200.000000,0.000000,4.000000,4.000000,4.000000,0.000000,0.000000,0.000000,0
0,15200.000000,-5200.000000,0.000000,4.000000,4.000000,4.000000,0.000000,0.000000,0.000000,0
0,15600.000000,-5200.000000,0.000000,4.000000,4.000000,4.000000,0.000000,0.000000,0.000000,0
0,16000.000000,-5200.000000,0.000000,4.000000,4.000000,4.000000,0.000000,0.000000,0.000000,0
0,8800.000000,-2400.000000,0.000000,4.000000,4.000000,4.000000,0.000000,0.000000,0.000000,0
0,9200.000000,-2400.000000,0.000000,4.000000,4.000000,4.000000,0.000000,0.000000,0.000000,0
0,9600.000000,-2400.000000,0.000000,4.000000,4.000000,4.000000,0.000000,0.000000,0.000000,0
0,10000.000000,-2400.000000,0.000000,4.000000,4.000000,4.000000,0.000000,0.000000,0.000000,0
0,10400.000000,-2400.000000,0.000000,4.000000,4.000000,4.000000,0.000000,0.000000,0.000000,0
0,10800.000000,-2400.000000,0.000000,4.000000,4.000000,4.000000,0.000000,0.000000,0.000000,0
0,11200.000000,-2400.000000,0.000000,4.000000,4.000000,4.000000,0.000000,0.000000,0.000000,0
0,11600.000000,-2400.000000,0.000000,4.000000,4.000000,4.000000,0.000000,0.000000,0.000000,0
0,12000.000000,-2400.000000,0.000000,4.000000,4.000000,4.000000,0.000000,0.000000,0.000000,0
0,12400.000000,-2400.000000,0.000000,4.000000,4.000000,4.000000,0.000000,0.000000,0.000000,0
0,12800.000000,-2400.000000,0.000000,4.000000,4.000000,4.000000,0.000000,0.000000,0.000000,0
0,13200.000000,-2400.000000,0.000000,4.000000,4.000000,4.000000,0.000000,0.000000,0.000000,0
0,13600.000000,-2400.000000,0.000000,4.000000,4.000000,4.000000,0.000000,0.000000,0.000000,0
0,14000.000000,-2400.000000,0.000000,4.000000,4.000000,4.000000,0.000000,0.000000,0.000000,0
0,14400.000000,-2400.000000,0.000000,4.000000,4.000000,4.000000,0.000000,0.000000,0.000000,0
0,14800.000000,-2400.000000,0.000000,4.000000,4.000000,4.000000,0.000000,0.000000,0.000000,0
0,15200.000000,-2400.000000,0.000000,4.000000,4.000000,4.000000,0.000000,0.000000,0.000000,0
0,15600.000000,-2400.000000,0.000000,4.000000,4.000000,4.000000,0.000000,0.000000,0.000000,0
0,16000.000000,-2400.000000,0.000000,4.000000,4.000000,4.000000,0.000000,0.000000,0.000000,0
0,16400.000000,-2400.000000,0.000000,4.000000,4.000000,4.000000,0.000000,0.000000,0.000000,0
7,4400.000000,-4400.000000,0.000000,4.000000,4.000000,4.000000,0.000000,0.000000,-1.570796,0
7,4800.000000,-4800.000000,0.000000,4.000000,4.000000,4.000000,0.000000,0.000000,0.000000,0
7,5200.000000,-4800.000000,0.000000,4.000000,4.000000,4.000000,0.000000,0.000000,0.000000,0
7,5600.000000,-4800.000000,0.000000,4.000000,4.000000,4.000000,0.000000,0.000000,0.000000,0
7,6000.000000,-4800.000000,0.000000,4.000000,4.000000,4.000000,0.000000,0.000000,0.000000,0
7,6400.000000,-4800.000000,0.000000,4.000000,4.000000,4.000000,0.000000,0.000000,0.000000,0
7,6800.000000,-4800.000000,0.000000,4.000000,4.000000,4.000000,0.000000,0.000000,0.000000,0
7,7200.000000,-4800.000000,0.000000,4.000000,4.000000,4.000000,0.000000,0.000000,0.000000,0
7,7600.000000,-4800.000000,0.000000,4.000000,4.000000,4.000000,0.000000,0.000000,0.000000,0
7,8000.000000,-4800.000000,0.000000,4.000000,4.000000,4.000000,0.000000,0.000000,0.000000,0
7,8400.000000,-4800.000000,0.000000,4.000000,4.000000,4.000000,0.000000,0.000000,0.000000,0
7,8800.000000,-4800.000000,0.000000,4.000000,4.000000,4.000000,0.000000,0.000000,0.000000,0
7,9200.000000,-4800.000000,0.000000,4.000000,4.000000,4.000000,0.000000,0.000000,0.000000,0
7,9600.000000,-4800.000000,0.000000,4.000000,4.000000,4.000000,0.000000,0.000000,0.000000,0
7,10000.000000,-4800.000000,0.000000,4.000000,4.000000,4.000000,0.000000,0.000000,0.000000,0
7,10400.000000,-4800.000000,0.000000,4.000000,4.000000,4.000000,0.000000,0.000000,0.000000,0
7,10800.000000,-4800.000000,0.000000,4.000000,4.000000,4.000000,0.000000,0.000000,0.000000,0
7,11200.000000,-4800.000000,0.000000,4.000000,4.000000,4.000000,0.000000,0.000000,0.000000,0
7,11600.000000,-4800.000000,0.000000,4.000000,4.000000,4.000000,0.000000,0.000000,0.000000,0
7,12000.000000,-4800.000000,0.000000,4.000000,4.000000,4.000000,0.000000,0.000000,0.000000,0
7,12400.000000,-4800.000000,0.000000,4.000000,4.000000,4.000000,0.000000,0.000000,0.000000,0
7,12800.000000,-4800.000000,0.000000,4.000000,4.000000,4.000000,0.000000,0.000000,0.000000,0
7,13200.000000,-4800.000000,0.000000,4.000000,4.000000,4.000000,0.000000,0.000000,0.000000,0
7,13600.000000,-4800.000000,0.000000,4.000000,4.000000,4.000000,0.000000,0.000000,0.000000,0
7,14000.000000,-4800.000000,0.000000,4.000000,4.000000,4.000000,0.000000,0.000000,0.000000,0
7,14400.000000,-4800.000000,0.000000,4.000000,4.000000,4.000000,0.000000,0.000000,0.000000,0
7,14800.000000,-4800.000000,0.000000,4.000000,4.000000,4.000000,0.000000,0.000000,0.000000,0
7,15200.000000,-4800.000000,0.000000,4.000000,4.000000,4.000000,0.000000,0.000000,0.000000,0
7,15600.000000,-4800.000000,0.000000,4.000000,4.000000,4.000000,0.000000,0.000000,0.000000,0
7,16000.000000,-4800.000000,0.000000,4.000000,4.000000,4.000000,0.000000,0.000000,0.000000,0
7,4000.000000,-2800.000000,0.000000,4.000000,4.000000,4.000000,0.000000,0.000000,3.141593,0
7,4400.000000,-2800.000000,0.000000,4.000000,4.000000,4.000000,0.000000,0.000000,3.141593,0
7,4800.000000,-2800.000000,0.000000,4.000000,4.000000,4.000000,0.000000,0.000000,3.141593,0
7,5200.000000,-2800.000000,0.000000,4.000000,4.000000,4.000000,0.000000,0.000000,3.141593,0
7,5600.000000,-2800.000000,0.000000,4.000000,4.000000,4.000000,0.000000,0.000000,3.141593,0
7,6000.000000,-2800.000000,0.000000,4.000000,4.000000,4.000000,0.000000,0.000000,3.141593,0
7,6400.000000,-2800.000000,0.000000,4.000000,4.000000,4.000000,0.000000,0.000000,3.141593,0
7,6800.000000,-2800.000000,0.000000,4.000000,4.000000,4.000000,0.000000,0.000000,3.141593,0
7,7200.000000,-2800.000000,0.000000,4.000000,4.000000,4.000000,0.000000,0.000000,3.141593,0
7,7600.000000,-2800.000000,0.000000,4.000000,4.000000,4.000000,0.000000,0.000000,3.141593,0
7,8000.000000,-2800.000000,0.000000,4.000000,4.000000,4.000000,0.000000,0.000000,3.141593,0
7,8400.000000,-2800.000000,0.000000,4.000000,4.000000,4.000000,0.000000,0.000000,3.141593,0
7,8800.000000,-2800.000000,0.000000,4.000000,4.000000,4.000000,0.000000,0.000000,3.141593,0
7,9200.000000,-2800.000000,0.000000,4.000000,4.000000,4.000000,0.000000,0.000000,3.141593,0
7,9600.000000,-2800.000000,0.000000,4.000000,4.000000,4.000000,0.000000,0.000000,3.141593,0
7,10000.000000,-2800.000000,0.000000,4.000000,4.000000,4.000000,0.000000,0.000000,3.141593,0
7,10400.000000,-2800.000000,0.000000,4.000000,4.000000,4.000000,0.000000,0.000000,3.141593,0
7,10800.000000,-2800.000000,0.000000,4.000000,4.000000,4.000000,0.000000,0.000000,3.141593,0
7,11200.000000,-2800.000000,0.000000,4.000000,4.000000,4.000000,0.000000,0.000000,3.141593,0
7,11600.000000,-2800.000000,0.000000,4.000000,4.000000,4.000000,0.000000,0.000000,3.141593,0
7,12000.000000,-2800.000000,0.000000,4.000000,4.000000,4.000000,0.000000,0.000000,3.141593,0
7,12400.000000,-2800.000000,0.000000,4.000000,4.000000,4.000000,0.000000,0.000000,3.141593,0
7,12800.000000,-2800.000000,0.000000,4.000000,4.000000,4.000000,0.000000,0.000000,3.141593,0
7,13200.000000,-2800.000000,0.000000,4.000000,4.000000,4.000000,0.000000,0.000000,3.141593,0
7,13600.000000,-2800.000000,0.000000,4.000000,4.000000,4.000000,0.000000,0.000000,3.141593,0
7,14000.000000,-2800.000000,0.000000,4.000000,4.000000,4.000000,0.000000,0.000000,3.141593,0
7,14400.000000,-2800.000000,0.000000,4.000000,4.000000,4.000000,0.000000,0.000000,3.141593,0
7,14800.000000,-2800.000000,0.000000,4.000000,4.000000,4.000000,0.000000,0.000000,3.141593,0
7,15200.000000,-2800.000000,0.000000,4.000000,4.000000,4.000000,0.000000,0.000000,3.141593,0
7,15600.000000,-2800.000000,0.000000,4.000000,4.000000,4.000000,0.000000,0.000000,3.141593,0
7,16000.000000,-2800.000000,0.000000,4.000000,4.000000,4.000000,0.000000,0.000000,3.141593,0
7,16400.000000,-2800.000000,0.000000,4.000000,4.000000,4.000000,0.000000,0.000000,3.141593,0
7,3600.000000,-2000.000000,0.000000,4.000000,4.000000,4.000000,0.000000,0.000000,1.570796,0
7,3600.000000,-2400.000000,0.000000,4.000000,4.000000,4.000000,0.000000,0.000000,1.570796,0
16,12400.000000,-4000.000000,0.000000,19.000000,19.000000,4.000000,0.000000,0.000000,1.570796,0,0
0,16400.000000,-5200.000000,0.000000,4.000000,4.000000,4.000000,0.000000,0.000000,0.000000,0
0,16800.000000,-5200.000000,0.000000,4.000000,4.000000,4.000000,0.000000,0.000000,0.000000,0
0,17200.000000,-5200.000000,0.000000,4.000000,4.000000,4.000000,0.000000,0.000000,0.000000,0
0,17600.000000,-5200.000000,0.000000,4.000000,4.000000,4.000000,0.000000,0.000000,0.000000,0
0,18000.000000,-5200.000000,0.000000,4.000000,4.000000,4.000000,0.000000,0.000000,0.000000,0
0,18400.000000,-5200.000000,0.000000,4.000000,4.000000,4.000000,0.000000,0.000000,0.000000,0
0,18800.000000,-5200.000000,0.000000,4.000000,4.000000,4.000000,0.000000,0.000000,0.000000,0
0,19200.000000,-5200.000000,0.000000,4.000000,4.000000,4.000000,0.000000,0.000000,0.000000,0
0,19600.000000,-5200.000000,0.000000,4.000000,4.000000,4.000000,0.000000,0.000000,0.000000,0
0,20000.000000,-5200.000000,0.000000,4.000000,4.000000,4.000000,0.000000,0.000000,0.000000,0
0,20400.000000,-5200.000000,0.000000,4.000000,4.000000,4.000000,0.000000,0.000000,0.000000,0
0,20800.000000,-5200.000000,0.000000,4.000000,4.000000,4.000000,0.000000,0.000000,0.000000,0
0,21200.000000,-5200.000000,0.000000,4.000000,4.000000,4.000000,0.000000,0.000000,0.000000,0
0,16800.000000,-2400.000000,0.000000,4.000000,4.000000,4.000000,0.000000,0.000000,0.000000,0
0,17200.000000,-2400.000000,0.000000,4.000000,4.000000,4.000000,0.000000,0.000000,0.000000,0
0,17600.000000,-2400.000000,0.000000,4.000000,4.000000,4.000000,0.000000,0.000000,0.000000,0
0,18000.000000,-2400.000000,0.000000,4.000000,4.000000,4.000000,0.000000,0.000000,0.000000,0
0,18400.000000,-2400.000000,0.000000,4.000000,4.000000,4.000000,0.000000,0.000000,0.000000,0
0,18800.000000,-2400.000000,0.000000,4.000000,4.000000,4.000000,0.000000,0.000000,0.000000,0
0,19200.000000,-2400.000000,0.000000,4.000000,4.000000,4.000000,0.000000,0.000000,0.000000,0
0,19600.000000,-2400.000000,0.000000,4.000000,4.000000,4.000000,0.000000,0.000000,0.000000,0
0,20000.000000,-2400.000000,0.000000,4.000000,4.000000,4.000000,0.000000,0.000000,0.000000,0
0,20400.000000,-2400.000000,0.000000,4.000000,4.000000,4.000000,0.000000,0.000000,0.000000,0
0,20800.000000,-2400.000000,0.000000,4.000000,4.000000,4.000000,0.000000,0.000000,0.000000,0
0,21200.000000,-2400.000000,0.000000,4.000000,4.000000,4.000000,0.000000,0.000000,0.000000,0
7,16400.000000,-4800.000000,0.000000,4.000000,4.000000,4.000000,0.000000,0.000000,0.000000,0
7,16800.000000,-4800.000000,0.000000,4.000000,4.000000,4.000000,0.000000,0.000000,0.000000,0
7,17200.000000,-4800.000000,0.000000,4.000000,4.000000,4.000000,0.000000,0.000000,0.000000,0
7,17600.000000,-4800.000000,0.000000,4.000000,4.000000,4.000000,0.000000,0.000000,0.000000,0
7,18000.000000,-4800.000000,0.000000,4.000000,4.000000,4.000000,0.000000,0.000000,0.000000,0
7,18400.000000,-4800.000000,0.000000,4.000000,4.000000,4.000000,0.000000,0.000000,0.000000,0
7,18800.000000,-4800.000000,0.000000,4.000000,4.000000,4.000000,0.000000,0.000000,0.000000,0
7,19200.000000,-4800.000000,0.000000,4.000000,4.000000,4.000000,0.000000,0.000000,0.000000,0
7,19600.000000,-4800.000000,0.000000,4.000000,4.000000,4.000000,0.000000,0.000000,0.000000,0
7,20000.000000,-4800.000000,0.000000,4.000000,4.000000,4.000000,0.000000,0.000000,0.000000,0
7,20400.000000,-4800.000000,0.000000,4.000000,4.000000,4.000000,0.000000,0.000000,0.000000,0
7,20800.000000,-4800.000000,0.000000,4.000000,4.000000,4.000000,0.000000,0.000000,0.000000,0
7,21200.000000,-4800.000000,0.000000,4.000000,4.000000,4.000000,0.000000,0.000000,0.000000,0
7,17200.000000,-2800.000000,0.000000,4.000000,4.000000,4.000000,0.000000,0.000000,3.141593,0
7,16800.000000,-2800.000000,0.000000,4.000000,4.000000,4.000000,0.000000,0.000000,3.141593,0
7,17600.000000,-2800.000000,0.000000,4.000000,4.000000,4.000000,0.000000,0.000000,3.141593,0
7,18000.000000,-2800.000000,0.000000,4.000000,4.000000,4.000000,0.000000,0.000000,3.141593,0
7,18400.000000,-2800.000000,0.000000,4.000000,4.000000,4.000000,0.000000,0.000000,3.141593,0
7,18800.000000,-2800.000000,0.000000,4.000000,4.000000,4.000000,0.000000,0.000000,3.141593,0
7,19200.000000,-2800.000000,0.000000,4.000000,4.000000,4.000000,0.000000,0.000000,3.141593,0
7,19600.000000,-2800.000000,0.000000,4.000000,4.000000,4.000000,0.000000,0.000000,3.141593,0
7,20000.000000,-2800.000000,0.000000,4.000000,4.000000,4.000000,0.000000,0.000000,3.141593,0
7,20400.000000,-2800.000000,0.000000,4.000000,4.000000,4.000000,0.000000,0.000000,3.141593,0
7,20800.000000,-2800.000000,0.000000,4.000000,4.000000,4.000000,0.000000,0.000000,3.141593,0
7,21200.000000,-2800.000000,0.000000,4.000000,4.000000,4.000000,0.000000,0.000000,3.141593,0
0,21600.000000,-5200.000000,0.000000,4.000000,4.000000,4.000000,0.000000,0.000000,3.141593,0
0,21600.000000,-2400.000000,0.000000,4.000000,4.000000,4.000000,0.000000,0.000000,3.141593,0
0,21600.000000,-2800.000000,0.000000,4.000000,4.000000,4.000000,0.000000,0.000000,3.141593,0
0,22000.000000,-2800.000000,0.000000,4.000000,4.000000,4.000000,0.000000,0.000000,3.141593,0
0,22400.000000,-2800.000000,0.000000,4.000000,4.000000,4.000000,0.000000,0.000000,3.141593,0
0,22800.000000,-2800.000000,0.000000,4.000000,4.000000,4.000000,0.000000,0.000000,3.141593,0
0,23200.000000,-2800.000000,0.000000,4.000000,4.000000,4.000000,0.000000,0.000000,3.141593,0
0,23600.000000,-2800.000000,0.000000,4.000000,4.000000,4.000000,0.000000,0.000000,3.141593,0
0,24000.000000,-2800.000000,0.000000,4.000000,4.000000,4.000000,0.000000,0.000000,3.141593,0
0,24400.000000,-2800.000000,0.000000,4.000000,4.000000,4.000000,0.000000,0.000000,3.141593,0
0,24800.000000,-2800.000000,0.000000,4.000000,4.000000,4.000000,0.000000,0.000000,3.141593,0
0,25200.000000,-2800.000000,0.000000,4.000000,4.000000,4.000000,0.000000,0.000000,3.141593,0
0,25600.000000,-2800.000000,0.000000,4.000000,4.000000,4.000000,0.000000,0.000000,3.141593,0
0,26000.000000,-2800.000000,0.000000,4.000000,4.000000,4.000000,0.000000,0.000000,3.141593,0
0,22000.000000,-5200.000000,0.000000,4.000000,4.000000,4.000000,0.000000,0.000000,3.141593,0
0,22400.000000,-5200.000000,0.000000,4.000000,4.000000,4.000000,0.000000,0.000000,3.141593,0
0,22800.000000,-5200.000000,0.000000,4.000000,4.000000,4.000000,0.000000,0.000000,3.141593,0
0,23200.000000,-5200.000000,0.000000,4.000000,4.000000,4.000000,0.000000,0.000000,3.141593,0
0,23600.000000,-5200.000000,0.000000,4.000000,4.000000,4.000000,0.000000,0.000000,3.141593,0
3,24000.000000,-4800.000000,400.000000,4.000000,4.000000,4.000000,0.000000,0.000000,0.000000,0
0,24000.000000,-5200.000000,0.000000,4.000000,4.000000,4.000000,0.000000,0.000000,0.000000,0
0,24400.000000,-5200.000000,0.000000,4.000000,4.000000,4.000000,0.000000,0.000000,0.000000,0
0,24800.000000,-5200.000000,0.000000,4.000000,4.000000,4.000000,0.000000,0.000000,0.000000,0
0,25200.000000,-5200.000000,0.000000,4.000000,4.000000,4.000000,0.000000,0.000000,0.000000,0
0,25600.000000,-5200.000000,0.000000,4.000000,4.000000,4.000000,0.000000,0.000000,0.000000,0
0,26000.000000,-5200.000000,0.000000,4.000000,4.000000,4.000000,0.000000,0.000000,0.000000,0
0,26400.000000,-5200.000000,0.000000,4.000000,4.000000,4.000000,0.000000,0.000000,0.000000,0
0,26000.000000,-3200.000000,0.000000,4.000000,4.000000,4.000000,0.000000,0.000000,0.000000,0
0,26000.000000,-3600.000000,0.000000,4.000000,4.000000,4.000000,0.000000,0.000000,0.000000,0
0,26000.000000,-4000.000000,0.000000,4.000000,4.000000,4.000000,0.000000,0.000000,0.000000,0
0,26800.000000,-4000.000000,0.000000,4.000000,4.000000,4.000000,0.000000,0.000000,0.000000,0
0,26400.000000,-4000.000000,0.000000,4.000000,4.000000,4.000000,0.000000,0.000000,0.000000,0
0,27200.000000,-4000.000000,0.000000,4.000000,4.000000,4.000000,0.000000,0.000000,0.000000,0
0,27600.000000,-4000.000000,0.000000,4.000000,4.000000,4.000000,0.000000,0.000000,0.000000,0
0,28000.000000,-4000.000000,0.000000,4.000000,4.000000,4.000000,0.000000,0.000000,0.000000,0
0,28400.000000,-4000.000000,0.000000,4.000000,4.000000,4.000000,0.000000,0.000000,0.000000,0
0,28800.000000,-4000.000000,0.000000,4.000000,4.000000,4.000000,0.000000,0.000000,0.000000,0
0,29200.000000,-4000.000000,0.000000,4.000000,4.000000,4.000000,0.000000,0.000000,0.000000,0
0,29600.000000,-4000.000000,0.000000,4.000000,4.000000,4.000000,0.000000,0.000000,0.000000,0
0,26800.000000,-5200.000000,0.000000,4.000000,4.000000,4.000000,0.000000,0.000000,0.000000,0
0,27200.000000,-5200.000000,0.000000,4.000000,4.000000,4.000000,0.000000,0.000000,0.000000,0
0,27600.000000,-5200.000000,0.000000,4.000000,4.000000,4.000000,0.000000,0.000000,0.000000,0
0,28000.000000,-5200.000000,0.000000,4.000000,4.000000,4.000000,0.000000,0.000000,0.000000,0
0,28400.000000,-5200.000000,0.000000,4.000000,4.000000,4.000000,0.000000,0.000000,0.000000,0
0,28800.000000,-5200.000000,0.000000,4.000000,4.000000,4.000000,0.000000,0.000000,0.000000,0
0,29200.000000,-5200.000000,0.000000,4.000000,4.000000,4.000000,0.000000,0.000000,0.000000,0
0,29600.000000,-5200.000000,0.000000,4.000000,4.000000,4.000000,0.000000,0.000000,0.000000,0
15,26000.000000,-4400.000000,0.000000,4.000000,4.000000,4.000000,0.000000,0.000000,0.000000,0
15,26000.000000,-4800.000000,0.000000,4.000000,4.000000,4.000000,0.000000,0.000000,0.000000,0
15,26400.000000,-4800.000000,0.000000,4.000000,4.000000,4.000000,0.000000,0.000000,0.000000,0
15,26800.000000,-4800.000000,0.000000,4.000000,4.000000,4.000000,0.000000,0.000000,0.000000,0
15,27200.000000,-4800.000000,0.000000,4.000000,4.000000,4.000000,0.000000,0.000000,0.000000,0
15,27600.000000,-4800.000000,0.000000,4.000000,4.000000,4.000000,0.000000,0.000000,0.000000,0
15,28000.000000,-4800.000000,0.000000,4.000000,4.000000,4.000000,0.000000,0.000000,0.000000,0
15,28400.000000,-4800.000000,0.000000,4.000000,4.000000,4.000000,0.000000,0.000000,0.000000,0
15,28800.000000,-4800.000000,0.000000,4.000000,4.000000,4.000000,0.000000,0.000000,0.000000,0
15,29200.000000,-4800.000000,0.000000,4.000000,4.000000,4.000000,0.000000,0.000000,0.000000,0
15,29600.000000,-4800.000000,0.000000,4.000000,4.000000,4.000000,0.000000,0.000000,0.000000,0
15,30000.000000,-4800.000000,0.000000,4.000000,4.000000,4.000000,0.000000,0.000000,0.000000,0
15,30400.000000,-4800.000000,0.000000,4.000000,4.000000,4.000000,0.000000,0.000000,0.000000,0
15,30400.000000,-4400.000000,0.000000,4.000000,4.000000,4.000000,0.000000,0.000000,0.000000,0
15,30000.000000,-4400.000000,0.000000,4.000000,4.000000,4.000000,0.000000,0.000000,0.000000,0
15,29600.000000,-4400.000000,0.000000,4.000000,4.000000,4.000000,0.000000,0.000000,0.000000,0
15,29200.000000,-4400.000000,0.000000,4.000000,4.000000,4.000000,0.000000,0.000000,0.000000,0
15,28800.000000,-4400.000000,0.000000,4.000000,4.000000,4.000000,0.000000,0.000000,0.000000,0
15,28400.000000,-4400.000000,0.000000,4.000000,4.000000,4.000000,0.000000,0.000000,0.000000,0
15,28000.000000,-4400.000000,0.000000,4.000000,4.000000,4.000000,0.000000,0.000000,0.000000,0
15,27600.000000,-4400.000000,0.000000,4.000000,4.000000,4.000000,0.000000,0.000000,0.000000,0
15,27200.000000,-4400.000000,0.000000,4.000000,4.000000,4.000000,0.000000,0.000000,0.000000,0
15,26800.000000,-4400.000000,0.000000,4.000000,4.000000,4.000000,0.000000,0.000000,0.000000,0
15,26400.000000,-4400.000000,0.000000,4.000000,4.000000,4.000000,0.000000,0.000000,0.000000,0
0,30000.000000,-5200.000000,0.000000,4.000000,4.000000,4.000000,0.000000,0.000000,0.000000,0
0,30400.000000,-5200.000000,0.000000,4.000000,4.000000,4.000000,0.000000,0.000000,0.000000,0
0,30800.000000,-5200.000000,0.000000,4.000000,4.000000,4.000000,0.000000,0.000000,0.000000,0
0,31200.000000,-5200.000000,0.000000,4.000000,4.000000,4.000000,0.000000,0.000000,0.000000,0
0,31600.000000,-5200.000000,0.000000,4.000000,4.000000,4.000000,0.000000,0.000000,0.000000,0
0,32000.000000,-5200.000000,0.000000,4.000000,4.000000,4.000000,0.000000,0.000000,0.000000,0
0,30000.000000,-4000.000000,0.000000,4.000000,4.000000,4.000000,0.000000,0.000000,0.000000,0
0,30400.000000,-4000.000000,0.000000,4.000000,4.000000,4.000000,0.000000,0.000000,0.000000,0
0,30800.000000,-4000.000000,0.000000,4.000000,4.000000,4.000000,0.000000,0.000000,0.000000,0
0,31200.000000,-4000.000000,0.000000,4.000000,4.000000,4.000000,0.000000,0.000000,0.000000,0
0,31600.000000,-4000.000000,0.000000,4.000000,4.000000,4.000000,0.000000,0.000000,0.000000,0
0,32000.000000,-4000.000000,0.000000,4.000000,4.000000,4.000000,0.000000,0.000000,0.000000,0
0,32400.000000,-4000.000000,0.000000,4.000000,4.000000,4.000000,0.000000,0.000000,0.000000,0
16,31600.000000,-4800.000000,0.000000,19.000000,19.000000,4.000000,0.000000,0.000000,0.000000,0,0
0,32400.000000,-5200.000000,0.000000,4.000000,4.000000,4.000000,0.000000,0.000000,0.000000,0
0,32800.000000,-5200.000000,0.000000,4.000000,4.000000,4.000000,0.000000,0.000000,0.000000,0
0,33200.000000,-5200.000000,0.000000,4.000000,4.000000,4.000000,0.000000,0.000000,0.000000,0
0,33600.000000,-5200.000000,0.000000,4.000000,4.000000,4.000000,0.000000,0.000000,0.000000,0
0,34000.000000,-5200.000000,0.000000,4.000000,4.000000,4.000000,0.000000,0.000000,0.000000,0
0,32800.000000,-4000.000000,0.000000,4.000000,4.000000,4.000000,0.000000,0.000000,0.000000,0
0,33200.000000,-4000.000000,0.000000,4.000000,4.000000,4.000000,0.000000,0.000000,0.000000,0
0,33600.000000,-4000.000000,0.000000,4.000000,4.000000,4.000000,0.000000,0.000000,0.000000,0
0,34000.000000,-4000.000000,0.000000,4.000000,4.000000,4.000000,0.000000,0.000000,0.000000,0
0,34400.000000,-4000.000000,0.000000,4.000000,4.000000,4.000000,0.000000,0.000000,0.000000,0
0,34800.000000,-4000.000000,0.000000,4.000000,4.000000,4.000000,0.000000,0.000000,0.000000,0
0,35200.000000,-4000.000000,0.000000,4.000000,4.000000,4.000000,0.000000,0.000000,0.000000,0
0,35600.000000,-4000.000000,0.000000,4.000000,4.000000,4.000000,0.000000,0.000000,0.000000,0
0,36000.000000,-4000.000000,0.000000,4.000000,4.000000,4.000000,0.000000,0.000000,0.000000,0
0,34400.000000,-5200.000000,0.000000,4.000000,4.000000,4.000000,0.000000,0.000000,0.000000,0
0,34800.000000,-5200.000000,0.000000,4.000000,4.000000,4.000000,0.000000,0.000000,0.000000,0
0,35200.000000,-5200.000000,0.000000,4.000000,4.000000,4.000000,0.000000,0.000000,0.000000,0
0,35600.000000,-5200.000000,0.000000,4.000000,4.000000,4.000000,0.000000,0.000000,0.000000,0
0,36000.000000,-5200.000000,0.000000,4.000000,4.000000,4.000000,0.000000,0.000000,0.000000,0
15,32800.000000,-4800.000000,0.000000,4.000000,4.000000,4.000000,0.000000,0.000000,0.000000,0
15,32800.000000,-4400.000000,0.000000,4.000000,4.000000,4.000000,0.000000,0.000000,0.000000,0
15,33200.000000,-4400.000000,0.000000,4.000000,4.000000,4.000000,0.000000,0.000000,0.000000,0
15,33200.000000,-4800.000000,0.000000,4.000000,4.000000,4.000000,0.000000,0.000000,0.000000,0
15,33600.000000,-4800.000000,0.000000,4.000000,4.000000,4.000000,0.000000,0.000000,0.000000,0
15,34000.000000,-4800.000000,0.000000,4.000000,4.000000,4.000000,0.000000,0.000000,0.000000,0
15,34400.000000,-4800.000000,0.000000,4.000000,4.000000,4.000000,0.000000,0.000000,0.000000,0
15,34800.000000,-4800.000000,0.000000,4.000000,4.000000,4.000000,0.000000,0.000000,0.000000,0
15,35200.000000,-4800.000000,0.000000,4.000000,4.000000,4.000000,0.000000,0.000000,0.000000,0
15,35600.000000,-4800.000000,0.000000,4.000000,4.000000,4.000000,0.000000,0.000000,0.000000,0
15,36000.000000,-4800.000000,0.000000,4.000000,4.000000,4.000000,0.000000,0.000000,0.000000,0
15,36000.000000,-4400.000000,0.000000,4.000000,4.000000,4.000000,0.000000,0.000000,0.000000,0
15,35600.000000,-4400.000000,0.000000,4.000000,4.000000,4.000000,0.000000,0.000000,0.000000,0
15,35200.000000,-4400.000000,0.000000,4.000000,4.000000,4.000000,0.000000,0.000000,0.000000,0
15,34800.000000,-4400.000000,0.000000,4.000000,4.000000,4.000000,0.000000,0.000000,0.000000,0
15,34400.000000,-4400.000000,0.000000,4.000000,4.000000,4.000000,0.000000,0.000000,0.000000,0
15,34000.000000,-4400.000000,0.000000,4.000000,4.000000,4.000000,0.000000,0.000000,0.000000,0
15,33600.000000,-4400.000000,0.000000,4.000000,4.000000,4.000000,0.000000,0.000000,0.000000,0
0,36400.000000,-4000.000000,0.000000,4.000000,4.000000,4.000000,0.000000,0.000000,0.000000,0
0,36800.000000,-4000.000000,0.000000,4.000000,4.000000,4.000000,0.000000,0.000000,0.000000,0
0,37200.000000,-4000.000000,0.000000,4.000000,4.000000,4.000000,0.000000,0.000000,0.000000,0
0,37600.000000,-4000.000000,0.000000,4.000000,4.000000,4.000000,0.000000,0.000000,0.000000,0
0,38000.000000,-4000.000000,0.000000,4.000000,4.000000,4.000000,0.000000,0.000000,0.000000,0
0,38400.000000,-4000.000000,0.000000,4.000000,4.000000,4.000000,0.000000,0.000000,0.000000,0
0,36400.000000,-5200.000000,0.000000,4.000000,4.000000,4.000000,0.000000,0.000000,0.000000,0
0,36400.000000,-5600.000000,0.000000,4.000000,4.000000,4.000000,0.000000,0.000000,0.000000,0
0,36400.000000,-6000.000000,0.000000,4.000000,4.000000,4.000000,0.000000,0.000000,0.000000,0
0,36400.000000,-6400.000000,0.000000,4.000000,4.000000,4.000000,0.000000,0.000000,0.000000,0
0,36400.000000,-6800.000000,0.000000,4.000000,4.000000,4.000000,0.000000,0.000000,0.000000,0
0,38800.000000,-4000.000000,0.000000,4.000000,4.000000,4.000000,0.000000,0.000000,0.000000,0
0,38800.000000,-4400.000000,0.000000,4.000000,4.000000,4.000000,0.000000,0.000000,0.000000,0
0,38800.000000,-4800.000000,0.000000,4.000000,4.000000,4.000000,0.000000,0.000000,0.000000,0
0,38800.000000,-5200.000000,0.000000,4.000000,4.000000,4.000000,0.000000,0.000000,0.000000,0
0,38800.000000,-5600.000000,0.000000,4.000000,4.000000,4.000000,0.000000,0.000000,0.000000,0
0,38800.000000,-6000.000000,0.000000,4.000000,4.000000,4.000000,0.000000,0.000000,0.000000,0
0,38800.000000,-6400.000000,0.000000,4.000000,4.000000,4.000000,0.000000,0.000000,0.000000,0
0,36400.000000,-7200.000000,0.000000,4.000000,4.000000,4.000000,0.000000,0.000000,0.000000,0
0,36400.000000,-7600.000000,0.000000,4.000000,4.000000,4.000000,0.000000,0.000000,0.000000,0
0,36400.000000,-8000.000000,0.000000,4.000000,4.000000,4.000000,0.000000,0.000000,0.000000,0
0,36400.000000,-8400.000000,0.000000,4.000000,4.000000,4.000000,0.000000,0.000000,0.000000,0
0,36400.000000,-8800.000000,0.000000,4.000000,4.000000,4.000000,0.000000,0.000000,0.000000,0
0,36400.000000,-9200.000000,0.000000,4.000000,4.000000,4.000000,0.000000,0.000000,0.000000,0
0,36800.000000,-9200.000000,0.000000,4.000000,4.000000,4.000000,0.000000,0.000000,0.000000,0
0,37200.000000,-9200.000000,0.000000,4.000000,4.000000,4.000000,0.000000,0.000000,0.000000,0
0,37600.000000,-9200.000000,0.000000,4.000000,4.000000,4.000000,0.000000,0.000000,0.000000,0
0,38000.000000,-9200.000000,0.000000,4.000000,4.000000,4.000000,0.000000,0.000000,0.000000,0
0,38400.000000,-9200.000000,0.000000,4.000000,4.000000,4.000000,0.000000,0.000000,0.000000,0
0,38800.000000,-9200.000000,0.000000,4.000000,4.000000,4.000000,0.000000,0.000000,0.000000,0
0,39200.000000,-9200.000000,0.000000,4.000000,4.000000,4.000000,0.000000,0.000000,0.000000,0
0,39600.000000,-9200.000000,0.000000,4.000000,4.000000,4.000000,0.000000,0.000000,0.000000,0
0,40000.000000,-9200.000000,0.000000,4.000000,4.000000,4.000000,0.000000,0.000000,0.000000,0
0,40400.000000,-9200.000000,0.000000,4.000000,4.000000,4.000000,0.000000,0.000000,0.000000,0
0,40800.000000,-9200.000000,0.000000,4.000000,4.000000,4.000000,0.000000,0.000000,0.000000,0
0,41200.000000,-9200.000000,0.000000,4.000000,4.000000,4.000000,0.000000,0.000000,0.000000,0
0,41600.000000,-9200.000000,0.000000,4.000000,4.000000,4.000000,0.000000,0.000000,0.000000,0
0,42000.000000,-9200.000000,0.000000,4.000000,4.000000,4.000000,0.000000,0.000000,0.000000,0
0,38800.000000,-6800.000000,0.000000,4.000000,4.000000,4.000000,0.000000,0.000000,0.000000,0
0,38800.000000,-7200.000000,0.000000,4.000000,4.000000,4.000000,0.000000,0.000000,0.000000,0
0,38800.000000,-7600.000000,0.000000,4.000000,4.000000,4.000000,0.000000,0.000000,0.000000,0
0,39200.000000,-7600.000000,0.000000,4.000000,4.000000,4.000000,0.000000,0.000000,0.000000,0
0,39600.000000,-7600.000000,0.000000,4.000000,4.000000,4.000000,0.000000,0.000000,0.000000,0
0,40000.000000,-7600.000000,0.000000,4.000000,4.000000,4.000000,0.000000,0.000000,0.000000,0
0,40400.000000,-7600.000000,0.000000,4.000000,4.000000,4.000000,0.000000,0.000000,0.000000,0
0,40800.000000,-7600.000000,0.000000,4.000000,4.000000,4.000000,0.000000,0.000000,0.000000,0
0,41200.000000,-7600.000000,0.000000,4.000000,4.000000,4.000000,0.000000,0.000000,0.000000,0
0,41600.000000,-7600.000000,0.000000,4.000000,4.000000,4.000000,0.000000,0.000000,0.000000,0
0,42000.000000,-7600.000000,0.000000,4.000000,4.000000,4.000000,0.000000,0.000000,0.000000,0
0,42800.000000,-9200.000000,0.000000,4.000000,4.000000,4.000000,0.000000,0.000000,0.000000,0
0,42400.000000,-9200.000000,0.000000,4.000000,4.000000,4.000000,0.000000,0.000000,0.000000,0
0,42400.000000,-7600.000000,0.000000,4.000000,4.000000,4.000000,0.000000,0.000000,0.000000,0
0,42800.000000,-7600.000000,0.000000,4.000000,4.000000,4.000000,0.000000,0.000000,0.000000,0
0,43200.000000,-7600.000000,0.000000,4.000000,4.000000,4.000000,0.000000,0.000000,0.000000,0
0,43600.000000,-7600.000000,0.000000,4.000000,4.000000,4.000000,0.000000,0.000000,0.000000,0
0,43200.000000,-9200.000000,0.000000,4.000000,4.000000,4.000000,0.000000,0.000000,0.000000,0
0,43600.000000,-9200.000000,0.000000,4.000000,4.000000,4.000000,0.000000,0.000000,0.000000,0
0,44000.000000,-9200.000000,0.000000,4.000000,4.000000,4.000000,0.000000,0.000000,0.000000,0
0,44400.000000,-9200.000000,0.000000,4.000000,4.000000,4.000000,0.000000,0.000000,0.000000,0
0,44800.000000,-9200.000000,0.000000,4.000000,4.000000,4.000000,0.000000,0.000000,0.000000,0
0,45200.000000,-9200.000000,0.000000,4.000000,4.000000,4.000000,0.000000,0.000000,0.000000,0
0,45600.000000,-9200.000000,0.000000,4.000000,4.000000,4.000000,0.000000,0.000000,0.000000,0
0,46000.000000,-9200.000000,0.000000,4.000000,4.000000,4.000000,0.000000,0.000000,0.000000,0
0,46400.000000,-9200.000000,0.000000,4.000000,4.000000,4.000000,0.000000,0.000000,0.000000,0
0,46800.000000,-9200.000000,0.000000,4.000000,4.000000,4.000000,0.000000,0.000000,0.000000,0
0,47200.000000,-9200.000000,0.000000,4.000000,4.000000,4.000000,0.000000,0.000000,0.000000,0
0,47600.000000,-9200.000000,0.000000,4.000000,4.000000,4.000000,0.000000,0.000000,0.000000,0
0,48000.000000,-9200.000000,0.000000,4.000000,4.000000,4.000000,0.000000,0.000000,0.000000,0
0,43600.000000,-7200.000000,0.000000,4.000000,4.000000,4.000000,0.000000,0.000000,0.000000,0
0,43600.000000,-6800.000000,0.000000,4.000000,4.000000,4.000000,0.000000,0.000000,0.000000,0
0,43600.000000,-6400.000000,0.000000,4.000000,4.000000,4.000000,0.000000,0.000000,0.000000,0
0,43600.000000,-6000.000000,0.000000,4.000000,4.000000,4.000000,0.000000,0.000000,0.000000,0
0,43600.000000,-5600.000000,0.000000,4.000000,4.000000,4.000000,0.000000,0.000000,0.000000,0
0,43600.000000,-5200.000000,0.000000,4.000000,4.000000,4.000000,0.000000,0.000000,0.000000,0
0,43600.000000,-4800.000000,0.000000,4.000000,4.000000,4.000000,0.000000,0.000000,0.000000,0
0,43600.000000,-4400.000000,0.000000,4.000000,4.000000,4.000000,0.000000,0.000000,0.000000,0
0,43600.000000,-4000.000000,0.000000,4.000000,4.000000,4.000000,0.000000,0.000000,0.000000,0
0,43600.000000,-3600.000000,0.000000,4.000000,4.000000,4.000000,0.000000,0.000000,0.000000,0
0,43600.000000,-3200.000000,0.000000,4.000000,4.000000,4.000000,0.000000,0.000000,0.000000,0
0,43600.000000,-2800.000000,0.000000,4.000000,4.000000,4.000000,0.000000,0.000000,0.000000,0
0,43600.000000,-2400.000000,0.000000,4.000000,4.000000,4.000000,0.000000,0.000000,0.000000,0
16,46000.000000,-5600.000000,0.000000,44.000000,44.000000,4.000000,0.000000,0.000000,0.000000,0,0
16,46000.000000,-1200.000000,0.000000,44.000000,44.000000,4.000000,0.000000,0.000000,0.000000,0,0
0,48400.000000,-9200.000000,0.000000,4.000000,4.000000,4.000000,0.000000,0.000000,0.000000,0
0,48400.000000,-8800.000000,0.000000,4.000000,4.000000,4.000000,0.000000,0.000000,0.000000,0
0,48400.000000,-8400.000000,0.000000,4.000000,4.000000,4.000000,0.000000,0.000000,0.000000,0
0,48400.000000,-8000.000000,0.000000,4.000000,4.000000,4.000000,0.000000,0.000000,0.000000,0
0,48400.000000,-7600.000000,0.000000,4.000000,4.000000,4.000000,0.000000,0.000000,0.000000,0
0,48400.000000,-7200.000000,0.000000,4.000000,4.000000,4.000000,0.000000,0.000000,0.000000,0
0,48400.000000,-6800.000000,0.000000,4.000000,4.000000,4.000000,0.000000,0.000000,0.000000,0
0,48400.000000,-6400.000000,0.000000,4.000000,4.000000,4.000000,0.000000,0.000000,0.000000,0
0,48400.000000,-6000.000000,0.000000,4.000000,4.000000,4.000000,0.000000,0.000000,0.000000,0
0,48400.000000,-5600.000000,0.000000,4.000000,4.000000,4.000000,0.000000,0.000000,0.000000,0
0,48400.000000,-5200.000000,0.000000,4.000000,4.000000,4.000000,0.000000,0.000000,0.000000,0
0,48400.000000,-4800.000000,0.000000,4.000000,4.000000,4.000000,0.000000,0.000000,0.000000,0
0,48400.000000,-4400.000000,0.000000,4.000000,4.000000,4.000000,0.000000,0.000000,0.000000,0
0,48400.000000,-4000.000000,0.000000,4.000000,4.000000,4.000000,0.000000,0.000000,0.000000,0
0,48400.000000,-3600.000000,0.000000,4.000000,4.000000,4.000000,0.000000,0.000000,0.000000,0
0,48400.000000,-3200.000000,0.000000,4.000000,4.000000,4.000000,0.000000,0.000000,0.000000,0
0,48400.000000,-2800.000000,0.000000,4.000000,4.000000,4.000000,0.000000,0.000000,0.000000,0
0,48400.000000,-2400.000000,0.000000,4.000000,4.000000,4.000000,0.000000,0.000000,0.000000,0
0,48400.000000,-2000.000000,0.000000,4.000000,4.000000,4.000000,0.000000,0.000000,0.000000,0
0,48400.000000,-1600.000000,0.000000,4.000000,4.000000,4.000000,0.000000,0.000000,0.000000,0
0,48400.000000,-1200.000000,0.000000,4.000000,4.000000,4.000000,0.000000,0.000000,0.000000,0
0,48400.000000,-800.000000,0.000000,4.000000,4.000000,4.000000,0.000000,0.000000,0.000000,0
0,48400.000000,-400.000000,0.000000,4.000000,4.000000,4.000000,0.000000,0.000000,0.000000,0
0,48400.000000,0.000000,0.000000,4.000000,4.000000,4.000000,0.000000,0.000000,0.000000,0
0,48400.000000,400.000000,0.000000,4.000000,4.000000,4.000000,0.000000,0.000000,0.000000,0
0,48400.000000,800.000000,0.000000,4.000000,4.000000,4.000000,0.000000,0.000000,0.000000,0
0,48400.000000,1200.000000,0.000000,4.000000,4.000000,4.000000,0.000000,0.000000,0.000000,0
0,43600.000000,-2000.000000,0.000000,4.000000,4.000000,4.000000,0.000000,0.000000,0.000000,0
0,43600.000000,-1600.000000,0.000000,4.000000,4.000000,4.000000,0.000000,0.000000,0.000000,0
0,43600.000000,-1200.000000,0.000000,4.000000,4.000000,4.000000,0.000000,0.000000,0.000000,0
0,43600.000000,-800.000000,0.000000,4.000000,4.000000,4.000000,0.000000,0.000000,0.000000,0
0,43600.000000,-400.000000,0.000000,4.000000,4.000000,4.000000,0.000000,0.000000,0.000000,0
0,43600.000000,0.000000,0.000000,4.000000,4.000000,4.000000,0.000000,0.000000,0.000000,0
0,43600.000000,400.000000,0.000000,4.000000,4.000000,4.000000,0.000000,0.000000,0.000000,0
0,43600.000000,800.000000,0.000000,4.000000,4.000000,4.000000,0.000000,0.000000,0.000000,0
0,43600.000000,1200.000000,0.000000,4.000000,4.000000,4.000000,0.000000,0.000000,0.000000,0
0,43600.000000,1600.000000,0.000000,4.000000,4.000000,4.000000,0.000000,0.000000,0.000000,0
0,43600.000000,2000.000000,0.000000,4.000000,4.000000,4.000000,0.000000,0.000000,0.000000,0
0,43600.000000,2400.000000,0.000000,4.000000,4.000000,4.000000,0.000000,0.000000,0.000000,0
0,48400.000000,1600.000000,0.000000,4.000000,4.000000,4.000000,0.000000,0.000000,0.000000,0
0,48400.000000,2000.000000,0.000000,4.000000,4.000000,4.000000,0.000000,0.000000,0.000000,0
0,48400.000000,2400.000000,0.000000,4.000000,4.000000,4.000000,0.000000,0.000000,0.000000,0
0,48400.000000,2800.000000,0.000000,4.000000,4.000000,4.000000,0.000000,0.000000,0.000000,0
0,48400.000000,3200.000000,0.000000,4.000000,4.000000,4.000000,0.000000,0.000000,0.000000,0
0,48400.000000,3600.000000,0.000000,4.000000,4.000000,4.000000,0.000000,0.000000,0.000000,0
0,48400.000000,4000.000000,0.000000,4.000000,4.000000,4.000000,0.000000,0.000000,0.000000,0
0,48000.000000,4000.000000,0.000000,4.000000,4.000000,4.000000,0.000000,0.000000,0.000000,0
0,47600.000000,4000.000000,0.000000,4.000000,4.000000,4.000000,0.000000,0.000000,0.000000,0
0,47200.000000,4000.000000,0.000000,4.000000,4.000000,4.000000,0.000000,0.000000,0.000000,0
0,46800.000000,4000.000000,0.000000,4.000000,4.000000,4.000000,0.000000,0.000000,0.000000,0
0,46400.000000,4000.000000,0.000000,4.000000,4.000000,4.000000,0.000000,0.000000,0.000000,0
0,46000.000000,4000.000000,0.000000,4.000000,4.000000,4.000000,0.000000,0.000000,0.000000,0
0,45600.000000,4000.000000,0.000000,4.000000,4.000000,4.000000,0.000000,0.000000,0.000000,0
0,45200.000000,4000.000000,0.000000,4.000000,4.000000,4.000000,0.000000,0.000000,0.000000,0
0,44800.000000,4000.000000,0.000000,4.000000,4.000000,4.000000,0.000000,0.000000,0.000000,0
0,44400.000000,4000.000000,0.000000,4.000000,4.000000,4.000000,0.000000,0.000000,0.000000,0
0,44000.000000,4000.000000,0.000000,4.000000,4.000000,4.000000,0.000000,0.000000,0.000000,0
0,43600.000000,4000.000000,0.000000,4.000000,4.000000,4.000000,0.000000,0.000000,0.000000,0
0,43200.000000,4000.000000,0.000000,4.000000,4.000000,4.000000,0.000000,0.000000,0.000000,0
0,42800.000000,4000.000000,0.000000,4.000000,4.000000,4.000000,0.000000,0.000000,0.000000,0
0,42400.000000,4000.000000,0.000000,4.000000,4.000000,4.000000,0.000000,0.000000,0.000000,0
0,42000.000000,4000.000000,0.000000,4.000000,4.000000,4.000000,0.000000,0.000000,0.000000,0
0,41600.000000,4000.000000,0.000000,4.000000,4.000000,4.000000,0.000000,0.000000,0.000000,0
0,41200.000000,4000.000000,0.000000,4.000000,4.000000,4.000000,0.000000,0.000000,0.000000,0
0,40800.000000,4000.000000,0.000000,4.000000,4.000000,4.000000,0.000000,0.000000,0.000000,0
0,43200.000000,2400.000000,0.000000,4.000000,4.000000,4.000000,0.000000,0.000000,0.000000,0
0,42800.000000,2400.000000,0.000000,4.000000,4.000000,4.000000,0.000000,0.000000,0.000000,0
0,42400.000000,2400.000000,0.000000,4.000000,4.000000,4.000000,0.000000,0.000000,0.000000,0
0,42000.000000,2400.000000,0.000000,4.000000,4.000000,4.000000,0.000000,0.000000,0.000000,0
0,41600.000000,2400.000000,0.000000,4.000000,4.000000,4.000000,0.000000,0.000000,0.000000,0
0,41200.000000,2400.000000,0.000000,4.000000,4.000000,4.000000,0.000000,0.000000,0.000000,0
0,40800.000000,2400.000000,0.000000,4.000000,4.000000,4.000000,0.000000,0.000000,0.000000,0
0,40400.000000,2400.000000,0.000000,4.000000,4.000000,4.000000,0.000000,0.000000,0.000000,0
0,40000.000000,2400.000000,0.000000,4.000000,4.000000,4.000000,0.000000,0.000000,0.000000,0
0,39600.000000,2400.000000,0.000000,4.000000,4.000000,4.000000,0.000000,0.000000,0.000000,0
0,40400.000000,4000.000000,0.000000,4.000000,4.000000,4.000000,0.000000,0.000000,0.000000,0
0,40000.000000,4000.000000,0.000000,4.000000,4.000000,4.000000,0.000000,0.000000,0.000000,0
0,39600.000000,4000.000000,0.000000,4.000000,4.000000,4.000000,0.000000,0.000000,0.000000,0
0,39200.000000,4000.000000,0.000000,4.000000,4.000000,4.000000,0.000000,0.000000,0.000000,0
0,38800.000000,4000.000000,0.000000,4.000000,4.000000,4.000000,0.000000,0.000000,0.000000,0
0,38800.000000,3600.000000,0.000000,4.000000,4.000000,4.000000,0.000000,0.000000,0.000000,0
0,38800.000000,3200.000000,0.000000,4.000000,4.000000,4.000000,0.000000,0.000000,0.000000,0
0,38800.000000,2800.000000,0.000000,4.000000,4.000000,4.000000,0.000000,0.000000,0.000000,0
0,38800.000000,2400.000000,0.000000,4.000000,4.000000,4.000000,0.000000,0.000000,0.000000,0
0,39200.000000,2400.000000,0.000000,4.000000,4.000000,4.000000,0.000000,0.000000,0.000000,0
0,44000.000000,-2000.000000,0.000000,4.000000,4.000000,4.000000,0.000000,0.000000,0.000000,0
0,44400.000000,-2000.000000,0.000000,4.000000,4.000000,4.000000,0.000000,0.000000,0.000000,0
0,44800.000000,-2000.000000,0.000000,4.000000,4.000000,4.000000,0.000000,0.000000,0.000000,0
0,45200.000000,-2000.000000,0.000000,4.000000,4.000000,4.000000,0.000000,0.000000,0.000000,0
0,45600.000000,-2000.000000,0.000000,4.000000,4.000000,4.000000,0.000000,0.000000,0.000000,0
0,46000.000000,-2000.000000,0.000000,4.000000,4.000000,4.000000,0.000000,0.000000,0.000000,0
0,46400.000000,-2000.000000,0.000000,4.000000,4.000000,4.000000,0.000000,0.000000,0.000000,0
0,46800.000000,-2000.000000,0.000000,4.000000,4.000000,4.000000,0.000000,0.000000,0.000000,0
0,47200.000000,-2000.000000,0.000000,4.000000,4.000000,4.000000,0.000000,0.000000,0.000000,0
0,48000.000000,800.000000,0.000000,4.000000,4.000000,4.000000,0.000000,0.000000,0.000000,0
0,47600.000000,800.000000,0.000000,4.000000,4.000000,4.000000,0.000000,0.000000,0.000000,0
0,47200.000000,800.000000,0.000000,4.000000,4.000000,4.000000,0.000000,0.000000,0.000000,0
0,46800.000000,800.000000,0.000000,4.000000,4.000000,4.000000,0.000000,0.000000,0.000000,0
0,46400.000000,800.000000,0.000000,4.000000,4.000000,4.000000,0.000000,0.000000,0.000000,0
0,46000.000000,800.000000,0.000000,4.000000,4.000000,4.000000,0.000000,0.000000,0.000000,0
0,45600.000000,800.000000,0.000000,4.000000,4.000000,4.000000,0.000000,0.000000,0.000000,0
0,45200.000000,800.000000,0.000000,4.000000,4.000000,4.000000,0.000000,0.000000,0.000000,0
7,47200.000000,-2400.000000,0.000000,4.000000,4.000000,4.000000,0.000000,0.000000,3.141593,0
7,46800.000000,-2400.000000,0.000000,4.000000,4.000000,4.000000,0.000000,0.000000,3.141593,0
7,46400.000000,-2400.000000,0.000000,4.000000,4.000000,4.000000,0.000000,0.000000,3.141593,0
7,46000.000000,-2400.000000,0.000000,4.000000,4.000000,4.000000,0.000000,0.000000,3.141593,0
7,45600.000000,-2400.000000,0.000000,4.000000,4.000000,4.000000,0.000000,0.000000,3.141593,0
7,45200.000000,-2400.000000,0.000000,4.000000,4.000000,4.000000,0.000000,0.000000,3.141593,0
7,44800.000000,-2400.000000,0.000000,4.000000,4.000000,4.000000,0.000000,0.000000,3.141593,0
7,44400.000000,-2400.000000,0.000000,4.000000,4.000000,4.000000,0.000000,0.000000,3.141593,0
7,44000.000000,-2400.000000,0.000000,4.000000,4.000000,4.000000,0.000000,0.000000,3.141593,0
7,45200.000000,400.000000,0.000000,4.000000,4.000000,4.000000,0.000000,0.000000,3.141593,0
7,45600.000000,400.000000,0.000000,4.000000,4.000000,4.000000,0.000000,0.000000,3.141593,0
7,46000.000000,400.000000,0.000000,4.000000,4.000000,4.000000,0.000000,0.000000,3.141593,0
7,46400.000000,400.000000,0.000000,4.000000,4.000000,4.000000,0.000000,0.000000,3.141593,0
7,46800.000000,400.000000,0.000000,4.000000,4.000000,4.000000,0.000000,0.000000,3.141593,0
7,47200.000000,400.000000,0.000000,4.000000,4.000000,4.000000,0.000000,0.000000,3.141593,0
7,47600.000000,400.000000,0.000000,4.000000,4.000000,4.000000,0.000000,0.000000,3.141593,0
7,48000.000000,400.000000,0.000000,4.000000,4.000000,4.000000,0.000000,0.000000,3.141593,0
3,40000.000000,-8800.000000,400.000000,4.000000,4.000000,4.000000,0.000000,0.000000,0.000000,0
5,40000.000000,2800.000000,400.000000,8.000000,8.000000,8.000000,0.000000,0.000000,0.000000,0
35,45600.000000,-7200.000000,0.000000,34.000000,34.000000,4.000000,0.000000,0.000000,0.000000,0,0,0,1500,-1000
4,5200.000000,-3600.000000,0.000000,3.000000,3.000000,3.000000,0.000000,0.000000,0.000000,0
4,5600.000000,-3600.000000,0.000000,3.000000,3.000000,3.000000,0.000000,0.000000,0.000000,0
4,6000.000000,-3600.000000,0.000000,3.000000,3.000000,3.000000,0.000000,0.000000,0.000000,0
4,6400.000000,-3600.000000,0.000000,3.000000,3.000000,3.000000,0.000000,0.000000,0.000000,0
4,6800.000000,-3600.000000,0.000000,3.000000,3.000000,3.000000,0.000000,0.000000,0.000000,0
4,7200.000000,-3600.000000,0.000000,3.000000,3.000000,3.000000,0.000000,0.000000,0.000000,0
4,7600.000000,-3600.000000,0.000000,3.000000,3.000000,3.000000,0.000000,0.000000,0.000000,0
4,8000.000000,-3600.000000,0.000000,3.000000,3.000000,3.000000,0.000000,0.000000,0.000000,0
4,8400.000000,-3600.000000,0.000000,3.000000,3.000000,3.000000,0.000000,0.000000,0.000000,0
4,8800.000000,-3600.000000,0.000000,3.000000,3.000000,3.000000,0.000000,0.000000,0.000000,0
4,9200.000000,-3600.000000,0.000000,3.000000,3.000000,3.000000,0.000000,0.000000,0.000000,0
4,9600.000000,-3600.000000,0.000000,3.000000,3.000000,3.000000,0.000000,0.000000,0.000000,0
4,10000.000000,-3600.000000,0.000000,3.000000,3.000000,3.000000,0.000000,0.000000,0.000000,0
4,10400.000000,-3600.000000,0.000000,3.000000,3.000000,3.000000,0.000000,0.000000,0.000000,0
4,10800.000000,-3600.000000,0.000000,3.000000,3.000000,3.000000,0.000000,0.000000,0.000000,0
4,11200.000000,-3600.000000,0.000000,3.000000,3.000000,3.000000,0.000000,0.000000,0.000000,0
4,13600.000000,-3600.000000,0.000000,3.000000,3.000000,3.000000,0.000000,0.000000,0.000000,0
4,14000.000000,-3600.000000,0.000000,3.000000,3.000000,3.000000,0.000000,0.000000,0.000000,0
4,14400.000000,-3600.000000,0.000000,3.000000,3.000000,3.000000,0.000000,0.000000,0.000000,0
4,14800.000000,-3600.000000,0.000000,3.000000,3.000000,3.000000,0.000000,0.000000,0.000000,0
4,15200.000000,-3600.000000,0.000000,3.000000,3.000000,3.000000,0.000000,0.000000,0.000000,0
4,15600.000000,-3600.000000,0.000000,3.000000,3.000000,3.000000,0.000000,0.000000,0.000000,0
4,16000.000000,-3600.000000,0.000000,3.000000,3.000000,3.000000,0.000000,0.000000,0.000000,0
4,16400.000000,-3600.000000,0.000000,3.000000,3.000000,3.000000,0.000000,0.000000,0.000000,0
4,16800.000000,-3600.000000,0.000000,3.000000,3.000000,3.000000,0.000000,0.000000,0.000000,0
4,17200.000000,-3600.000000,0.000000,3.000000,3.000000,3.000000,0.000000,0.000000,0.000000,0
4,17600.000000,-3600.000000,0.000000,3.000000,3.000000,3.000000,0.000000,0.000000,0.000000,0
4,18000.000000,-3600.000000,0.000000,3.000000,3.000000,3.000000,0.000000,0.000000,0.000000,0
4,18400.000000,-3600.000000,0.000000,3.000000,3.000000,3.000000,0.000000,0.000000,0.000000,0
4,18800.000000,-3600.000000,0.000000,3.000000,3.000000,3.000000,0.000000,0.000000,0.000000,0
4,19200.000000,-3600.000000,0.000000,3.000000,3.000000,3.000000,0.000000,0.000000,0.000000,0
4,19600.000000,-3600.000000,0.000000,3.000000,3.000000,3.000000,0.000000,0.000000,0.000000,0
4,20000.000000,-3600.000000,0.000000,3.000000,3.000000,3.000000,0.000000,0.000000,0.000000,0
4,20400.000000,-3600.000000,0.000000,3.000000,3.000000,3.000000,0.000000,0.000000,0.000000,0
24,3200.000000,-4400.000000,-400.000000,4.000000,4.000000,4.000000,0.000000,0.000000,0.000000,0
24,3200.000000,-1600.000000,-400.000000,4.000000,4.000000,4.000000,0.000000,0.000000,0.000000,0
24,11600.000000,-2400.000000,-400.000000,4.000000,4.000000,4.000000,0.000000,0.000000,0.000000,0
24,11600.000000,-5200.000000,-400.000000,4.000000,4.000000,4.000000,0.000000,0.000000,0.000000,0
24,26400.000000,-5200.000000,-400.000000,4.000000,4.000000,4.000000,0.000000,0.000000,0.000000,0
24,26400.000000,-4000.000000,-400.000000,4.000000,4.000000,4.000000,0.000000,0.000000,0.000000,0
24,40000.000000,-7600.000000,-400.000000,4.000000,4.000000,4.000000,0.000000,0.000000,0.000000,0
24,40000.000000,-9200.000000,-400.000000,4.000000,4.000000,4.000000,0.000000,0.000000,0.000000,0
24,43600.000000,-6000.000000,-400.000000,4.000000,4.000000,4.000000,0.000000,0.000000,1.570796,0
24,48400.000000,-6000.000000,-400.000000,4.000000,4.000000,4.000000,0.000000,0.000000,1.570796,0
24,48400.000000,-1600.000000,-400.000000,4.000000,4.000000,4.000000,0.000000,0.000000,1.570796,0
24,43600.000000,-1600.000000,-400.000000,4.000000,4.000000,4.000000,0.000000,0.000000,1.570796,0
7,4400.000000,-4400.000000,400.000000,4.000000,4.000000,4.000000,0.000000,0.000000,-1.570796,0
0,4000.000000,-4400.000000,400.000000,4.000000,4.000000,4.000000,0.000000,0.000000,-1.570796,0
0,3600.000000,-4400.000000,400.000000,4.000000,4.000000,4.000000,0.000000,0.000000,-1.570796,0
0,3200.000000,-4400.000000,400.000000,4.000000,4.000000,4.000000,0.000000,0.000000,-1.570796,0
0,2800.000000,-4400.000000,400.000000,4.000000,4.000000,4.000000,0.000000,0.000000,-1.570796,0
0,2400.000000,-4400.000000,400.000000,4.000000,4.000000,4.000000,0.000000,0.000000,-1.570796,0
0,2000.000000,-4400.000000,400.000000,4.000000,4.000000,4.000000,0.000000,0.000000,-1.570796,0
0,1600.000000,-4400.000000,400.000000,4.000000,4.000000,4.000000,0.000000,0.000000,-1.570796,0
0,1200.000000,-4400.000000,400.000000,4.000000,4.000000,4.000000,0.000000,0.000000,-1.570796,0
0,800.000000,-4400.000000,400.000000,4.000000,4.000000,4.000000,0.000000,0.000000,-1.570796,0
0,400.000000,-4400.000000,400.000000,4.000000,4.000000,4.000000,0.000000,0.000000,-1.570796,0
0,0.000000,-4400.000000,400.000000,4.000000,4.000000,4.000000,0.000000,0.000000,-1.570796,0
0,-400.000000,-4400.000000,400.000000,4.000000,4.000000,4.000000,0.000000,0.000000,-1.570796,0
0,-800.000000,-4400.000000,400.000000,4.000000,4.000000,4.000000,0.000000,0.000000,-1.570796,0
0,-800.000000,-4000.000000,400.000000,4.000000,4.000000,4.000000,0.000000,0.000000,-1.570796,0
0,-800.000000,-3600.000000,400.000000,4.000000,4.000000,4.000000,0.000000,0.000000,-1.570796,0
0,-800.000000,-3200.000000,400.000000,4.000000,4.000000,4.000000,0.000000,0.000000,-1.570796,0
0,-800.000000,-2800.000000,400.000000,4.000000,4.000000,4.000000,0.000000,0.000000,-1.570796,0
0,-800.000000,-2400.000000,400.000000,4.000000,4.000000,4.000000,0.000000,0.000000,-1.570796,0
0,-800.000000,-2000.000000,400.000000,4.000000,4.000000,4.000000,0.000000,0.000000,-1.570796,0
0,-800.000000,-1600.000000,400.000000,4.000000,4.000000,4.000000,0.000000,0.000000,-1.570796,0
0,-400.000000,-1600.000000,400.000000,4.000000,4.000000,4.000000,0.000000,0.000000,-1.570796,0
0,0.000000,-1600.000000,400.000000,4.000000,4.000000,4.000000,0.000000,0.000000,-1.570796,0
0,400.000000,-1600.000000,400.000000,4.000000,4.000000,4.000000,0.000000,0.000000,-1.570796,0
0,800.000000,-1600.000000,400.000000,4.000000,4.000000,4.000000,0.000000,0.000000,-1.570796,0
0,1200.000000,-1600.000000,400.000000,4.000000,4.000000,4.000000,0.000000,0.000000,-1.570796,0
0,1600.000000,-1600.000000,400.000000,4.000000,4.000000,4.000000,0.000000,0.000000,-1.570796,0
0,2000.000000,-1600.000000,400.000000,4.000000,4.000000,4.000000,0.000000,0.000000,-1.570796,0
0,2400.000000,-1600.000000,400.000000,4.000000,4.000000,4.000000,0.000000,0.000000,-1.570796,0
0,2800.000000,-1600.000000,400.000000,4.000000,4.000000,4.000000,0.000000,0.000000,-1.570796,0
0,3200.000000,-1600.000000,400.000000,4.000000,4.000000,4.000000,0.000000,0.000000,-1.570796,0
0,3600.000000,-1600.000000,400.000000,4.000000,4.000000,4.000000,0.000000,0.000000,-1.570796,0
0,4000.000000,-1600.000000,400.000000,4.000000,4.000000,4.000000,0.000000,0.000000,-1.570796,0
0,4000.000000,-2000.000000,400.000000,4.000000,4.000000,4.000000,0.000000,0.000000,-1.570796,0
0,4000.000000,-2400.000000,400.000000,4.000000,4.000000,4.000000,0.000000,0.000000,-1.570796,0
0,4400.000000,-2400.000000,400.000000,4.000000,4.000000,4.000000,0.000000,0.000000,-1.570796,0
0,4800.000000,-2400.000000,400.000000,4.000000,4.000000,4.000000,0.000000,0.000000,-1.570796,0
0,5200.000000,-2400.000000,400.000000,4.000000,4.000000,4.000000,0.000000,0.000000,-1.570796,0
0,5600.000000,-2400.000000,400.000000,4.000000,4.000000,4.000000,0.000000,0.000000,-1.570796,0
0,6000.000000,-2400.000000,400.000000,4.000000,4.000000,4.000000,0.000000,0.000000,-1.570796,0
0,6400.000000,-2400.000000,400.000000,4.000000,4.000000,4.000000,0.000000,0.000000,-1.570796,0
0,6800.000000,-2400.000000,400.000000,4.000000,4.000000,4.000000,0.000000,0.000000,-1.570796,0
0,7200.000000,-2400.000000,400.000000,4.000000,4.000000,4.000000,0.000000,0.000000,-1.570796,0
0,7600.000000,-2400.000000,400.000000,4.000000,4.000000,4.000000,0.000000,0.000000,-1.570796,0
0,8000.000000,-2400.000000,400.000000,4.000000,4.000000,4.000000,0.000000,0.000000,-1.570796,0
0,8400.000000,-2400.000000,400.000000,4.000000,4.000000,4.000000,0.000000,0.000000,-1.570796,0
0,8800.000000,-2400.000000,400.000000,4.000000,4.000000,4.000000,0.000000,0.000000,-1.570796,0
0,9200.000000,-2400.000000,400.000000,4.000000,4.000000,4.000000,0.000000,0.000000,-1.570796,0
0,9600.000000,-2400.000000,400.000000,4.000000,4.000000,4.000000,0.000000,0.000000,-1.570796,0
0,10000.000000,-2400.000000,400.000000,4.000000,4.000000,4.000000,0.000000,0.000000,-1.570796,0
0,10400.000000,-2400.000000,400.000000,4.000000,4.000000,4.000000,0.000000,0.000000,-1.570796,0
0,10800.000000,-2400.000000,400.000000,4.000000,4.000000,4.000000,0.000000,0.000000,-1.570796,0
0,11200.000000,-2400.000000,400.000000,4.000000,4.000000,4.000000,0.000000,0.000000,-1.570796,0
0,11600.000000,-2400.000000,400.000000,4.000000,4.000000,4.000000,0.000000,0.000000,-1.570796,0
0,12000.000000,-2400.000000,400.000000,4.000000,4.000000,4.000000,0.000000,0.000000,-1.570796,0
0,12400.000000,-2400.000000,400.000000,4.000000,4.000000,4.000000,0.000000,0.000000,-1.570796,0
0,12800.000000,-2400.000000,400.000000,4.000000,4.000000,4.000000,0.000000,0.000000,-1.570796,0
0,13200.000000,-2400.000000,400.000000,4.000000,4.000000,4.000000,0.000000,0.000000,-1.570796,0
0,13600.000000,-2400.000000,400.000000,4.000000,4.000000,4.000000,0.000000,0.000000,-1.570796,0
0,14000.000000,-2400.000000,400.000000,4.000000,4.000000,4.000000,0.000000,0.000000,-1.570796,0
0,14400.000000,-2400.000000,400.000000,4.000000,4.000000,4.000000,0.000000,0.000000,-1.570796,0
0,14800.000000,-2400.000000,400.000000,4.000000,4.000000,4.000000,0.000000,0.000000,-1.570796,0
0,15200.000000,-2400.000000,400.000000,4.000000,4.000000,4.000000,0.000000,0.000000,-1.570796,0
0,15600.000000,-2400.000000,400.000000,4.000000,4.000000,4.000000,0.000000,0.000000,-1.570796,0
0,16000.000000,-2400.000000,400.000000,4.000000,4.000000,4.000000,0.000000,0.000000,-1.570796,0
0,16400.000000,-2400.000000,400.000000,4.000000,4.000000,4.000000,0.000000,0.000000,-1.570796,0
0,16800.000000,-2400.000000,400.000000,4.000000,4.000000,4.000000,0.000000,0.000000,-1.570796,0
0,17200.000000,-2400.000000,400.000000,4.000000,4.000000,4.000000,0.000000,0.000000,-1.570796,0
0,17600.000000,-2400.000000,400.000000,4.000000,4.000000,4.000000,0.000000,0.000000,-1.570796,0
0,18000.000000,-2400.000000,400.000000,4.000000,4.000000,4.000000,0.000000,0.000000,-1.570796,0
0,18400.000000,-2400.000000,400.000000,4.000000,4.000000,4.000000,0.000000,0.000000,-1.570796,0
0,18800.000000,-2400.000000,400.000000,4.000000,4.000000,4.000000,0.000000,0.000000,-1.570796,0
0,19200.000000,-2400.000000,400.000000,4.000000,4.000000,4.000000,0.000000,0.000000,-1.570796,0
0,19600.000000,-2400.000000,400.000000,4.000000,4.000000,4.000000,0.000000,0.000000,-1.570796,0
0,20000.000000,-2400.000000,400.000000,4.000000,4.000000,4.000000,0.000000,0.000000,-1.570796,0
0,20400.000000,-2400.000000,400.000000,4.000000,4.000000,4.000000,0.000000,0.000000,-1.570796,0
0,20800.000000,-2400.000000,400.000000,4.000000,4.000000,4.000000,0.000000,0.000000,-1.570796,0
0,21200.000000,-2400.000000,400.000000,4.000000,4.000000,4.000000,0.000000,0.000000,-1.570796,0
0,21600.000000,-2400.000000,400.000000,4.000000,4.000000,4.000000,0.000000,0.000000,-1.570796,0
0,21600.000000,-2800.000000,400.000000,4.000000,4.000000,4.000000,0.000000,0.000000,-1.570796,0
0,22000.000000,-2800.000000,400.000000,4.000000,4.000000,4.000000,0.000000,0.000000,-1.570796,0
0,22400.000000,-2800.000000,400.000000,4.000000,4.000000,4.000000,0.000000,0.000000,-1.570796,0
0,22800.000000,-2800.000000,400.000000,4.000000,4.000000,4.000000,0.000000,0.000000,-1.570796,0
0,23200.000000,-2800.000000,400.000000,4.000000,4.000000,4.000000,0.000000,0.000000,-1.570796,0
0,23600.000000,-2800.000000,400.000000,4.000000,4.000000,4.000000,0.000000,0.000000,-1.570796,0
0,24000.000000,-2800.000000,400.000000,4.000000,4.000000,4.000000,0.000000,0.000000,-1.570796,0
0,24400.000000,-2800.000000,400.000000,4.000000,4.000000,4.000000,0.000000,0.000000,-1.570796,0
0,24800.000000,-2800.000000,400.000000,4.000000,4.000000,4.000000,0.000000,0.000000,-1.570796,0
0,25200.000000,-2800.000000,400.000000,4.000000,4.000000,4.000000,0.000000,0.000000,-1.570796,0
0,25600.000000,-2800.000000,400.000000,4.000000,4.000000,4.000000,0.000000,0.000000,-1.570796,0
0,26000.000000,-2800.000000,400.000000,4.000000,4.000000,4.000000,0.000000,0.000000,-1.570796,0
0,26000.000000,-3200.000000,400.000000,4.000000,4.000000,4.000000,0.000000,0.000000,-1.570796,0
0,26000.000000,-3600.000000,400.000000,4.000000,4.000000,4.000000,0.000000,0.000000,-1.570796,0
0,26000.000000,-4000.000000,400.000000,4.000000,4.000000,4.000000,0.000000,0.000000,-1.570796,0
0,26400.000000,-4000.000000,400.000000,4.000000,4.000000,4.000000,0.000000,0.000000,0.000000,0
0,26800.000000,-4000.000000,400.000000,4.000000,4.000000,4.000000,0.000000,0.000000,0.000000,0
0,27200.000000,-4000.000000,400.000000,4.000000,4.000000,4.000000,0.000000,0.000000,0.000000,0
0,27600.000000,-4000.000000,400.000000,4.000000,4.000000,4.000000,0.000000,0.000000,0.000000,0
0,28000.000000,-4000.000000,400.000000,4.000000,4.000000,4.000000,0.000000,0.000000,0.000000,0
0,28400.000000,-4000.000000,400.000000,4.000000,4.000000,4.000000,0.000000,0.000000,0.000000,0
0,28800.000000,-4000.000000,400.000000,4.000000,4.000000,4.000000,0.000000,0.000000,0.000000,0
0,29200.000000,-4000.000000,400.000000,4.000000,4.000000,4.000000,0.000000,0.000000,0.000000,0
0,29600.000000,-4000.000000,400.000000,4.000000,4.000000,4.000000,0.000000,0.000000,0.000000,0
0,30000.000000,-4000.000000,400.000000,4.000000,4.000000,4.000000,0.000000,0.000000,0.000000,0
0,30400.000000,-4000.000000,400.000000,4.000000,4.000000,4.000000,0.000000,0.000000,0.000000,0
0,30800.000000,-4000.000000,400.000000,4.000000,4.000000,4.000000,0.000000,0.000000,0.000000,0
0,31200.000000,-4000.000000,400.000000,4.000000,4.000000,4.000000,0.000000,0.000000,0.000000,0
0,31600.000000,-4000.000000,400.000000,4.000000,4.000000,4.000000,0.000000,0.000000,0.000000,0
0,32000.000000,-4000.000000,400.000000,4.000000,4.000000,4.000000,0.000000,0.000000,0.000000,0
0,32400.000000,-4000.000000,400.000000,4.000000,4.000000,4.000000,0.000000,0.000000,0.000000,0
0,32800.000000,-4000.000000,400.000000,4.000000,4.000000,4.000000,0.000000,0.000000,0.000000,0
0,33200.000000,-4000.000000,400.000000,4.000000,4.000000,4.000000,0.000000,0.000000,0.000000,0
0,33600.000000,-4000.000000,400.000000,4.000000,4.000000,4.000000,0.000000,0.000000,0.000000,0
0,34000.000000,-4000.000000,400.000000,4.000000,4.000000,4.000000,0.000000,0.000000,0.000000,0
0,34400.000000,-4000.000000,400.000000,4.000000,4.000000,4.000000,0.000000,0.000000,0.000000,0
0,34800.000000,-4000.000000,400.000000,4.000000,4.000000,4.000000,0.000000,0.000000,0.000000,0
0,35200.000000,-4000.000000,400.000000,4.000000,4.000000,4.000000,0.000000,0.000000,0.000000,0
0,35600.000000,-4000.000000,400.000000,4.000000,4.000000,4.000000,0.000000,0.000000,0.000000,0
0,36000.000000,-4000.000000,400.000000,4.000000,4.000000,4.000000,0.000000,0.000000,0.000000,0
0,36400.000000,-4000.000000,400.000000,4.000000,4.000000,4.000000,0.000000,0.000000,0.000000,0
0,36800.000000,-4000.000000,400.000000,4.000000,4.000000,4.000000,0.000000,0.000000,0.000000,0
0,37200.000000,-4000.000000,400.000000,4.000000,4.000000,4.000000,0.000000,0.000000,0.000000,0
0,37600.000000,-4000.000000,400.000000,4.000000,4.000000,4.000000,0.000000,0.000000,0.000000,0
0,38000.000000,-4000.000000,400.000000,4.000000,4.000000,4.000000,0.000000,0.000000,0.000000,0
0,38400.000000,-4000.000000,400.000000,4.000000,4.000000,4.000000,0.000000,0.000000,0.000000,0
0,38800.000000,-4000.000000,400.000000,4.000000,4.000000,4.000000,0.000000,0.000000,0.000000,0
0,38800.000000,-4400.000000,400.000000,4.000000,4.000000,4.000000,0.000000,0.000000,0.000000,0
0,38800.000000,-4800.000000,400.000000,4.000000,4.000000,4.000000,0.000000,0.000000,0.000000,0
0,38800.000000,-5200.000000,400.000000,4.000000,4.000000,4.000000,0.000000,0.000000,0.000000,0
0,38800.000000,-5600.000000,400.000000,4.000000,4.000000,4.000000,0.000000,0.000000,0.000000,0
0,38800.000000,-6000.000000,400.000000,4.000000,4.000000,4.000000,0.000000,0.000000,0.000000,0
0,38800.000000,-6400.000000,400.000000,4.000000,4.000000,4.000000,0.000000,0.000000,0.000000,0
0,38800.000000,-6800.000000,400.000000,4.000000,4.000000,4.000000,0.000000,0.000000,0.000000,0
0,38800.000000,-7200.000000,400.000000,4.000000,4.000000,4.000000,0.000000,0.000000,0.000000,0
0,38800.000000,-7600.000000,400.000000,4.000000,4.000000,4.000000,0.000000,0.000000,0.000000,0
0,39200.000000,-7600.000000,400.000000,4.000000,4.000000,4.000000,0.000000,0.000000,0.000000,0
0,39600.000000,-7600.000000,400.000000,4.000000,4.000000,4.000000,0.000000,0.000000,0.000000,0
0,40000.000000,-7600.000000,400.000000,4.000000,4.000000,4.000000,0.000000,0.000000,0.000000,0
0,40400.000000,-7600.000000,400.000000,4.000000,4.000000,4.000000,0.000000,0.000000,0.000000,0
0,40800.000000,-7600.000000,400.000000,4.000000,4.000000,4.000000,0.000000,0.000000,0.000000,0
0,41200.000000,-7600.000000,400.000000,4.000000,4.000000,4.000000,0.000000,0.000000,0.000000,0
0,41600.000000,-7600.000000,400.000000,4.000000,4.000000,4.000000,0.000000,0.000000,0.000000,0
0,42000.000000,-7600.000000,400.000000,4.000000,4.000000,4.000000,0.000000,0.000000,0.000000,0
0,42400.000000,-7600.000000,400.000000,4.000000,4.000000,4.000000,0.000000,0.000000,0.000000,0
0,42800.000000,-7600.000000,400.000000,4.000000,4.000000,4.000000,0.000000,0.000000,0.000000,0
0,43200.000000,-7600.000000,400.000000,4.000000,4.000000,4.000000,0.000000,0.000000,0.000000,0
0,43600.000000,-7600.000000,400.000000,4.000000,4.000000,4.000000,0.000000,0.000000,0.000000,0
0,43600.000000,-7200.000000,400.000000,4.000000,4.000000,4.000000,0.000000,0.000000,0.000000,0
0,43600.000000,-6800.000000,400.000000,4.000000,4.000000,4.000000,0.000000,0.000000,0.000000,0
0,43600.000000,-6400.000000,400.000000,4.000000,4.000000,4.000000,0.000000,0.000000,0.000000,0
0,43600.000000,-6000.000000,400.000000,4.000000,4.000000,4.000000,0.000000,0.000000,0.000000,0
0,43600.000000,-5600.000000,400.000000,4.000000,4.000000,4.000000,0.000000,0.000000,0.000000,0
0,43600.000000,-5200.000000,400.000000,4.000000,4.000000,4.000000,0.000000,0.000000,0.000000,0
0,43600.000000,-4800.000000,400.000000,4.000000,4.000000,4.000000,0.000000,0.000000,0.000000,0
0,43600.000000,-4400.000000,400.000000,4.000000,4.000000,4.000000,0.000000,0.000000,0.000000,0
0,43600.000000,-4000.000000,400.000000,4.000000,4.000000,4.000000,0.000000,0.000000,0.000000,0
0,43600.000000,-3600.000000,400.000000,4.000000,4.000000,4.000000,0.000000,0.000000,0.000000,0
0,43600.000000,-3200.000000,400.000000,4.000000,4.000000,4.000000,0.000000,0.000000,0.000000,0
0,43600.000000,-2800.000000,400.000000,4.000000,4.000000,4.000000,0.000000,0.000000,0.000000,0
0,43600.000000,-2400.000000,400.000000,4.000000,4.000000,4.000000,0.000000,0.000000,0.000000,0
0,43600.000000,-2000.000000,400.000000,4.000000,4.000000,4.000000,0.000000,0.000000,0.000000,0
0,43600.000000,-1600.000000,400.000000,4.000000,4.000000,4.000000,0.000000,0.000000,0.000000,0
0,43600.000000,-1200.000000,400.000000,4.000000,4.000000,4.000000,0.000000,0.000000,0.000000,0
0,43600.000000,-800.000000,400.000000,4.000000,4.000000,4.000000,0.000000,0.000000,0.000000,0
0,43600.000000,-400.000000,400.000000,4.000000,4.000000,4.000000,0.000000,0.000000,0.000000,0
0,43600.000000,0.000000,400.000000,4.000000,4.000000,4.000000,0.000000,0.000000,0.000000,0
0,43600.000000,400.000000,400.000000,4.000000,4.000000,4.000000,0.000000,0.000000,0.000000,0
0,43600.000000,800.000000,400.000000,4.000000,4.000000,4.000000,0.000000,0.000000,0.000000,0
0,43600.000000,1200.000000,400.000000,4.000000,4.000000,4.000000,0.000000,0.000000,0.000000,0
0,43600.000000,1600.000000,400.000000,4.000000,4.000000,4.000000,0.000000,0.000000,0.000000,0
0,43600.000000,2000.000000,400.000000,4.000000,4.000000,4.000000,0.000000,0.000000,0.000000,0
0,43600.000000,2400.000000,400.000000,4.000000,4.000000,4.000000,0.000000,0.000000,0.000000,0
0,43200.000000,2400.000000,400.000000,4.000000,4.000000,4.000000,0.000000,0.000000,0.000000,0
0,42800.000000,2400.000000,400.000000,4.000000,4.000000,4.000000,0.000000,0.000000,0.000000,0
0,42400.000000,2400.000000,400.000000,4.000000,4.000000,4.000000,0.000000,0.000000,0.000000,0
0,42000.000000,2400.000000,400.000000,4.000000,4.000000,4.000000,0.000000,0.000000,0.000000,0
0,41600.000000,2400.000000,400.000000,4.000000,4.000000,4.000000,0.000000,0.000000,0.000000,0
0,41200.000000,2400.000000,400.000000,4.000000,4.000000,4.000000,0.000000,0.000000,0.000000,0
0,40800.000000,2400.000000,400.000000,4.000000,4.000000,4.000000,0.000000,0.000000,0.000000,0
0,40400.000000,2400.000000,400.000000,4.000000,4.000000,4.000000,0.000000,0.000000,0.000000,0
0,40000.000000,2400.000000,400.000000,4.000000,4.000000,4.000000,0.000000,0.000000,0.000000,0
0,39600.000000,2400.000000,400.000000,4.000000,4.000000,4.000000,0.000000,0.000000,0.000000,0
0,39200.000000,2400.000000,400.000000,4.000000,4.000000,4.000000,0.000000,0.000000,0.000000,0
0,38800.000000,2400.000000,400.000000,4.000000,4.000000,4.000000,0.000000,0.000000,0.000000,0
0,38800.000000,2800.000000,400.000000,4.000000,4.000000,4.000000,0.000000,0.000000,0.000000,0
0,38800.000000,3200.000000,400.000000,4.000000,4.000000,4.000000,0.000000,0.000000,0.000000,0
0,38800.000000,3600.000000,400.000000,4.000000,4.000000,4.000000,0.000000,0.000000,0.000000,0
0,38800.000000,4000.000000,400.000000,4.000000,4.000000,4.000000,0.000000,0.000000,0.000000,0
0,39200.000000,4000.000000,400.000000,4.000000,4.000000,4.000000,0.000000,0.000000,0.000000,0
0,39600.000000,4000.000000,400.000000,4.000000,4.000000,4.000000,0.000000,0.000000,0.000000,0
0,40000.000000,4000.000000,400.000000,4.000000,4.000000,4.000000,0.000000,0.000000,0.000000,0
0,40400.000000,4000.000000,400.000000,4.000000,4.000000,4.000000,0.000000,0.000000,0.000000,0
0,40800.000000,4000.000000,400.000000,4.000000,4.000000,4.000000,0.000000,0.000000,0.000000,0
0,41200.000000,4000.000000,400.000000,4.000000,4.000000,4.000000,0.000000,0.000000,0.000000,0
0,41600.000000,4000.000000,400.000000,4.000000,4.000000,4.000000,0.000000,0.000000,0.000000,0
0,42000.000000,4000.000000,400.000000,4.000000,4.000000,4.000000,0.000000,0.000000,0.000000,0
0,42400.000000,4000.000000,400.000000,4.000000,4.000000,4.000000,0.000000,0.000000,0.000000,0
0,42800.000000,4000.000000,400.000000,4.000000,4.000000,4.000000,0.000000,0.000000,0.000000,0
0,43200.000000,4000.000000,400.000000,4.000000,4.000000,4.000000,0.000000,0.000000,0.000000,0
0,43600.000000,4000.000000,400.000000,4.000000,4.000000,4.000000,0.000000,0.000000,0.000000,0
0,44000.000000,4000.000000,400.000000,4.000000,4.000000,4.000000,0.000000,0.000000,0.000000,0
0,44400.000000,4000.000000,400.000000,4.000000,4.000000,4.000000,0.000000,0.000000,0.000000,0
0,44800.000000,4000.000000,400.000000,4.000000,4.000000,4.000000,0.000000,0.000000,0.000000,0
0,45200.000000,4000.000000,400.000000,4.000000,4.000000,4.000000,0.000000,0.000000,0.000000,0
0,45600.000000,4000.000000,400.000000,4.000000,4.000000,4.000000,0.000000,0.000000,0.000000,0
0,46000.000000,4000.000000,400.000000,4.000000,4.000000,4.000000,0.000000,0.000000,0.000000,0
0,46400.000000,4000.000000,400.000000,4.000000,4.000000,4.000000,0.000000,0.000000,0.000000,0
0,46800.000000,4000.000000,400.000000,4.000000,4.000000,4.000000,0.000000,0.000000,0.000000,0
0,47200.000000,4000.000000,400.000000,4.000000,4.000000,4.000000,0.000000,0.000000,0.000000,0
0,47600.000000,4000.000000,400.000000,4.000000,4.000000,4.000000,0.000000,0.000000,0.000000,0
0,48000.000000,4000.000000,400.000000,4.000000,4.000000,4.000000,0.000000,0.000000,0.000000,0
0,48400.000000,3600.000000,400.000000,4.000000,4.000000,4.000000,0.000000,0.000000,0.000000,0
0,48400.000000,3200.000000,400.000000,4.000000,4.000000,4.000000,0.000000,0.000000,0.000000,0
0,48400.000000,2800.000000,400.000000,4.000000,4.000000,4.000000,0.000000,0.000000,0.000000,0
0,48400.000000,2400.000000,400.000000,4.000000,4.000000,4.000000,0.000000,0.000000,0.000000,0
0,48400.000000,2000.000000,400.000000,4.000000,4.000000,4.000000,0.000000,0.000000,0.000000,0
0,48400.000000,4000.000000,400.000000,4.000000,4.000000,4.000000,0.000000,0.000000,0.000000,0
0,48400.000000,1600.000000,400.000000,4.000000,4.000000,4.000000,0.000000,0.000000,0.000000,0
0,48400.000000,1200.000000,400.000000,4.000000,4.000000,4.000000,0.000000,0.000000,0.000000,0
0,48400.000000,800.000000,400.000000,4.000000,4.000000,4.000000,0.000000,0.000000,0.000000,0
0,48000.000000,800.000000,400.000000,4.000000,4.000000,4.000000,0.000000,0.000000,0.000000,0
0,47600.000000,800.000000,400.000000,4.000000,4.000000,4.000000,0.000000,0.000000,0.000000,0
0,47200.000000,800.000000,400.000000,4.000000,4.000000,4.000000,0.000000,0.000000,0.000000,0
0,46800.000000,800.000000,400.000000,4.000000,4.000000,4.000000,0.000000,0.000000,0.000000,0
0,46400.000000,800.000000,400.000000,4.000000,4.000000,4.000000,0.000000,0.000000,0.000000,0
0,46000.000000,800.000000,400.000000,4.000000,4.000000,4.000000,0.000000,0.000000,0.000000,0
0,45600.000000,800.000000,400.000000,4.000000,4.000000,4.000000,0.000000,0.000000,0.000000,0
0,45200.000000,800.000000,400.000000,4.000000,4.000000,4.000000,0.000000,0.000000,0.000000,0
0,48400.000000,400.000000,400.000000,4.000000,4.000000,4.000000,0.000000,0.000000,0.000000,0
0,48400.000000,0.000000,400.000000,4.000000,4.000000,4.000000,0.000000,0.000000,0.000000,0
0,48400.000000,-400.000000,400.000000,4.000000,4.000000,4.000000,0.000000,0.000000,0.000000,0
0,48400.000000,-800.000000,400.000000,4.000000,4.000000,4.000000,0.000000,0.000000,0.000000,0
0,48400.000000,-1200.000000,400.000000,4.000000,4.000000,4.000000,0.000000,0.000000,0.000000,0
0,48400.000000,-1600.000000,400.000000,4.000000,4.000000,4.000000,0.000000,0.000000,0.000000,0
0,48400.000000,-2000.000000,400.000000,4.000000,4.000000,4.000000,0.000000,0.000000,0.000000,0
0,48400.000000,-2400.000000,400.000000,4.000000,4.000000,4.000000,0.000000,0.000000,0.000000,0
0,48400.000000,-2800.000000,400.000000,4.000000,4.000000,4.000000,0.000000,0.000000,0.000000,0
0,48400.000000,-3200.000000,400.000000,4.000000,4.000000,4.000000,0.000000,0.000000,0.000000,0
0,48400.000000,-3600.000000,400.000000,4.000000,4.000000,4.000000,0.000000,0.000000,0.000000,0
0,48400.000000,-4000.000000,400.000000,4.000000,4.000000,4.000000,0.000000,0.000000,0.000000,0
0,48400.000000,-4400.000000,400.000000,4.000000,4.000000,4.000000,0.000000,0.000000,0.000000,0
0,48400.000000,-4800.000000,400.000000,4.000000,4.000000,4.000000,0.000000,0.000000,0.000000,0
0,48400.000000,-5200.000000,400.000000,4.000000,4.000000,4.000000,0.000000,0.000000,0.000000,0
0,48400.000000,-5600.000000,400.000000,4.000000,4.000000,4.000000,0.000000,0.000000,0.000000,0
0,48400.000000,-6000.000000,400.000000,4.000000,4.000000,4.000000,0.000000,0.000000,0.000000,0
0,48400.000000,-6400.000000,400.000000,4.000000,4.000000,4.000000,0.000000,0.000000,0.000000,0
0,48400.000000,-6800.000000,400.000000,4.000000,4.000000,4.000000,0.000000,0.000000,0.000000,0
0,48400.000000,-7200.000000,400.000000,4.000000,4.000000,4.000000,0.000000,0.000000,0.000000,0
0,48400.000000,-7600.000000,400.000000,4.000000,4.000000,4.000000,0.000000,0.000000,0.000000,0
0,48400.000000,-8000.000000,400.000000,4.000000,4.000000,4.000000,0.000000,0.000000,0.000000,0
0,48400.000000,-8400.000000,400.000000,4.000000,4.000000,4.000000,0.000000,0.000000,0.000000,0
0,48400.000000,-8800.000000,400.000000,4.000000,4.000000,4.000000,0.000000,0.000000,0.000000,0
0,48400.000000,-9200.000000,400.000000,4.000000,4.000000,4.000000,0.000000,0.000000,0.000000,0
0,48000.000000,-9200.000000,400.000000,4.000000,4.000000,4.000000,0.000000,0.000000,0.000000,0
0,47600.000000,-9200.000000,400.000000,4.000000,4.000000,4.000000,0.000000,0.000000,0.000000,0
0,47200.000000,-9200.000000,400.000000,4.000000,4.000000,4.000000,0.000000,0.000000,0.000000,0
0,46800.000000,-9200.000000,400.000000,4.000000,4.000000,4.000000,0.000000,0.000000,0.000000,0
0,46400.000000,-9200.000000,400.000000,4.000000,4.000000,4.000000,0.000000,0.000000,0.000000,0
0,46000.000000,-9200.000000,400.000000,4.000000,4.000000,4.000000,0.000000,0.000000,0.000000,0
0,45600.000000,-9200.000000,400.000000,4.000000,4.000000,4.000000,0.000000,0.000000,0.000000,0
0,45200.000000,-9200.000000,400.000000,4.000000,4.000000,4.000000,0.000000,0.000000,0.000000,0
0,44800.000000,-9200.000000,400.000000,4.000000,4.000000,4.000000,0.000000,0.000000,0.000000,0
0,44400.000000,-9200.000000,400.000000,4.000000,4.000000,4.000000,0.000000,0.000000,0.000000,0
0,44000.000000,-9200.000000,400.000000,4.000000,4.000000,4.000000,0.000000,0.000000,0.000000,0
0,43600.000000,-9200.000000,400.000000,4.000000,4.000000,4.000000,0.000000,0.000000,0.000000,0
0,43200.000000,-9200.000000,400.000000,4.000000,4.000000,4.000000,0.000000,0.000000,0.000000,0
0,42800.000000,-9200.000000,400.000000,4.000000,4.000000,4.000000,0.000000,0.000000,0.000000,0
0,42400.000000,-9200.000000,400.000000,4.000000,4.000000,4.000000,0.000000,0.000000,0.000000,0
0,42000.000000,-9200.000000,400.000000,4.000000,4.000000,4.000000,0.000000,0.000000,0.000000,0
0,41600.000000,-9200.000000,400.000000,4.000000,4.000000,4.000000,0.000000,0.000000,0.000000,0
0,41200.000000,-9200.000000,400.000000,4.000000,4.000000,4.000000,0.000000,0.000000,0.000000,0
0,40800.000000,-9200.000000,400.000000,4.000000,4.000000,4.000000,0.000000,0.000000,0.000000,0
0,40400.000000,-9200.000000,400.000000,4.000000,4.000000,4.000000,0.000000,0.000000,0.000000,0
0,40000.000000,-9200.000000,400.000000,4.000000,4.000000,4.000000,0.000000,0.000000,0.000000,0
0,39600.000000,-9200.000000,400.000000,4.000000,4.000000,4.000000,0.000000,0.000000,0.000000,0
0,39200.000000,-9200.000000,400.000000,4.000000,4.000000,4.000000,0.000000,0.000000,0.000000,0
0,38800.000000,-9200.000000,400.000000,4.000000,4.000000,4.000000,0.000000,0.000000,0.000000,0
0,38400.000000,-9200.000000,400.000000,4.000000,4.000000,4.000000,0.000000,0.000000,0.000000,0
0,38000.000000,-9200.000000,400.000000,4.000000,4.000000,4.000000,0.000000,0.000000,0.000000,0
0,37600.000000,-9200.000000,400.000000,4.000000,4.000000,4.000000,0.000000,0.000000,0.000000,0
0,37200.000000,-9200.000000,400.000000,4.000000,4.000000,4.000000,0.000000,0.000000,0.000000,0
0,36800.000000,-9200.000000,400.000000,4.000000,4.000000,4.000000,0.000000,0.000000,0.000000,0
0,36400.000000,-9200.000000,400.000000,4.000000,4.000000,4.000000,0.000000,0.000000,0.000000,0
0,36400.000000,-8400.000000,400.000000,4.000000,4.000000,4.000000,0.000000,0.000000,0.000000,0
0,36400.000000,-8000.000000,400.000000,4.000000,4.000000,4.000000,0.000000,0.000000,0.000000,0
0,36400.000000,-8800.000000,400.000000,4.000000,4.000000,4.000000,0.000000,0.000000,0.000000,0
0,36400.000000,-7600.000000,400.000000,4.000000,4.000000,4.000000,0.000000,0.000000,0.000000,0
0,36400.000000,-7200.000000,400.000000,4.000000,4.000000,4.000000,0.000000,0.000000,0.000000,0
0,36400.000000,-6800.000000,400.000000,4.000000,4.000000,4.000000,0.000000,0.000000,0.000000,0
0,36400.000000,-6400.000000,400.000000,4.000000,4.000000,4.000000,0.000000,0.000000,0.000000,0
0,36400.000000,-6000.000000,400.000000,4.000000,4.000000,4.000000,0.000000,0.000000,0.000000,0
0,36400.000000,-5600.000000,400.000000,4.000000,4.000000,4.000000,0.000000,0.000000,0.000000,0
0,36400.000000,-5200.000000,400.000000,4.000000,4.000000,4.000000,0.000000,0.000000,0.000000,0
0,36000.000000,-5200.000000,400.000000,4.000000,4.000000,4.000000,0.000000,0.000000,0.000000,0
0,35600.000000,-5200.000000,400.000000,4.000000,4.000000,4.000000,0.000000,0.000000,0.000000,0
0,35200.000000,-5200.000000,400.000000,4.000000,4.000000,4.000000,0.000000,0.000000,0.000000,0
0,34800.000000,-5200.000000,400.000000,4.000000,4.000000,4.000000,0.000000,0.000000,0.000000,0
0,34400.000000,-5200.000000,400.000000,4.000000,4.000000,4.000000,0.000000,0.000000,0.000000,0
0,34000.000000,-5200.000000,400.000000,4.000000,4.000000,4.000000,0.000000,0.000000,0.000000,0
0,33600.000000,-5200.000000,400.000000,4.000000,4.000000,4.000000,0.000000,0.000000,0.000000,0
0,33200.000000,-5200.000000,400.000000,4.000000,4.000000,4.000000,0.000000,0.000000,0.000000,0
0,32800.000000,-5200.000000,400.000000,4.000000,4.000000,4.000000,0.000000,0.000000,0.000000,0
0,32400.000000,-5200.000000,400.000000,4.000000,4.000000,4.000000,0.000000,0.000000,0.000000,0
0,32000.000000,-5200.000000,400.000000,4.000000,4.000000,4.000000,0.000000,0.000000,0.000000,0
0,31600.000000,-5200.000000,400.000000,4.000000,4.000000,4.000000,0.000000,0.000000,0.000000,0
0,31200.000000,-5200.000000,400.000000,4.000000,4.000000,4.000000,0.000000,0.000000,0.000000,0
0,30800.000000,-5200.000000,400.000000,4.000000,4.000000,4.000000,0.000000,0.000000,0.000000,0
0,30400.000000,-5200.000000,400.000000,4.000000,4.000000,4.000000,0.000000,0.000000,0.000000,0
0,30000.000000,-5200.000000,400.000000,4.000000,4.000000,4.000000,0.000000,0.000000,0.000000,0
0,29600.000000,-5200.000000,400.000000,4.000000,4.000000,4.000000,0.000000,0.000000,0.000000,0
0,29200.000000,-5200.000000,400.000000,4.000000,4.000000,4.000000,0.000000,0.000000,0.000000,0
0,28800.000000,-5200.000000,400.000000,4.000000,4.000000,4.000000,0.000000,0.000000,0.000000,0
0,28400.000000,-5200.000000,400.000000,4.000000,4.000000,4.000000,0.000000,0.000000,0.000000,0
0,28000.000000,-5200.000000,400.000000,4.000000,4.000000,4.000000,0.000000,0.000000,0.000000,0
0,27600.000000,-5200.000000,400.000000,4.000000,4.000000,4.000000,0.000000,0.000000,0.000000,0
0,27200.000000,-5200.000000,400.000000,4.000000,4.000000,4.000000,0.000000,0.000000,0.000000,0
0,26800.000000,-5200.000000,400.000000,4.000000,4.000000,4.000000,0.000000,0.000000,0.000000,0
0,26400.000000,-5200.000000,400.000000,4.000000,4.000000,4.000000,0.000000,0.000000,0.000000,0
0,26000.000000,-5200.000000,400.000000,4.000000,4.000000,4.000000,0.000000,0.000000,0.000000,0
0,25600.000000,-5200.000000,400.000000,4.000000,4.000000,4.000000,0.000000,0.000000,0.000000,0
0,25200.000000,-5200.000000,400.000000,4.000000,4.000000,4.000000,0.000000,0.000000,0.000000,0
0,24800.000000,-5200.000000,400.000000,4.000000,4.000000,4.000000,0.000000,0.000000,0.000000,0
0,24400.000000,-5200.000000,400.000000,4.000000,4.000000,4.000000,0.000000,0.000000,0.000000,0
0,24000.000000,-5200.000000,400.000000,4.000000,4.000000,4.000000,0.000000,0.000000,0.000000,0
0,23600.000000,-5200.000000,400.000000,4.000000,4.000000,4.000000,0.000000,0.000000,0.000000,0
0,23200.000000,-5200.000000,400.000000,4.000000,4.000000,4.000000,0.000000,0.000000,0.000000,0
0,22800.000000,-5200.000000,400.000000,4.000000,4.000000,4.000000,0.000000,0.000000,0.000000,0
0,22400.000000,-5200.000000,400.000000,4.000000,4.000000,4.000000,0.000000,0.000000,0.000000,0
0,22000.000000,-5200.000000,400.000000,4.000000,4.000000,4.000000,0.000000,0.000000,0.000000,0
0,21600.000000,-5200.000000,400.000000,4.000000,4.000000,4.000000,0.000000,0.000000,0.000000,0
0,21200.000000,-5200.000000,400.000000,4.000000,4.000000,4.000000,0.000000,0.000000,0.000000,0
0,20800.000000,-5200.000000,400.000000,4.000000,4.000000,4.000000,0.000000,0.000000,0.000000,0
0,20400.000000,-5200.000000,400.000000,4.000000,4.000000,4.000000,0.000000,0.000000,0.000000,0
0,20000.000000,-5200.000000,400.000000,4.000000,4.000000,4.000000,0.000000,0.000000,0.000000,0
0,19600.000000,-5200.000000,400.000000,4.000000,4.000000,4.000000,0.000000,0.000000,0.000000,0
0,19200.000000,-5200.000000,400.000000,4.000000,4.000000,4.000000,0.000000,0.000000,0.000000,0
0,18800.000000,-5200.000000,400.000000,4.000000,4.000000,4.000000,0.000000,0.000000,0.000000,0
0,18400.000000,-5200.000000,400.000000,4.000000,4.000000,4.000000,0.000000,0.000000,0.000000,0
0,18000.000000,-5200.000000,400.000000,4.000000,4.000000,4.000000,0.000000,0.000000,0.000000,0
0,17600.000000,-5200.000000,400.000000,4.000000,4.000000,4.000000,0.000000,0.000000,0.000000,0
0,17200.000000,-5200.000000,400.000000,4.000000,4.000000,4.000000,0.000000,0.000000,0.000000,0
0,16800.000000,-5200.000000,400.000000,4.000000,4.000000,4.000000,0.000000,0.000000,0.000000,0
0,16400.000000,-5200.000000,400.000000,4.000000,4.000000,4.000000,0.000000,0.000000,0.000000,0
0,16000.000000,-5200.000000,400.000000,4.000000,4.000000,4.000000,0.000000,0.000000,0.000000,0
0,15600.000000,-5200.000000,400.000000,4.000000,4.000000,4.000000,0.000000,0.000000,0.000000,0
0,15200.000000,-5200.000000,400.000000,4.000000,4.000000,4.000000,0.000000,0.000000,0.000000,0
0,14800.000000,-5200.000000,400.000000,4.000000,4.000000,4.000000,0.000000,0.000000,0.000000,0
0,14400.000000,-5200.000000,400.000000,4.000000,4.000000,4.000000,0.000000,0.000000,0.000000,0
0,14000.000000,-5200.000000,400.000000,4.000000,4.000000,4.000000,0.000000,0.000000,0.000000,0
0,13600.000000,-5200.000000,400.000000,4.000000,4.000000,4.000000,0.000000,0.000000,0.000000,0
0,13200.000000,-5200.000000,400.000000,4.000000,4.000000,4.000000,0.000000,0.000000,0.000000,0
0,12800.000000,-5200.000000,400.000000,4.000000,4.000000,4.000000,0.000000,0.000000,0.000000,0
0,12400.000000,-5200.000000,400.000000,4.000000,4.000000,4.000000,0.000000,0.000000,0.000000,0
0,12000.000000,-5200.000000,400.000000,4.000000,4.000000,4.000000,0.000000,0.000000,0.000000,0
0,11600.000000,-5200.000000,400.000000,4.000000,4.000000,4.000000,0.000000,0.000000,0.000000,0
0,11200.000000,-5200.000000,400.000000,4.000000,4.000000,4.000000,0.000000,0.000000,0.000000,0
0,10800.000000,-5200.000000,400.000000,4.000000,4.000000,4.000000,0.000000,0.000000,0.000000,0
0,10400.000000,-5200.000000,400.000000,4.000000,4.000000,4.000000,0.000000,0.000000,0.000000,0
0,10000.000000,-5200.000000,400.000000,4.000000,4.000000,4.000000,0.000000,0.000000,0.000000,0
0,9600.000000,-5200.000000,400.000000,4.000000,4.000000,4.000000,0.000000,0.000000,0.000000,0
0,9200.000000,-5200.000000,400.000000,4.000000,4.000000,4.000000,0.000000,0.000000,0.000000,0
0,8800.000000,-5200.000000,400.000000,4.000000,4.000000,4.000000,0.000000,0.000000,0.000000,0
0,8400.000000,-5200.000000,400.000000,4.000000,4.000000,4.000000,0.000000,0.000000,0.000000,0
0,8000.000000,-5200.000000,400.000000,4.000000,4.000000,4.000000,0.000000,0.000000,0.000000,0
0,7600.000000,-5200.000000,400.000000,4.000000,4.000000,4.000000,0.000000,0.000000,0.000000,0
0,7200.000000,-5200.000000,400.000000,4.000000,4.000000,4.000000,0.000000,0.000000,0.000000,0
0,6800.000000,-5200.000000,400.000000,4.000000,4.000000,4.000000,0.000000,0.000000,0.000000,0
0,6400.000000,-5200.000000,400.000000,4.000000,4.000000,4.000000,0.000000,0.000000,0.000000,0
0,6000.000000,-5200.000000,400.000000,4.000000,4.000000,4.000000,0.000000,0.000000,0.000000,0
0,5600.000000,-5200.000000,400.000000,4.000000,4.000000,4.000000,0.000000,0.000000,0.000000,0
0,5200.000000,-5200.000000,400.000000,4.000000,4.000000,4.000000,0.000000,0.000000,0.000000,0
0,4800.000000,-5200.000000,400.000000,4.000000,4.000000,4.000000,0.000000,0.000000,0.000000,0
0,4400.000000,-5200.000000,400.000000,4.000000,4.000000,4.000000,0.000000,0.000000,0.000000,0
0,4000.000000,-5200.000000,400.000000,4.000000,4.000000,4.000000,0.000000,0.000000,0.000000,0
0,4000.000000,-4800.000000,400.000000,4.000000,4.000000,4.000000,0.000000,0.000000,0.000000,0
0,47200.000000,-2000.000000,400.000000,4.000000,4.000000,4.000000,0.000000,0.000000,0.000000,0
0,46800.000000,-2000.000000,400.000000,4.000000,4.000000,4.000000,0.000000,0.000000,0.000000,0
0,46400.000000,-2000.000000,400.000000,4.000000,4.000000,4.000000,0.000000,0.000000,0.000000,0
0,46000.000000,-2000.000000,400.000000,4.000000,4.000000,4.000000,0.000000,0.000000,0.000000,0
0,45600.000000,-2000.000000,400.000000,4.000000,4.000000,4.000000,0.000000,0.000000,0.000000,0
0,45200.000000,-2000.000000,400.000000,4.000000,4.000000,4.000000,0.000000,0.000000,0.000000,0
0,44800.000000,-2000.000000,400.000000,4.000000,4.000000,4.000000,0.000000,0.000000,0.000000,0
0,44400.000000,-2000.000000,400.000000,4.000000,4.000000,4.000000,0.000000,0.000000,0.000000,0
0,44000.000000,-2000.000000,400.000000,4.000000,4.000000,4.000000,0.000000,0.000000,0.000000,0
7,45200.000000,400.000000,400.000000,4.000000,4.000000,4.000000,0.000000,0.000000,3.141593,0
7,45600.000000,400.000000,400.000000,4.000000,4.000000,4.000000,0.000000,0.000000,3.141593,0
7,46000.000000,400.000000,400.000000,4.000000,4.000000,4.000000,0.000000,0.000000,3.141593,0
7,46400.000000,400.000000,400.000000,4.000000,4.000000,4.000000,0.000000,0.000000,3.141593,0
7,46800.000000,400.000000,400.000000,4.000000,4.000000,4.000000,0.000000,0.000000,3.141593,0
7,47200.000000,400.000000,400.000000,4.000000,4.000000,4.000000,0.000000,0.000000,3.141593,0
7,47600.000000,400.000000,400.000000,4.000000,4.000000,4.000000,0.000000,0.000000,3.141593,0
7,48000.000000,400.000000,400.000000,4.000000,4.000000,4.000000,0.000000,0.000000,3.141593,0
7,47200.000000,-2400.000000,400.000000,4.000000,4.000000,4.000000,0.000000,0.000000,3.141593,0
7,46800.000000,-2400.000000,400.000000,4.000000,4.000000,4.000000,0.000000,0.000000,3.141593,0
7,46400.000000,-2400.000000,400.000000,4.000000,4.000000,4.000000,0.000000,0.000000,3.141593,0
7,46000.000000,-2400.000000,400.000000,4.000000,4.000000,4.000000,0.000000,0.000000,3.141593,0
7,45600.000000,-2400.000000,400.000000,4.000000,4.000000,4.000000,0.000000,0.000000,3.141593,0
7,45200.000000,-2400.000000,400.000000,4.000000,4.000000,4.000000,0.000000,0.000000,3.141593,0
7,44800.000000,-2400.000000,400.000000,4.000000,4.000000,4.000000,0.000000,0.000000,3.141593,0
7,44400.000000,-2400.000000,400.000000,4.000000,4.000000,4.000000,0.000000,0.000000,3.141593,0
7,44000.000000,-2400.000000,400.000000,4.000000,4.000000,4.000000,0.000000,0.000000,3.141593,0
7,21200.000000,-2800.000000,400.000000,4.000000,4.000000,4.000000,0.000000,0.000000,3.141593,0
7,20800.000000,-2800.000000,400.000000,4.000000,4.000000,4.000000,0.000000,0.000000,3.141593,0
7,20400.000000,-2800.000000,400.000000,4.000000,4.000000,4.000000,0.000000,0.000000,3.141593,0
7,20000.000000,-2800.000000,400.000000,4.000000,4.000000,4.000000,0.000000,0.000000,3.141593,0
7,19600.000000,-2800.000000,400.000000,4.000000,4.000000,4.000000,0.000000,0.000000,3.141593,0
7,19200.000000,-2800.000000,400.000000,4.000000,4.000000,4.000000,0.000000,0.000000,3.141593,0
7,18800.000000,-2800.000000,400.000000,4.000000,4.000000,4.000000,0.000000,0.000000,3.141593,0
7,18400.000000,-2800.000000,400.000000,4.000000,4.000000,4.000000,0.000000,0.000000,3.141593,0
7,18000.000000,-2800.000000,400.000000,4.000000,4.000000,4.000000,0.000000,0.000000,3.141593,0
7,17600.000000,-2800.000000,400.000000,4.000000,4.000000,4.000000,0.000000,0.000000,3.141593,0
7,17200.000000,-2800.000000,400.000000,4.000000,4.000000,4.000000,0.000000,0.000000,3.141593,0
7,16800.000000,-2800.000000,400.000000,4.000000,4.000000,4.000000,0.000000,0.000000,3.141593,0
7,16400.000000,-2800.000000,400.000000,4.000000,4.000000,4.000000,0.000000,0.000000,3.141593,0
7,16000.000000,-2800.000000,400.000000,4.000000,4.000000,4.000000,0.000000,0.000000,3.141593,0
7,15600.000000,-2800.000000,400.000000,4.000000,4.000000,4.000000,0.000000,0.000000,3.141593,0
7,15200.000000,-2800.000000,400.000000,4.000000,4.000000,4.000000,0.000000,0.000000,3.141593,0
7,14800.000000,-2800.000000,400.000000,4.000000,4.000000,4.000000,0.000000,0.000000,3.141593,0
7,14400.000000,-2800.000000,400.000000,4.000000,4.000000,4.000000,0.000000,0.000000,3.141593,0
7,14000.000000,-2800.000000,400.000000,4.000000,4.000000,4.000000,0.000000,0.000000,3.141593,0
7,13600.000000,-2800.000000,400.000000,4.000000,4.000000,4.000000,0.000000,0.000000,3.141593,0
7,13200.000000,-2800.000000,400.000000,4.000000,4.000000,4.000000,0.000000,0.000000,3.141593,0
7,12800.000000,-2800.000000,400.000000,4.000000,4.000000,4.000000,0.000000,0.000000,3.141593,0
7,12400.000000,-2800.000000,400.000000,4.000000,4.000000,4.000000,0.000000,0.000000,3.141593,0
7,12000.000000,-2800.000000,400.000000,4.000000,4.000000,4.000000,0.000000,0.000000,3.141593,0
7,11600.000000,-2800.000000,400.000000,4.000000,4.000000,4.000000,0.000000,0.000000,3.141593,0
7,11200.000000,-2800.000000,400.000000,4.000000,4.000000,4.000000,0.000000,0.000000,3.141593,0
7,10800.000000,-2800.000000,400.000000,4.000000,4.000000,4.000000,0.000000,0.000000,3.141593,0
7,10400.000000,-2800.000000,400.000000,4.000000,4.000000,4.000000,0.000000,0.000000,3.141593,0
7,10000.000000,-2800.000000,400.000000,4.000000,4.000000,4.000000,0.000000,0.000000,3.141593,0
7,9600.000000,-2800.000000,400.000000,4.000000,4.000000,4.000000,0.000000,0.000000,3.141593,0
7,9200.000000,-2800.000000,400.000000,4.000000,4.000000,4.000000,0.000000,0.000000,3.141593,0
7,8800.000000,-2800.000000,400.000000,4.000000,4.000000,4.000000,0.000000,0.000000,3.141593,0
7,8400.000000,-2800.000000,400.000000,4.000000,4.000000,4.000000,0.000000,0.000000,3.141593,0
7,8000.000000,-2800.000000,400.000000,4.000000,4.000000,4.000000,0.000000,0.000000,3.141593,0
7,7600.000000,-2800.000000,400.000000,4.000000,4.000000,4.000000,0.000000,0.000000,3.141593,0
7,7200.000000,-2800.000000,400.000000,4.000000,4.000000,4.000000,0.000000,0.000000,3.141593,0
7,6800.000000,-2800.000000,400.000000,4.000000,4.000000,4.000000,0.000000,0.000000,3.141593,0
7,6400.000000,-2800.000000,400.000000,4.000000,4.000000,4.000000,0.000000,0.000000,3.141593,0
7,6000.000000,-2800.000000,400.000000,4.000000,4.000000,4.000000,0.000000,0.000000,3.141593,0
7,5600.000000,-2800.000000,400.000000,4.000000,4.000000,4.000000,0.000000,0.000000,3.141593,0
7,5200.000000,-2800.000000,400.000000,4.000000,4.000000,4.000000,0.000000,0.000000,3.141593,0
7,4800.000000,-2800.000000,400.000000,4.000000,4.000000,4.000000,0.000000,0.000000,3.141593,0
7,4400.000000,-2800.000000,400.000000,4.000000,4.000000,4.000000,0.000000,0.000000,3.141593,0
7,4000.000000,-2800.000000,400.000000,4.000000,4.000000,4.000000,0.000000,0.000000,3.141593,0
7,3600.000000,-2400.000000,400.000000,4.000000,4.000000,4.000000,0.000000,0.000000,1.570796,0
7,3600.000000,-2000.000000,400.000000,4.000000,4.000000,4.000000,0.000000,0.000000,1.570796,0
7,4800.000000,-4800.000000,400.000000,4.000000,4.000000,4.000000,0.000000,0.000000,0.000000,0
7,5200.000000,-4800.000000,400.000000,4.000000,4.000000,4.000000,0.000000,0.000000,0.000000,0
7,5600.000000,-4800.000000,400.000000,4.000000,4.000000,4.000000,0.000000,0.000000,0.000000,0
7,6000.000000,-4800.000000,400.000000,4.000000,4.000000,4.000000,0.000000,0.000000,0.000000,0
7,6400.000000,-4800.000000,400.000000,4.000000,4.000000,4.000000,0.000000,0.000000,0.000000,0
7,6800.000000,-4800.000000,400.000000,4.000000,4.000000,4.000000,0.000000,0.000000,0.000000,0
7,7200.000000,-4800.000000,400.000000,4.000000,4.000000,4.000000,0.000000,0.000000,0.000000,0
7,7600.000000,-4800.000000,400.000000,4.000000,4.000000,4.000000,0.000000,0.000000,0.000000,0
7,8000.000000,-4800.000000,400.000000,4.000000,4.000000,4.000000,0.000000,0.000000,0.000000,0
7,8400.000000,-4800.000000,400.000000,4.000000,4.000000,4.000000,0.000000,0.000000,0.000000,0
7,8800.000000,-4800.000000,400.000000,4.000000,4.000000,4.000000,0.000000,0.000000,0.000000,0
7,9200.000000,-4800.000000,400.000000,4.000000,4.000000,4.000000,0.000000,0.000000,0.000000,0
7,9600.000000,-4800.000000,400.000000,4.000000,4.000000,4.000000,0.000000,0.000000,0.000000,0
7,10000.000000,-4800.000000,400.000000,4.000000,4.000000,4.000000,0.000000,0.000000,0.000000,0
7,10400.000000,-4800.000000,400.000000,4.000000,4.000000,4.000000,0.000000,0.000000,0.000000,0
7,10800.000000,-4800.000000,400.000000,4.000000,4.000000,4.000000,0.000000,0.000000,0.000000,0
7,11200.000000,-4800.000000,400.000000,4.000000,4.000000,4.000000,0.000000,0.000000,0.000000,0
7,11600.000000,-4800.000000,400.000000,4.000000,4.000000,4.000000,0.000000,0.000000,0.000000,0
7,12000.000000,-4800.000000,400.000000,4.000000,4.000000,4.000000,0.000000,0.000000,0.000000,0
7,12400.000000,-4800.000000,400.000000,4.000000,4.000000,4.000000,0.000000,0.000000,0.000000,0
7,12800.000000,-4800.000000,400.000000,4.000000,4.000000,4.000000,0.000000,0.000000,0.000000,0
7,13200.000000,-4800.000000,400.000000,4.000000,4.000000,4.000000,0.000000,0.000000,0.000000,0
7,13600.000000,-4800.000000,400.000000,4.000000,4.000000,4.000000,0.000000,0.000000,0.000000,0
7,14000.000000,-4800.000000,400.000000,4.000000,4.000000,4.000000,0.000000,0.000000,0.000000,0
7,14400.000000,-4800.000000,400.000000,4.000000,4.000000,4.000000,0.000000,0.000000,0.000000,0
7,14800.000000,-4800.000000,400.000000,4.000000,4.000000,4.000000,0.000000,0.000000,0.000000,0
7,15200.000000,-4800.000000,400.000000,4.000000,4.000000,4.000000,0.000000,0.000000,0.000000,0
7,15600.000000,-4800.000000,400.000000,4.000000,4.000000,4.000000,0.000000,0.000000,0.000000,0
7,16000.000000,-4800.000000,400.000000,4.000000,4.000000,4.000000,0.000000,0.000000,0.000000,0
7,16400.000000,-4800.000000,400.000000,4.000000,4.000000,4.000000,0.000000,0.000000,0.000000,0
7,16800.000000,-4800.000000,400.000000,4.000000,4.000000,4.000000,0.000000,0.000000,0.000000,0
7,17200.000000,-4800.000000,400.000000,4.000000,4.000000,4.000000,0.000000,0.000000,0.000000,0
7,17600.000000,-4800.000000,400.000000,4.000000,4.000000,4.000000,0.000000,0.000000,0.000000,0
7,18000.000000,-4800.000000,400.000000,4.000000,4.000000,4.000000,0.000000,0.000000,0.000000,0
7,18400.000000,-4800.000000,400.000000,4.000000,4.000000,4.000000,0.000000,0.000000,0.000000,0
7,18800.000000,-4800.000000,400.000000,4.000000,4.000000,4.000000,0.000000,0.000000,0.000000,0
7,19200.000000,-4800.000000,400.000000,4.000000,4.000000,4.000000,0.000000,0.000000,0.000000,0
7,19600.000000,-4800.000000,400.000000,4.000000,4.000000,4.000000,0.000000,0.000000,0.000000,0
7,20000.000000,-4800.000000,400.000000,4.000000,4.000000,4.000000,0.000000,0.000000,0.000000,0
7,20400.000000,-4800.000000,400.000000,4.000000,4.000000,4.000000,0.000000,0.000000,0.000000,0
7,20800.000000,-4800.000000,400.000000,4.000000,4.000000,4.000000,0.000000,0.000000,0.000000,0
7,21200.000000,-4800.000000,400.000000,4.000000,4.000000,4.000000,0.000000,0.000000,0.000000,0
10,-2000.000000,-4000.000000,10000.000000,4.000000,4.000000,4.000000,0.000000,0.000000,0.000000,0
10,-1600.000000,-4000.000000,10000.000000,4.000000,4.000000,4.000000,0.000000,0.000000,0.000000,0
10,-1200.000000,-4000.000000,10000.000000,4.000000,4.000000,4.000000,0.000000,0.000000,0.000000,0
10,-800.000000,-4000.000000,10000.000000,4.000000,4.000000,4.000000,0.000000,0.000000,0.000000,0
10,-400.000000,-4000.000000,10000.000000,4.000000,4.000000,4.000000,0.000000,0.000000,0.000000,0
10,0.000000,-4000.000000,10000.000000,4.000000,4.000000,4.000000,0.000000,0.000000,0.000000,0
10,400.000000,-4000.000000,10000.000000,4.000000,4.000000,4.000000,0.000000,0.000000,0.000000,0
10,800.000000,-4000.000000,10000.000000,4.000000,4.000000,4.000000,0.000000,0.000000,0.000000,0
10,1200.000000,-4000.000000,10000.000000,4.000000,4.000000,4.000000,0.000000,0.000000,0.000000,0
10,1600.000000,-4000.000000,10000.000000,4.000000,4.000000,4.000000,0.000000,0.000000,0.000000,0
10,2000.000000,-4000.000000,10000.000000,4.000000,4.000000,4.000000,0.000000,0.000000,0.000000,0
10,2400.000000,-4000.000000,10000.000000,4.000000,4.000000,4.000000,0.000000,0.000000,0.000000,0
10,2800.000000,-4000.000000,10000.000000,4.000000,4.000000,4.000000,0.000000,0.000000,0.000000,0
10,3200.000000,-4000.000000,10000.000000,4.000000,4.000000,4.000000,0.000000,0.000000,0.000000,0
10,3600.000000,-4000.000000,10000.000000,4.000000,4.000000,4.000000,0.000000,0.000000,0.000000,0
10,4000.000000,-4000.000000,10000.000000,4.000000,4.000000,4.000000,0.000000,0.000000,0.000000,0
10,4400.000000,-4000.000000,10000.000000,4.000000,4.000000,4.000000,0.000000,0.000000,0.000000,0
10,4800.000000,-4000.000000,10000.000000,4.000000,4.000000,4.000000,0.000000,0.000000,0.000000,0
10,5200.000000,-4000.000000,10000.000000,4.000000,4.000000,4.000000,0.000000,0.000000,0.000000,0
10,5600.000000,-4000.000000,10000.000000,4.000000,4.000000,4.000000,0.000000,0.000000,0.000000,0
10,6000.000000,-4000.000000,10000.000000,4.000000,4.000000,4.000000,0.000000,0.000000,0.000000,0
10,6400.000000,-4000.000000,10000.000000,4.000000,4.000000,4.000000,0.000000,0.000000,0.000000,0
10,6800.000000,-4000.000000,10000.000000,4.000000,4.000000,4.000000,0.000000,0.000000,0.000000,0
10,7200.000000,-4000.000000,10000.000000,4.000000,4.000000,4.000000,0.000000,0.000000,0.000000,0
10,7600.000000,-4000.000000,10000.000000,4.000000,4.000000,4.000000,0.000000,0.000000,0.000000,0
10,8000.000000,-4000.000000,10000.000000,4.000000,4.000000,4.000000,0.000000,0.000000,0.000000,0
10,8400.000000,-4000.000000,10000.000000,4.000000,4.000000,4.000000,0.000000,0.000000,0.000000,0
10,8800.000000,-4000.000000,10000.000000,4.000000,4.000000,4.000000,0.000000,0.000000,0.000000,0
10,9200.000000,-4000.000000,10000.000000,4.000000,4.000000,4.000000,0.000000,0.000000,0.000000,0
10,9600.000000,-4000.000000,10000.000000,4.000000,4.000000,4.000000,0.000000,0.000000,0.000000,0
10,10000.000000,-4000.000000,10000.000000,4.000000,4.000000,4.000000,0.000000,0.000000,0.000000,0
10,10400.000000,-4000.000000,10000.000000,4.000000,4.000000,4.000000,0.000000,0.000000,0.000000,0
10,10800.000000,-4000.000000,10000.000000,4.000000,4.000000,4.000000,0.000000,0.000000,0.000000,0
10,11200.000000,-4000.000000,10000.000000,4.000000,4.000000,4.000000,0.000000,0.000000,0.000000,0
10,11600.000000,-4000.000000,10000.000000,4.000000,4.000000,4.000000,0.000000,0.000000,0.000000,0
10,12000.000000,-4000.000000,10000.000000,4.000000,4.000000,4.000000,0.000000,0.000000,0.000000,0
10,12400.000000,-4000.000000,10000.000000,4.000000,4.000000,4.000000,0.000000,0.000000,0.000000,0
10,12800.000000,-4000.000000,10000.000000,4.000000,4.000000,4.000000,0.000000,0.000000,0.000000,0
10,13200.000000,-4000.000000,10000.000000,4.000000,4.000000,4.000000,0.000000,0.000000,0.000000,0
10,13600.000000,-4000.000000,10000.000000,4.000000,4.000000,4.000000,0.000000,0.000000,0.000000,0
10,14000.000000,-4000.000000,10000.000000,4.000000,4.000000,4.000000,0.000000,0.000000,0.000000,0
10,14400.000000,-4000.000000,10000.000000,4.000000,4.000000,4.000000,0.000000,0.000000,0.000000,0
10,14800.000000,-4000.000000,10000.000000,4.000000,4.000000,4.000000,0.000000,0.000000,0.000000,0
10,15200.000000,-4000.000000,10000.000000,4.000000,4.000000,4.000000,0.000000,0.000000,0.000000,0
10,15600.000000,-4000.000000,10000.000000,4.000000,4.000000,4.000000,0.000000,0.000000,0.000000,0
10,16000.000000,-4000.000000,10000.000000,4.000000,4.000000,4.000000,0.000000,0.000000,0.000000,0
10,16400.000000,-4000.000000,10000.000000,4.000000,4.000000,4.000000,0.000000,0.000000,0.000000,0
10,16800.000000,-4000.000000,10000.000000,4.000000,4.000000,4.000000,0.000000,0.000000,0.000000,0
10,17200.000000,-4000.000000,10000.000000,4.000000,4.000000,4.000000,0.000000,0.000000,0.000000,0
10,17600.000000,-4000.000000,10000.000000,4.000000,4.000000,4.000000,0.000000,0.000000,0.000000,0
10,18000.000000,-4000.000000,10000.000000,4.000000,4.000000,4.000000,0.000000,0.000000,0.000000,0
10,18400.000000,-4000.000000,10000.000000,4.000000,4.000000,4.000000,0.000000,0.000000,0.000000,0
10,18800.000000,-4000.000000,10000.000000,4.000000,4.000000,4.000000,0.000000,0.000000,0.000000,0
10,19200.000000,-4000.000000,10000.000000,4.000000,4.000000,4.000000,0.000000,0.000000,0.000000,0
10,19600.000000,-4000.000000,10000.000000,4.000000,4.000000,4.000000,0.000000,0.000000,0.000000,0
10,20000.000000,-4000.000000,10000.000000,4.000000,4.000000,4.000000,0.000000,0.000000,0.000000,0
10,20400.000000,-4000.000000,10000.000000,4.000000,4.000000,4.000000,0.000000,0.000000,0.000000,0
10,20800.000000,-4000.000000,10000.000000,4.000000,4.000000,4.000000,0.000000,0.000000,0.000000,0
10,21200.000000,-4000.000000,10000.000000,4.000000,4.000000,4.000000,0.000000,0.000000,0.000000,0
10,21600.000000,-4000.000000,10000.000000,4.000000,4.000000,4.000000,0.000000,0.000000,0.000000,0
10,22000.000000,-4000.000000,10000.000000,4.000000,4.000000,4.000000,0.000000,0.000000,0.000000,0
10,22400.000000,-4000.000000,10000.000000,4.000000,4.000000,4.000000,0.000000,0.000000,0.000000,0
10,22800.000000,-4000.000000,10000.000000,4.000000,4.000000,4.000000,0.000000,0.000000,0.000000,0
10,23200.000000,-4000.000000,10000.000000,4.000000,4.000000,4.000000,0.000000,0.000000,0.000000,0
10,23600.000000,-4000.000000,10000.000000,4.000000,4.000000,4.000000,0.000000,0.000000,0.000000,0
10,24000.000000,-4000.000000,10000.000000,4.000000,4.000000,4.000000,0.000000,0.000000,0.000000,0
10,24400.000000,-4000.000000,10000.000000,4.000000,4.000000,4.000000,0.000000,0.000000,0.000000,0
10,24800.000000,-4000.000000,10000.000000,4.000000,4.000000,4.000000,0.000000,0.000000,0.000000,0
10,25200.000000,-4000.000000,10000.000000,4.000000,4.000000,4.000000,0.000000,0.000000,0.000000,0
10,25200.000000,-5600.000000,10000.000000,4.000000,4.000000,4.000000,0.000000,0.000000,0.000000,0
10,24800.000000,-5600.000000,10000.000000,4.000000,4.000000,4.000000,0.000000,0.000000,0.000000,0
10,24400.000000,-5600.000000,10000.000000,4.000000,4.000000,4.000000,0.000000,0.000000,0.000000,0
10,24000.000000,-5600.000000,10000.000000,4.000000,4.000000,4.000000,0.000000,0.000000,0.000000,0
10,23600.000000,-5600.000000,10000.000000,4.000000,4.000000,4.000000,0.000000,0.000000,0.000000,0
10,23200.000000,-5600.000000,10000.000000,4.000000,4.000000,4.000000,0.000000,0.000000,0.000000,0
10,22800.000000,-5600.000000,10000.000000,4.000000,4.000000,4.000000,0.000000,0.000000,0.000000,0
10,22400.000000,-5600.000000,10000.000000,4.000000,4.000000,4.000000,0.000000,0.000000,0.000000,0
10,22000.000000,-5600.000000,10000.000000,4.000000,4.000000,4.000000,0.000000,0.000000,0.000000,0
10,21600.000000,-5600.000000,10000.000000,4.000000,4.000000,4.000000,0.000000,0.000000,0.000000,0
10,21200.000000,-5600.000000,10000.000000,4.000000,4.000000,4.000000,0.000000,0.000000,0.000000,0
10,20800.000000,-5600.000000,10000.000000,4.000000,4.000000,4.000000,0.000000,0.000000,0.000000,0
10,20400.000000,-5600.000000,10000.000000,4.000000,4.000000,4.000000,0.000000,0.000000,0.000000,0
10,20000.000000,-5600.000000,10000.000000,4.000000,4.000000,4.000000,0.000000,0.000000,0.000000,0
10,19600.000000,-5600.000000,10000.000000,4.000000,4.000000,4.000000,0.000000,0.000000,0.000000,0
10,19200.000000,-5600.000000,10000.000000,4.000000,4.000000,4.000000,0.000000,0.000000,0.000000,0
10,18800.000000,-5600.000000,10000.000000,4.000000,4.000000,4.000000,0.000000,0.000000,0.000000,0
10,18400.000000,-5600.000000,10000.000000,4.000000,4.000000,4.000000,0.000000,0.000000,0.000000,0
10,18000.000000,-5600.000000,10000.000000,4.000000,4.000000,4.000000,0.000000,0.000000,0.000000,0
10,17600.000000,-5600.000000,10000.000000,4.000000,4.000000,4.000000,0.000000,0.000000,0.000000,0
10,17200.000000,-5600.000000,10000.000000,4.000000,4.000000,4.000000,0.000000,0.000000,0.000000,0
10,16800.000000,-5600.000000,10000.000000,4.000000,4.000000,4.000000,0.000000,0.000000,0.000000,0
10,16400.000000,-5600.000000,10000.000000,4.000000,4.000000,4.000000,0.000000,0.000000,0.000000,0
10,16000.000000,-5600.000000,10000.000000,4.000000,4.000000,4.000000,0.000000,0.000000,0.000000,0
10,15600.000000,-5600.000000,10000.000000,4.000000,4.000000,4.000000,0.000000,0.000000,0.000000,0
10,15200.000000,-5600.000000,10000.000000,4.000000,4.000000,4.000000,0.000000,0.000000,0.000000,0
10,14800.000000,-5600.000000,10000.000000,4.000000,4.000000,4.000000,0.000000,0.000000,0.000000,0
10,14400.000000,-5600.000000,10000.000000,4.000000,4.000000,4.000000,0.000000,0.000000,0.000000,0
10,14000.000000,-5600.000000,10000.000000,4.000000,4.000000,4.000000,0.000000,0.000000,0.000000,0
10,13600.000000,-5600.000000,10000.000000,4.000000,4.000000,4.000000,0.000000,0.000000,0.000000,0
10,13200.000000,-5600.000000,10000.000000,4.000000,4.000000,4.000000,0.000000,0.000000,0.000000,0
10,12800.000000,-5600.000000,10000.000000,4.000000,4.000000,4.000000,0.000000,0.000000,0.000000,0
10,12400.000000,-5600.000000,10000.000000,4.000000,4.000000,4.000000,0.000000,0.000000,0.000000,0
10,12000.000000,-5600.000000,10000.000000,4.000000,4.000000,4.000000,0.000000,0.000000,0.000000,0
10,11600.000000,-5600.000000,10000.000000,4.000000,4.000000,4.000000,0.000000,0.000000,0.000000,0
10,11200.000000,-5600.000000,10000.000000,4.000000,4.000000,4.000000,0.000000,0.000000,0.000000,0
10,10800.000000,-5600.000000,10000.000000,4.000000,4.000000,4.000000,0.000000,0.000000,0.000000,0
10,10400.000000,-5600.000000,10000.000000,4.000000,4.000000,4.000000,0.000000,0.000000,0.000000,0
10,10000.000000,-5600.000000,10000.000000,4.000000,4.000000,4.000000,0.000000,0.000000,0.000000,0
10,9600.000000,-5600.000000,10000.000000,4.000000,4.000000,4.000000,0.000000,0.000000,0.000000,0
10,9200.000000,-5600.000000,10000.000000,4.000000,4.000000,4.000000,0.000000,0.000000,0.000000,0
10,8800.000000,-5600.000000,10000.000000,4.000000,4.000000,4.000000,0.000000,0.000000,0.000000,0
10,8400.000000,-5600.000000,10000.000000,4.000000,4.000000,4.000000,0.000000,0.000000,0.000000,0
10,8000.000000,-5600.000000,10000.000000,4.000000,4.000000,4.000000,0.000000,0.000000,0.000000,0
10,7600.000000,-5600.000000,10000.000000,4.000000,4.000000,4.000000,0.000000,0.000000,0.000000,0
10,7200.000000,-5600.000000,10000.000000,4.000000,4.000000,4.000000,0.000000,0.000000,0.000000,0
10,6800.000000,-5600.000000,10000.000000,4.000000,4.000000,4.000000,0.000000,0.000000,0.000000,0
10,6400.000000,-5600.000000,10000.000000,4.000000,4.000000,4.000000,0.000000,0.000000,0.000000,0
10,6000.000000,-5600.000000,10000.000000,4.000000,4.000000,4.000000,0.000000,0.000000,0.000000,0
10,5600.000000,-5600.000000,10000.000000,4.000000,4.000000,4.000000,0.000000,0.000000,0.000000,0
10,5200.000000,-5600.000000,10000.000000,4.000000,4.000000,4.000000,0.000000,0.000000,0.000000,0
10,4800.000000,-5600.000000,10000.000000,4.000000,4.000000,4.000000,0.000000,0.000000,0.000000,0
10,4400.000000,-5600.000000,10000.000000,4.000000,4.000000,4.000000,0.000000,0.000000,0.000000,0
10,4000.000000,-5600.000000,10000.000000,4.000000,4.000000,4.000000,0.000000,0.000000,0.000000,0
10,3600.000000,-5600.000000,10000.000000,4.000000,4.000000,4.000000,0.000000,0.000000,0.000000,0
10,3200.000000,-5600.000000,10000.000000,4.000000,4.000000,4.000000,0.000000,0.000000,0.000000,0
10,2800.000000,-5600.000000,10000.000000,4.000000,4.000000,4.000000,0.000000,0.000000,0.000000,0
10,2400.000000,-5600.000000,10000.000000,4.000000,4.000000,4.000000,0.000000,0.000000,0.000000,0
10,2000.000000,-5600.000000,10000.000000,4.000000,4.000000,4.000000,0.000000,0.000000,0.000000,0
10,1600.000000,-5600.000000,10000.000000,4.000000,4.000000,4.000000,0.000000,0.000000,0.000000,0
10,1200.000000,-5600.000000,10000.000000,4.000000,4.000000,4.000000,0.000000,0.000000,0.000000,0
10,800.000000,-5600.000000,10000.000000,4.000000,4.000000,4.000000,0.000000,0.000000,0.000000,0
10,400.000000,-5600.000000,10000.000000,4.000000,4.000000,4.000000,0.000000,0.000000,0.000000,0
10,0.000000,-5600.000000,10000.000000,4.000000,4.000000,4.000000,0.000000,0.000000,0.000000,0
10,-400.000000,-5600.000000,10000.000000,4.000000,4.000000,4.000000,0.000000,0.000000,0.000000,0
10,-800.000000,-5600.000000,10000.000000,4.000000,4.000000,4.000000,0.000000,0.000000,0.000000,0
10,-1200.000000,-5600.000000,10000.000000,4.000000,4.000000,4.000000,0.000000,0.000000,0.000000,0
10,-1600.000000,-5600.000000,10000.000000,4.000000,4.000000,4.000000,0.000000,0.000000,0.000000,0
10,-2000.000000,-5600.000000,10000.000000,4.000000,4.000000,4.000000,0.000000,0.000000,0.000000,0
0,27200.000000,-6400.000000,10000.000000,4.000000,4.000000,4.000000,0.000000,0.000000,0.000000,0
0,27200.000000,-6800.000000,10000.000000,4.000000,4.000000,4.000000,0.000000,0.000000,0.000000,0
0,27600.000000,-6400.000000,10000.000000,4.000000,4.000000,4.000000,0.000000,0.000000,0.000000,0
0,28000.000000,-6400.000000,10000.000000,4.000000,4.000000,4.000000,0.000000,0.000000,0.000000,0
0,28400.000000,-6400.000000,10000.000000,4.000000,4.000000,4.000000,0.000000,0.000000,0.000000,0
0,28800.000000,-6400.000000,10000.000000,4.000000,4.000000,4.000000,0.000000,0.000000,0.000000,0
0,29200.000000,-6400.000000,10000.000000,4.000000,4.000000,4.000000,0.000000,0.000000,0.000000,0
0,29600.000000,-6400.000000,10000.000000,4.000000,4.000000,4.000000,0.000000,0.000000,0.000000,0
0,30000.000000,-6400.000000,10000.000000,4.000000,4.000000,4.000000,0.000000,0.000000,0.000000,0
0,27600.000000,-6800.000000,10000.000000,4.000000,4.000000,4.000000,0.000000,0.000000,0.000000,0
0,28000.000000,-6800.000000,10000.000000,4.000000,4.000000,4.000000,0.000000,0.000000,0.000000,0
0,28400.000000,-6800.000000,10000.000000,4.000000,4.000000,4.000000,0.000000,0.000000,0.000000,0
0,28800.000000,-6800.000000,10000.000000,4.000000,4.000000,4.000000,0.000000,0.000000,0.000000,0
0,29200.000000,-6800.000000,10000.000000,4.000000,4.000000,4.000000,0.000000,0.000000,0.000000,0
0,29600.000000,-6800.000000,10000.000000,4.000000,4.000000,4.000000,0.000000,0.000000,0.000000,0
0,30000.000000,-6800.000000,10000.000000,4.000000,4.000000,4.000000,0.000000,0.000000,0.000000,0
0,30400.000000,-6800.000000,10000.000000,4.000000,4.000000,4.000000,0.000000,0.000000,0.000000,0
0,30800.000000,-6800.000000,10000.000000,4.000000,4.000000,4.000000,0.000000,0.000000,0.000000,0
0,31200.000000,-6800.000000,10000.000000,4.000000,4.000000,4.000000,0.000000,0.000000,0.000000,0
0,31600.000000,-6800.000000,10000.000000,4.000000,4.000000,4.000000,0.000000,0.000000,0.000000,0
0,32000.000000,-6800.000000,10000.000000,4.000000,4.000000,4.000000,0.000000,0.000000,0.000000,0
0,32400.000000,-6800.000000,10000.000000,4.000000,4.000000,4.000000,0.000000,0.000000,0.000000,0
0,32800.000000,-6800.000000,10000.000000,4.000000,4.000000,4.000000,0.000000,0.000000,0.000000,0
0,33200.000000,-6800.000000,10000.000000,4.000000,4.000000,4.000000,0.000000,0.000000,0.000000,0
0,33600.000000,-6800.000000,10000.000000,4.000000,4.000000,4.000000,0.000000,0.000000,0.000000,0
0,34000.000000,-6800.000000,10000.000000,4.000000,4.000000,4.000000,0.000000,0.000000,0.000000,0
0,34400.000000,-6800.000000,10000.000000,4.000000,4.000000,4.000000,0.000000,0.000000,0.000000,0
0,34800.000000,-6800.000000,10000.000000,4.000000,4.000000,4.000000,0.000000,0.000000,0.000000,0
0,35200.000000,-6800.000000,10000.000000,4.000000,4.000000,4.000000,0.000000,0.000000,0.000000,0
0,35600.000000,-6800.000000,10000.000000,4.000000,4.000000,4.000000,0.000000,0.000000,0.000000,0
0,36000.000000,-6800.000000,10000.000000,4.000000,4.000000,4.000000,0.000000,0.000000,0.000000,0
0,36400.000000,-6800.000000,10000.000000,4.000000,4.000000,4.000000,0.000000,0.000000,0.000000,0
0,36400.000000,-6400.000000,10000.000000,4.000000,4.000000,4.000000,0.000000,0.000000,0.000000,0
0,36000.000000,-6400.000000,10000.000000,4.000000,4.000000,4.000000,0.000000,0.000000,0.000000,0
0,35600.000000,-6400.000000,10000.000000,4.000000,4.000000,4.000000,0.000000,0.000000,0.000000,0
0,35200.000000,-6400.000000,10000.000000,4.000000,4.000000,4.000000,0.000000,0.000000,0.000000,0
0,34800.000000,-6400.000000,10000.000000,4.000000,4.000000,4.000000,0.000000,0.000000,0.000000,0
0,34400.000000,-6400.000000,10000.000000,4.000000,4.000000,4.000000,0.000000,0.000000,0.000000,0
0,34000.000000,-6400.000000,10000.000000,4.000000,4.000000,4.000000,0.000000,0.000000,0.000000,0
0,33600.000000,-6400.000000,10000.000000,4.000000,4.000000,4.000000,0.000000,0.000000,0.000000,0
0,33200.000000,-6400.000000,10000.000000,4.000000,4.000000,4.000000,0.000000,0.000000,0.000000,0
0,32800.000000,-6400.000000,10000.000000,4.000000,4.000000,4.000000,0.000000,0.000000,0.000000,0
0,32400.000000,-6400.000000,10000.000000,4.000000,4.000000,4.000000,0.000000,0.000000,0.000000,0
0,32000.000000,-6400.000000,10000.000000,4.000000,4.000000,4.000000,0.000000,0.000000,0.000000,0
0,31600.000000,-6400.000000,10000.000000,4.000000,4.000000,4.000000,0.000000,0.000000,0.000000,0
0,31200.000000,-6400.000000,10000.000000,4.000000,4.000000,4.000000,0.000000,0.000000,0.000000,0
0,30800.000000,-6400.000000,10000.000000,4.000000,4.000000,4.000000,0.000000,0.000000,0.000000,0
0,30400.000000,-6400.000000,10000.000000,4.000000,4.000000,4.000000,0.000000,0.000000,0.000000,0
24,28400.000000,-6000.000000,10000.000000,4.000000,4.000000,4.000000,0.000000,0.000000,0.000000,0
24,29600.000000,-6000.000000,10000.000000,4.000000,4.000000,4.000000,0.000000,0.000000,0.000000,0
24,31600.000000,-6000.000000,10000.000000,4.000000,4.000000,4.000000,0.000000,0.000000,0.000000,0
24,33600.000000,-6000.000000,10000.000000,4.000000,4.000000,4.000000,0.000000,0.000000,0.000000,0
24,35600.000000,-6000.000000,10000.000000,4.000000,4.000000,4.000000,0.000000,0.000000,0.000000,0
0,39600.000000,-7600.000000,12000.000000,4.000000,4.000000,4.000000,0.000000,0.000000,0.000000,0
0,39600.000000,-7200.000000,12000.000000,4.000000,4.000000,4.000000,0.000000,0.000000,0.000000,0
0,39600.000000,-6800.000000,12000.000000,4.000000,4.000000,4.000000,0.000000,0.000000,0.000000,0
0,39600.000000,-6400.000000,12000.000000,4.000000,4.000000,4.000000,0.000000,0.000000,0.000000,0
0,39600.000000,-6000.000000,12000.000000,4.000000,4.000000,4.000000,0.000000,0.000000,0.000000,0
0,39600.000000,-5600.000000,12000.000000,4.000000,4.000000,4.000000,0.000000,0.000000,0.000000,0
0,39600.000000,-5200.000000,12000.000000,4.000000,4.000000,4.000000,0.000000,0.000000,0.000000,0
0,40000.000000,-5200.000000,12000.000000,4.000000,4.000000,4.000000,0.000000,0.000000,0.000000,0
0,40400.000000,-5200.000000,12000.000000,4.000000,4.000000,4.000000,0.000000,0.000000,0.000000,0
0,40800.000000,-5200.000000,12000.000000,4.000000,4.000000,4.000000,0.000000,0.000000,0.000000,0
0,41200.000000,-5200.000000,12000.000000,4.000000,4.000000,4.000000,0.000000,0.000000,0.000000,0
0,41600.000000,-5200.000000,12000.000000,4.000000,4.000000,4.000000,0.000000,0.000000,0.000000,0
0,42000.000000,-5200.000000,12000.000000,4.000000,4.000000,4.000000,0.000000,0.000000,0.000000,0
0,42400.000000,-5200.000000,12000.000000,4.000000,4.000000,4.000000,0.000000,0.000000,0.000000,0
0,42800.000000,-5200.000000,12000.000000,4.000000,4.000000,4.000000,0.000000,0.000000,0.000000,0
0,43200.000000,-5200.000000,12000.000000,4.000000,4.000000,4.000000,0.000000,0.000000,0.000000,0
0,43200.000000,-4800.000000,12000.000000,4.000000,4.000000,4.000000,0.000000,0.000000,0.000000,0
0,43200.000000,-4400.000000,12000.000000,4.000000,4.000000,4.000000,0.000000,0.000000,0.000000,0
0,43200.000000,-4000.000000,12000.000000,4.000000,4.000000,4.000000,0.000000,0.000000,0.000000,0
0,43200.000000,-3600.000000,12000.000000,4.000000,4.000000,4.000000,0.000000,0.000000,0.000000,0
0,43200.000000,-3200.000000,12000.000000,4.000000,4.000000,4.000000,0.000000,0.000000,0.000000,0
0,43200.000000,-2800.000000,12000.000000,4.000000,4.000000,4.000000,0.000000,0.000000,0.000000,0
0,43200.000000,-2400.000000,12000.000000,4.000000,4.000000,4.000000,0.000000,0.000000,0.000000,0
0,43200.000000,-2000.000000,12000.000000,4.000000,4.000000,4.000000,0.000000,0.000000,0.000000,0
0,43200.000000,-1600.000000,12000.000000,4.000000,4.000000,4.000000,0.000000,0.000000,0.000000,0
0,43200.000000,-1200.000000,12000.000000,4.000000,4.000000,4.000000,0.000000,0.000000,0.000000,0
0,43200.000000,-800.000000,12000.000000,4.000000,4.000000,4.000000,0.000000,0.000000,0.000000,0
0,43200.000000,-400.000000,12000.000000,4.000000,4.000000,4.000000,0.000000,0.000000,0.000000,0
0,43200.000000,0.000000,12000.000000,4.000000,4.000000,4.000000,0.000000,0.000000,0.000000,0
0,43200.000000,400.000000,12000.000000,4.000000,4.000000,4.000000,0.000000,0.000000,0.000000,0
0,43200.000000,800.000000,12000.000000,4.000000,4.000000,4.000000,0.000000,0.000000,0.000000,0
0,43200.000000,1200.000000,12000.000000,4.000000,4.000000,4.000000,0.000000,0.000000,0.000000,0
0,43200.000000,1600.000000,12000.000000,4.000000,4.000000,4.000000,0.000000,0.000000,0.000000,0
0,43600.000000,1600.000000,12000.000000,4.000000,4.000000,4.000000,0.000000,0.000000,0.000000,0
0,44000.000000,1600.000000,12000.000000,4.000000,4.000000,4.000000,0.000000,0.000000,0.000000,0
0,44400.000000,1600.000000,12000.000000,4.000000,4.000000,4.000000,0.000000,0.000000,0.000000,0
0,44800.000000,1600.000000,12000.000000,4.000000,4.000000,4.000000,0.000000,0.000000,0.000000,0
0,45200.000000,1600.000000,12000.000000,4.000000,4.000000,4.000000,0.000000,0.000000,0.000000,0
0,45600.000000,1600.000000,12000.000000,4.000000,4.000000,4.000000,0.000000,0.000000,0.000000,0
0,46000.000000,1600.000000,12000.000000,4.000000,4.000000,4.000000,0.000000,0.000000,0.000000,0
0,46400.000000,1600.000000,12000.000000,4.000000,4.000000,4.000000,0.000000,0.000000,0.000000,0
0,46800.000000,1600.000000,12000.000000,4.000000,4.000000,4.000000,0.000000,0.000000,0.000000,0
0,47200.000000,1600.000000,12000.000000,4.000000,4.000000,4.000000,0.000000,0.000000,0.000000,0
0,47600.000000,1600.000000,12000.000000,4.000000,4.000000,4.000000,0.000000,0.000000,0.000000,0
0,48000.000000,1600.000000,12000.000000,4.000000,4.000000,4.000000,0.000000,0.000000,0.000000,0
0,48400.000000,1600.000000,12000.000000,4.000000,4.000000,4.000000,0.000000,0.000000,0.000000,0
0,48800.000000,1600.000000,12000.000000,4.000000,4.000000,4.000000,0.000000,0.000000,0.000000,0
0,49200.000000,1600.000000,12000.000000,4.000000,4.000000,4.000000,0.000000,0.000000,0.000000,0
0,49600.000000,1600.000000,12000.000000,4.000000,4.000000,4.000000,0.000000,0.000000,0.000000,0
0,50000.000000,1600.000000,12000.000000,4.000000,4.000000,4.000000,0.000000,0.000000,0.000000,0
0,50400.000000,1600.000000,12000.000000,4.000000,4.000000,4.000000,0.000000,0.000000,0.000000,0
0,50400.000000,1200.000000,12000.000000,4.000000,4.000000,4.000000,0.000000,0.000000,0.000000,0
0,50400.000000,800.000000,12000.000000,4.000000,4.000000,4.000000,0.000000,0.000000,0.000000,0
0,50400.000000,400.000000,12000.000000,4.000000,4.000000,4.000000,0.000000,0.000000,0.000000,0
0,50400.000000,0.000000,12000.000000,4.000000,4.000000,4.000000,0.000000,0.000000,0.000000,0
0,50400.000000,-400.000000,12000.000000,4.000000,4.000000,4.000000,0.000000,0.000000,0.000000,0
0,50400.000000,-800.000000,12000.000000,4.000000,4.000000,4.000000,0.000000,0.000000,0.000000,0
0,50400.000000,-1200.000000,12000.000000,4.000000,4.000000,4.000000,0.000000,0.000000,0.000000,0
0,50400.000000,-1600.000000,12000.000000,4.000000,4.000000,4.000000,0.000000,0.000000,0.000000,0
0,50400.000000,-2000.000000,12000.000000,4.000000,4.000000,4.000000,0.000000,0.000000,0.000000,0
0,50400.000000,-2400.000000,12000.000000,4.000000,4.000000,4.000000,0.000000,0.000000,0.000000,0
0,50400.000000,-2800.000000,12000.000000,4.000000,4.000000,4.000000,0.000000,0.000000,0.000000,0
0,50400.000000,-3200.000000,12000.000000,4.000000,4.000000,4.000000,0.000000,0.000000,0.000000,0
0,50400.000000,-3600.000000,12000.000000,4.000000,4.000000,4.000000,0.000000,0.000000,0.000000,0
0,50400.000000,-4000.000000,12000.000000,4.000000,4.000000,4.000000,0.000000,0.000000,0.000000,0
0,50400.000000,-4400.000000,12000.000000,4.000000,4.000000,4.000000,0.000000,0.000000,0.000000,0
0,50400.000000,-4800.000000,12000.000000,4.000000,4.000000,4.000000,0.000000,0.000000,0.000000,0
0,50400.000000,-5200.000000,12000.000000,4.000000,4.000000,4.000000,0.000000,0.000000,0.000000,0
0,50400.000000,-5600.000000,12000.000000,4.000000,4.000000,4.000000,0.000000,0.000000,0.000000,0
0,50400.000000,-6000.000000,12000.000000,4.000000,4.000000,4.000000,0.000000,0.000000,0.000000,0
0,50400.000000,-6400.000000,12000.000000,4.000000,4.000000,4.000000,0.000000,0.000000,0.000000,0
0,50400.000000,-6800.000000,12000.000000,4.000000,4.000000,4.000000,0.000000,0.000000,0.000000,0
0,50400.000000,-7200.000000,12000.000000,4.000000,4.000000,4.000000,0.000000,0.000000,0.000000,0
0,50400.000000,-7600.000000,12000.000000,4.000000,4.000000,4.000000,0.000000,0.000000,0.000000,0
0,50400.000000,-8000.000000,12000.000000,4.000000,4.000000,4.000000,0.000000,0.000000,0.000000,0
0,50000.000000,-8000.000000,12000.000000,4.000000,4.000000,4.000000,0.000000,0.000000,0.000000,0
0,49600.000000,-8000.000000,12000.000000,4.000000,4.000000,4.000000,0.000000,0.000000,0.000000,0
0,49200.000000,-8000.000000,12000.000000,4.000000,4.000000,4.000000,0.000000,0.000000,0.000000,0
0,48800.000000,-8000.000000,12000.000000,4.000000,4.000000,4.000000,0.000000,0.000000,0.000000,0
0,48400.000000,-8000.000000,12000.000000,4.000000,4.000000,4.000000,0.000000,0.000000,0.000000,0
0,48000.000000,-8000.000000,12000.000000,4.000000,4.000000,4.000000,0.000000,0.000000,0.000000,0
0,47600.000000,-8000.000000,12000.000000,4.000000,4.000000,4.000000,0.000000,0.000000,0.000000,0
0,47200.000000,-8000.000000,12000.000000,4.000000,4.000000,4.000000,0.000000,0.000000,0.000000,0
0,46800.000000,-8000.000000,12000.000000,4.000000,4.000000,4.000000,0.000000,0.000000,0.000000,0
0,46400.000000,-8000.000000,12000.000000,4.000000,4.000000,4.000000,0.000000,0.000000,0.000000,0
0,46000.000000,-8000.000000,12000.000000,4.000000,4.000000,4.000000,0.000000,0.000000,0.000000,0
0,45600.000000,-8000.000000,12000.000000,4.000000,4.000000,4.000000,0.000000,0.000000,0.000000,0
0,45200.000000,-8000.000000,12000.000000,4.000000,4.000000,4.000000,0.000000,0.000000,0.000000,0
0,44800.000000,-8000.000000,12000.000000,4.000000,4.000000,4.000000,0.000000,0.000000,0.000000,0
0,44400.000000,-8000.000000,12000.000000,4.000000,4.000000,4.000000,0.000000,0.000000,0.000000,0
0,44000.000000,-8000.000000,12000.000000,4.000000,4.000000,4.000000,0.000000,0.000000,0.000000,0
0,43600.000000,-8000.000000,12000.000000,4.000000,4.000000,4.000000,0.000000,0.000000,0.000000,0
0,43200.000000,-8000.000000,12000.000000,4.000000,4.000000,4.000000,0.000000,0.000000,0.000000,0
0,42800.000000,-8000.000000,12000.000000,4.000000,4.000000,4.000000,0.000000,0.000000,0.000000,0
0,42400.000000,-8000.000000,12000.000000,4.000000,4.000000,4.000000,0.000000,0.000000,0.000000,0
0,42000.000000,-8000.000000,12000.000000,4.000000,4.000000,4.000000,0.000000,0.000000,0.000000,0
0,41600.000000,-8000.000000,12000.000000,4.000000,4.000000,4.000000,0.000000,0.000000,0.000000,0
0,41200.000000,-8000.000000,12000.000000,4.000000,4.000000,4.000000,0.000000,0.000000,0.000000,0
0,40800.000000,-8000.000000,12000.000000,4.000000,4.000000,4.000000,0.000000,0.000000,0.000000,0
0,40400.000000,-8000.000000,12000.000000,4.000000,4.000000,4.000000,0.000000,0.000000,0.000000,0
0,40000.000000,-8000.000000,12000.000000,4.000000,4.000000,4.000000,0.000000,0.000000,0.000000,0
0,39600.000000,-8000.000000,12000.000000,4.000000,4.000000,4.000000,0.000000,0.000000,0.000000,0
0,39600.000000,-12400.000000,12000.000000,4.000000,4.000000,4.000000,0.000000,0.000000,0.000000,0
0,40000.000000,-12400.000000,12000.000000,4.000000,4.000000,4.000000,0.000000,0.000000,0.000000,0
0,40400.000000,-12400.000000,12000.000000,4.000000,4.000000,4.000000,0.000000,0.000000,0.000000,0
0,40800.000000,-12400.000000,12000.000000,4.000000,4.000000,4.000000,0.000000,0.000000,0.000000,0
0,41200.000000,-12400.000000,12000.000000,4.000000,4.000000,4.000000,0.000000,0.000000,0.000000,0
0,41600.000000,-12400.000000,12000.000000,4.000000,4.000000,4.000000,0.000000,0.000000,0.000000,0
0,42000.000000,-12400.000000,12000.000000,4.000000,4.000000,4.000000,0.000000,0.000000,0.000000,0
0,42400.000000,-12400.000000,12000.000000,4.000000,4.000000,4.000000,0.000000,0.000000,0.000000,0
0,42800.000000,-12400.000000,12000.000000,4.000000,4.000000,4.000000,0.000000,0.000000,0.000000,0
0,43200.000000,-12400.000000,12000.000000,4.000000,4.000000,4.000000,0.000000,0.000000,0.000000,0
0,43600.000000,-12400.000000,12000.000000,4.000000,4.000000,4.000000,0.000000,0.000000,0.000000,0
0,44000.000000,-12400.000000,12000.000000,4.000000,4.000000,4.000000,0.000000,0.000000,0.000000,0
0,44400.000000,-12400.000000,12000.000000,4.000000,4.000000,4.000000,0.000000,0.000000,0.000000,0
0,44800.000000,-12400.000000,12000.000000,4.000000,4.000000,4.000000,0.000000,0.000000,0.000000,0
0,45200.000000,-12400.000000,12000.000000,4.000000,4.000000,4.000000,0.000000,0.000000,0.000000,0
0,45600.000000,-12400.000000,12000.000000,4.000000,4.000000,4.000000,0.000000,0.000000,0.000000,0
0,46000.000000,-12400.000000,12000.000000,4.000000,4.000000,4.000000,0.000000,0.000000,0.000000,0
0,46400.000000,-12400.000000,12000.000000,4.000000,4.000000,4.000000,0.000000,0.000000,0.000000,0
0,46800.000000,-12400.000000,12000.000000,4.000000,4.000000,4.000000,0.000000,0.000000,0.000000,0
0,47200.000000,-12400.000000,12000.000000,4.000000,4.000000,4.000000,0.000000,0.000000,0.000000,0
0,47600.000000,-12400.000000,12000.000000,4.000000,4.000000,4.000000,0.000000,0.000000,0.000000,0
0,48000.000000,-12400.000000,12000.000000,4.000000,4.000000,4.000000,0.000000,0.000000,0.000000,0
0,48400.000000,-12400.000000,12000.000000,4.000000,4.000000,4.000000,0.000000,0.000000,0.000000,0
0,48800.000000,-12400.000000,12000.000000,4.000000,4.000000,4.000000,0.000000,0.000000,0.000000,0
0,49200.000000,-12400.000000,12000.000000,4.000000,4.000000,4.000000,0.000000,0.000000,0.000000,0
0,49600.000000,-12400.000000,12000.000000,4.000000,4.000000,4.000000,0.000000,0.000000,0.000000,0
0,50000.000000,-12400.000000,12000.000000,4.000000,4.000000,4.000000,0.000000,0.000000,0.000000,0
28,42000.000000,-12000.000000,12000.000000,4.000000,4.000000,4.000000,0.000000,0.000000,0.000000,0
28,46800.000000,-12000.000000,12000.000000,4.000000,4.000000,4.000000,0.000000,0.000000,0.000000,0
28,40800.000000,-4800.000000,12000.000000,4.000000,4.000000,4.000000,0.000000,0.000000,0.000000,0
28,44000.000000,-7600.000000,12000.000000,4.000000,4.000000,4.000000,0.000000,0.000000,0.000000,0
28,48000.000000,-7600.000000,12000.000000,4.000000,4.000000,4.000000,0.000000,0.000000,0.000000,0
28,48000.000000,2000.000000,12000.000000,4.000000,4.000000,4.000000,0.000000,0.000000,0.000000,0
28,45200.000000,2000.000000,12000.000000,4.000000,4.000000,4.000000,0.000000,0.000000,0.000000,0
