0,-31600.000000,-7600.000000,0.000000,4.000000,4.000000,4.000000,0.000000,0.000000,0.000000,0
0,-31200.000000,-7600.000000,0.000000,4.000000,4.000000,4.000000,0.000000,0.000000,0.000000,0
0,-30800.000000,-7600.000000,0.000000,4.000000,4.000000,4.000000,0.000000,0.000000,0.000000,0
0,-30400.000000,-7600.000000,0.000000,4.000000,4.000000,4.000000,0.000000,0.000000,0.000000,0
0,-30000.000000,-7600.000000,0.000000,4.000000,4.000000,4.000000,0.000000,0.000000,0.000000,0
0,-29600.000000,-7600.000000,0.000000,4.000000,4.000000,4.000000,0.000000,0.000000,0.000000,0
0,-29200.000000,-7600.000000,0.000000,4.000000,4.000000,4.000000,0.000000,0.000000,0.000000,0
0,-28800.000000,-7600.000000,0.000000,4.000000,4.000000,4.000000,0.000000,0.000000,0.000000,0
0,-28400.000000,-7600.000000,0.000000,4.000000,4.000000,4.000000,0.000000,0.000000,0.000000,0
0,-28000.000000,-7600.000000,0.000000,4.000000,4.000000,4.000000,0.000000,0.000000,0.000000,0
0,-27600.000000,-7600.000000,0.000000,4.000000,4.000000,4.000000,0.000000,0.000000,0.000000,0
0,-27200.000000,-7600.000000,0.000000,4.000000,4.000000,4.000000,0.000000,0.000000,0.000000,0
0,-26800.000000,-7600.000000,0.000000,4.000000,4.000000,4.000000,0.000000,0.000000,0.000000,0
0,-26400.000000,-7600.000000,0.000000,4.000000,4.000000,4.000000,0.000000,0.000000,0.000000,0
0,-26000.000000,-7600.000000,0.000000,4.000000,4.000000,4.000000,0.000000,0.000000,0.000000,0
0,-25600.000000,-7600.000000,0.000000,4.000000,4.000000,4.000000,0.000000,0.000000,0.000000,0
0,-25200.000000,-7600.000000,0.000000,4.000000,4.000000,4.000000,0.000000,0.000000,0.000000,0
0,-24800.000000,-7600.000000,0.000000,4.000000,4.000000,4.000000,0.000000,0.000000,0.000000,0
0,-24400.000000,-7600.000000,0.000000,4.000000,4.000000,4.000000,0.000000,0.000000,0.000000,0
0,-24000.000000,-7600.000000,0.000000,4.000000,4.000000,4.000000,0.000000,0.000000,0.000000,0
0,-23600.000000,-7600.000000,0.000000,4.000000,4.000000,4.000000,0.000000,0.000000,0.000000,0
0,-23200.000000,-7600.000000,0.000000,4.000000,4.000000,4.000000,0.000000,0.000000,0.000000,0
0,-22800.000000,-7600.000000,0.000000,4.000000,4.000000,4.000000,0.000000,0.000000,0.000000,0
0,-22400.000000,-7600.000000,0.000000,4.000000,4.000000,4.000000,0.000000,0.000000,0.000000,0
0,-22000.000000,-7600.000000,0.000000,4.000000,4.000000,4.000000,0.000000,0.000000,0.000000,0
0,-21600.000000,-7600.000000,0.000000,4.000000,4.000000,4.000000,0.000000,0.000000,0.000000,0
0,-21600.000000,-7200.000000,0.000000,4.000000,4.000000,4.000000,0.000000,0.000000,0.000000,0
0,-21600.000000,-6800.000000,0.000000,4.000000,4.000000,4.000000,0.000000,0.000000,0.000000,0
0,-21600.000000,-6400.000000,0.000000,4.000000,4.000000,4.000000,0.000000,0.000000,0.000000,0
0,-21600.000000,-6000.000000,0.000000,4.000000,4.000000,4.000000,0.000000,0.000000,0.000000,0
0,-21600.000000,-5600.000000,0.000000,4.000000,4.000000,4.000000,0.000000,0.000000,0.000000,0
0,-21600.000000,-5200.000000,0.000000,4.000000,4.000000,4.000000,0.000000,0.000000,0.000000,0
0,-21600.000000,-4800.000000,0.000000,4.000000,4.000000,4.000000,0.000000,0.000000,0.000000,0
0,-21600.000000,-4400.000000,0.000000,4.000000,4.000000,4.000000,0.000000,0.000000,0.000000,0
0,-21600.000000,-4000.000000,0.000000,4.000000,4.000000,4.000000,0.000000,0.000000,0.000000,0
0,-21600.000000,-3600.000000,0.000000,4.000000,4.000000,4.000000,0.000000,0.000000,0.000000,0
0,-21600.000000,-3200.000000,0.000000,4.000000,4.000000,4.000000,0.000000,0.000000,0.000000,0
0,-21600.000000,-2800.000000,0.000000,4.000000,4.000000,4.000000,0.000000,0.000000,0.000000,0
0,-21600.000000,-2400.000000,0.000000,4.000000,4.000000,4.000000,0.000000,0.000000,0.000000,0
0,-21600.000000,-2000.000000,0.000000,4.000000,4.000000,4.000000,0.000000,0.000000,0.000000,0
0,-21600.000000,-1600.000000,0.000000,4.000000,4.000000,4.000000,0.000000,0.000000,0.000000,0
0,-21600.000000,-1200.000000,0.000000,4.000000,4.000000,4.000000,0.000000,0.000000,0.000000,0
0,-21600.000000,-800.000000,0.000000,4.000000,4.000000,4.000000,0.000000,0.000000,0.000000,0
0,-21600.000000,-400.000000,0.000000,4.000000,4.000000,4.000000,0.000000,0.000000,0.000000,0
0,-21600.000000,0.000000,0.000000,4.000000,4.000000,4.000000,0.000000,0.000000,0.000000,0
0,-21600.000000,400.000000,0.000000,4.000000,4.000000,4.000000,0.000000,0.000000,0.000000,0
0,-21600.000000,800.000000,0.000000,4.000000,4.000000,4.000000,0.000000,0.000000,0.000000,0
0,-21600.000000,1200.000000,0.000000,4.000000,4.000000,4.000000,0.000000,0.000000,0.000000,0
0,-21600.000000,1600.000000,0.000000,4.000000,4.000000,4.000000,0.000000,0.000000,0.000000,0
0,-21600.000000,2000.000000,0.000000,4.000000,4.000000,4.000000,0.000000,0.000000,0.000000,0
0,-31600.000000,-7200.000000,0.000000,4.000000,4.000000,4.000000,0.000000,0.000000,0.000000,0
0,-31600.000000,-6800.000000,0.000000,4.000000,4.000000,4.000000,0.000000,0.000000,0.000000,0
0,-31600.000000,-6400.000000,0.000000,4.000000,4.000000,4.000000,0.000000,0.000000,0.000000,0
0,-31600.000000,-6000.000000,0.000000,4.000000,4.000000,4.000000,0.000000,0.000000,0.000000,0
0,-31600.000000,-5600.000000,0.000000,4.000000,4.000000,4.000000,0.000000,0.000000,0.000000,0
0,-31600.000000,-5200.000000,0.000000,4.000000,4.000000,4.000000,0.000000,0.000000,0.000000,0
0,-31600.000000,-4800.000000,0.000000,4.000000,4.000000,4.000000,0.000000,0.000000,0.000000,0
0,-31600.000000,-4400.000000,0.000000,4.000000,4.000000,4.000000,0.000000,0.000000,0.000000,0
0,-31600.000000,-4000.000000,0.000000,4.000000,4.000000,4.000000,0.000000,0.000000,0.000000,0
0,-31600.000000,-3600.000000,0.000000,4.000000,4.000000,4.000000,0.000000,0.000000,0.000000,0
0,-31600.000000,-3200.000000,0.000000,4.000000,4.000000,4.000000,0.000000,0.000000,0.000000,0
0,-31600.000000,-2800.000000,0.000000,4.000000,4.000000,4.000000,0.000000,0.000000,0.000000,0
0,-31600.000000,-2400.000000,0.000000,4.000000,4.000000,4.000000,0.000000,0.000000,0.000000,0
0,-31600.000000,-2000.000000,0.000000,4.000000,4.000000,4.000000,0.000000,0.000000,0.000000,0
0,-31600.000000,-1600.000000,0.000000,4.000000,4.000000,4.000000,0.000000,0.000000,0.000000,0
0,-31600.000000,-1200.000000,0.000000,4.000000,4.000000,4.000000,0.000000,0.000000,0.000000,0
0,-31600.000000,-800.000000,0.000000,4.000000,4.000000,4.000000,0.000000,0.000000,0.000000,0
0,-31600.000000,-400.000000,0.000000,4.000000,4.000000,4.000000,0.000000,0.000000,0.000000,0
0,-31600.000000,0.000000,0.000000,4.000000,4.000000,4.000000,0.000000,0.000000,0.000000,0
0,-31600.000000,400.000000,0.000000,4.000000,4.000000,4.000000,0.000000,0.000000,0.000000,0
0,-31600.000000,800.000000,0.000000,4.000000,4.000000,4.000000,0.000000,0.000000,0.000000,0
0,-31600.000000,1200.000000,0.000000,4.000000,4.000000,4.000000,0.000000,0.000000,0.000000,0
0,-31600.000000,1600.000000,0.000000,4.000000,4.000000,4.000000,0.000000,0.000000,0.000000,0
0,-31600.000000,2000.000000,0.000000,4.000000,4.000000,4.000000,0.000000,0.000000,0.000000,0
0,-31600.000000,2400.000000,0.000000,4.000000,4.000000,4.000000,0.000000,0.000000,0.000000,0
0,-31600.000000,2800.000000,0.000000,4.000000,4.000000,4.000000,0.000000,0.000000,0.000000,0
0,-21600.000000,2400.000000,0.000000,4.000000,4.000000,4.000000,0.000000,0.000000,0.000000,0
0,-21600.000000,2800.000000,0.000000,4.000000,4.000000,4.000000,0.000000,0.000000,0.000000,0
0,-21600.000000,3200.000000,0.000000,4.000000,4.000000,4.000000,0.000000,0.000000,0.000000,0
0,-21600.000000,3600.000000,0.000000,4.000000,4.000000,4.000000,0.000000,0.000000,0.000000,0
0,-21600.000000,4000.000000,0.000000,4.000000,4.000000,4.000000,0.000000,0.000000,0.000000,0
0,-21600.000000,4400.000000,0.000000,4.000000,4.000000,4.000000,0.000000,0.000000,0.000000,0
0,-21600.000000,4800.000000,0.000000,4.000000,4.000000,4.000000,0.000000,0.000000,0.000000,0
0,-21600.000000,5200.000000,0.000000,4.000000,4.000000,4.000000,0.000000,0.000000,0.000000,0
0,-21600.000000,5600.000000,0.000000,4.000000,4.000000,4.000000,0.000000,0.000000,0.000000,0
0,-21600.000000,6000.000000,0.000000,4.000000,4.000000,4.000000,0.000000,0.000000,0.000000,0
0,-21600.000000,6400.000000,0.000000,4.000000,4.000000,4.000000,0.000000,0.000000,0.000000,0
0,-21600.000000,6800.000000,0.000000,4.000000,4.000000,4.000000,0.000000,0.000000,0.000000,0
0,-21600.000000,7200.000000,0.000000,4.000000,4.000000,4.000000,0.000000,0.000000,0.000000,0
0,-31600.000000,3200.000000,0.000000,4.000000,4.000000,4.000000,0.000000,0.000000,0.000000,0
0,-31600.000000,3600.000000,0.000000,4.000000,4.000000,4.000000,0.000000,0.000000,0.000000,0
0,-31600.000000,4000.000000,0.000000,4.000000,4.000000,4.000000,0.000000,0.000000,0.000000,0
0,-31600.000000,4400.000000,0.000000,4.000000,4.000000,4.000000,0.000000,0.000000,0.000000,0
0,-31600.000000,4800.000000,0.000000,4.000000,4.000000,4.000000,0.000000,0.000000,0.000000,0
0,-31600.000000,5200.000000,0.000000,4.000000,4.000000,4.000000,0.000000,0.000000,0.000000,0
0,-31600.000000,5600.000000,0.000000,4.000000,4.000000,4.000000,0.000000,0.000000,0.000000,0
0,-31600.000000,6000.000000,0.000000,4.000000,4.000000,4.000000,0.000000,0.000000,0.000000,0
0,-31600.000000,6400.000000,0.000000,4.000000,4.000000,4.000000,0.000000,0.000000,0.000000,0
0,-31600.000000,6800.000000,0.000000,4.000000,4.000000,4.000000,0.000000,0.000000,0.000000,0
0,-31600.000000,7200.000000,0.000000,4.000000,4.000000,4.000000,0.000000,0.000000,0.000000,0
0,-31600.000000,7600.000000,0.000000,4.000000,4.000000,4.000000,0.000000,0.000000,0.000000,0
0,-31600.000000,8000.000000,0.000000,4.000000,4.000000,4.000000,0.000000,0.000000,0.000000,0
0,-31600.000000,8400.000000,0.000000,4.000000,4.000000,4.000000,0.000000,0.000000,0.000000,0
0,-31600.000000,8800.000000,0.000000,4.000000,4.000000,4.000000,0.000000,0.000000,0.000000,0
0,-31600.000000,9200.000000,0.000000,4.000000,4.000000,4.000000,0.000000,0.000000,0.000000,0
0,-31600.000000,9600.000000,0.000000,4.000000,4.000000,4.000000,0.000000,0.000000,0.000000,0
0,-31600.000000,10000.000000,0.000000,4.000000,4.000000,4.000000,0.000000,0.000000,0.000000,0
0,-31600.000000,10400.000000,0.000000,4.000000,4.000000,4.000000,0.000000,0.000000,0.000000,0
0,-31600.000000,10800.000000,0.000000,4.000000,4.000000,4.000000,0.000000,0.000000,0.000000,0
0,-31600.000000,11200.000000,0.000000,4.000000,4.000000,4.000000,0.000000,0.000000,0.000000,0
0,-31600.000000,11600.000000,0.000000,4.000000,4.000000,4.000000,0.000000,0.000000,0.000000,0
0,-21600.000000,7600.000000,0.000000,4.000000,4.000000,4.000000,0.000000,0.000000,0.000000,0
0,-21600.000000,8000.000000,0.000000,4.000000,4.000000,4.000000,0.000000,0.000000,0.000000,0
0,-21600.000000,8400.000000,0.000000,4.000000,4.000000,4.000000,0.000000,0.000000,0.000000,0
0,-21600.000000,8800.000000,0.000000,4.000000,4.000000,4.000000,0.000000,0.000000,0.000000,0
0,-21600.000000,9200.000000,0.000000,4.000000,4.000000,4.000000,0.000000,0.000000,0.000000,0
0,-21600.000000,9600.000000,0.000000,4.000000,4.000000,4.000000,0.000000,0.000000,0.000000,0
0,-21600.000000,10000.000000,0.000000,4.000000,4.000000,4.000000,0.000000,0.000000,0.000000,0
0,-21600.000000,10400.000000,0.000000,4.000000,4.000000,4.000000,0.000000,0.000000,0.000000,0
0,-21600.000000,10800.000000,0.000000,4.000000,4.000000,4.000000,0.000000,0.000000,0.000000,0
0,-21600.000000,11200.000000,0.000000,4.000000,4.000000,4.000000,0.000000,0.000000,0.000000,0
0,-21600.000000,11600.000000,0.000000,4.000000,4.000000,4.000000,0.000000,0.000000,0.000000,0
0,-21600.000000,12000.000000,0.000000,4.000000,4.000000,4.000000,0.000000,0.000000,0.000000,0
0,-21600.000000,12400.000000,0.000000,4.000000,4.000000,4.000000,0.000000,0.000000,0.000000,0
0,-24400.000000,12400.000000,0.000000,4.000000,4.000000,4.000000,0.000000,0.000000,0.000000,0
0,-24400.000000,12000.000000,0.000000,4.000000,4.000000,4.000000,0.000000,0.000000,0.000000,0
0,-24400.000000,11600.000000,0.000000,4.000000,4.000000,4.000000,0.000000,0.000000,0.000000,0
0,-24400.000000,11200.000000,0.000000,4.000000,4.000000,4.000000,0.000000,0.000000,0.000000,0
0,-21600.000000,12800.000000,0.000000,4.000000,4.000000,4.000000,0.000000,0.000000,0.000000,0
0,-21600.000000,13200.000000,0.000000,4.000000,4.000000,4.000000,0.000000,0.000000,0.000000,0
0,-21600.000000,13600.000000,0.000000,4.000000,4.000000,4.000000,0.000000,0.000000,0.000000,0
0,-21600.000000,14000.000000,0.000000,4.000000,4.000000,4.000000,0.000000,0.000000,0.000000,0
0,-21600.000000,14400.000000,0.000000,4.000000,4.000000,4.000000,0.000000,0.000000,0.000000,0
0,-21600.000000,14800.000000,0.000000,4.000000,4.000000,4.000000,0.000000,0.000000,0.000000,0
0,-21600.000000,15200.000000,0.000000,4.000000,4.000000,4.000000,0.000000,0.000000,0.000000,0
0,-21600.000000,15600.000000,0.000000,4.000000,4.000000,4.000000,0.000000,0.000000,0.000000,0
0,-21600.000000,16000.000000,0.000000,4.000000,4.000000,4.000000,0.000000,0.000000,0.000000,0
0,-21600.000000,16400.000000,0.000000,4.000000,4.000000,4.000000,0.000000,0.000000,0.000000,0
0,-22000.000000,16400.000000,0.000000,4.000000,4.000000,4.000000,0.000000,0.000000,0.000000,0
0,-22400.000000,16400.000000,0.000000,4.000000,4.000000,4.000000,0.000000,0.000000,0.000000,0
0,-22800.000000,16400.000000,0.000000,4.000000,4.000000,4.000000,0.000000,0.000000,0.000000,0
0,-23200.000000,16400.000000,0.000000,4.000000,4.000000,4.000000,0.000000,0.000000,0.000000,0
0,-23600.000000,16400.000000,0.000000,4.000000,4.000000,4.000000,0.000000,0.000000,0.000000,0
0,-24000.000000,16400.000000,0.000000,4.000000,4.000000,4.000000,0.000000,0.000000,0.000000,0
0,-24400.000000,16400.000000,0.000000,4.000000,4.000000,4.000000,0.000000,0.000000,0.000000,0
0,-24800.000000,16400.000000,0.000000,4.000000,4.000000,4.000000,0.000000,0.000000,0.000000,0
0,-25200.000000,16400.000000,0.000000,4.000000,4.000000,4.000000,0.000000,0.000000,0.000000,0
0,-25600.000000,16400.000000,0.000000,4.000000,4.000000,4.000000,0.000000,0.000000,0.000000,0
0,-26000.000000,16400.000000,0.000000,4.000000,4.000000,4.000000,0.000000,0.000000,0.000000,0
0,-26400.000000,16400.000000,0.000000,4.000000,4.000000,4.000000,0.000000,0.000000,0.000000,0
0,-26800.000000,16400.000000,0.000000,4.000000,4.000000,4.000000,0.000000,0.000000,0.000000,0
0,-27200.000000,16400.000000,0.000000,4.000000,4.000000,4.000000,0.000000,0.000000,0.000000,0
0,-27600.000000,16400.000000,0.000000,4.000000,4.000000,4.000000,0.000000,0.000000,0.000000,0
0,-28000.000000,16400.000000,0.000000,4.000000,4.000000,4.000000,0.000000,0.000000,0.000000,0
0,-28400.000000,16400.000000,0.000000,4.000000,4.000000,4.000000,0.000000,0.000000,0.000000,0
0,-28800.000000,16400.000000,0.000000,4.000000,4.000000,4.000000,0.000000,0.000000,0.000000,0
0,-29200.000000,16400.000000,0.000000,4.000000,4.000000,4.000000,0.000000,0.000000,0.000000,0
0,-29600.000000,16400.000000,0.000000,4.000000,4.000000,4.000000,0.000000,0.000000,0.000000,0
0,-30000.000000,16400.000000,0.000000,4.000000,4.000000,4.000000,0.000000,0.000000,0.000000,0
0,-30400.000000,16400.000000,0.000000,4.000000,4.000000,4.000000,0.000000,0.000000,0.000000,0
0,-30800.000000,16400.000000,0.000000,4.000000,4.000000,4.000000,0.000000,0.000000,0.000000,0
0,-31200.000000,16400.000000,0.000000,4.000000,4.000000,4.000000,0.000000,0.000000,0.000000,0
0,-32000.000000,11600.000000,0.000000,4.000000,4.000000,4.000000,0.000000,0.000000,0.000000,0
0,-32400.000000,11600.000000,0.000000,4.000000,4.000000,4.000000,0.000000,0.000000,0.000000,0
0,-32800.000000,11600.000000,0.000000,4.000000,4.000000,4.000000,0.000000,0.000000,0.000000,0
0,-33200.000000,11600.000000,0.000000,4.000000,4.000000,4.000000,0.000000,0.000000,0.000000,0
0,-33600.000000,11600.000000,0.000000,4.000000,4.000000,4.000000,0.000000,0.000000,0.000000,0
0,-34000.000000,11600.000000,0.000000,4.000000,4.000000,4.000000,0.000000,0.000000,0.000000,0
0,-34400.000000,11600.000000,0.000000,4.000000,4.000000,4.000000,0.000000,0.000000,0.000000,0
0,-34800.000000,11600.000000,0.000000,4.000000,4.000000,4.000000,0.000000,0.000000,0.000000,0
0,-35200.000000,11600.000000,0.000000,4.000000,4.000000,4.000000,0.000000,0.000000,0.000000,0
0,-35600.000000,11600.000000,0.000000,4.000000,4.000000,4.000000,0.000000,0.000000,0.000000,0
0,-36000.000000,11600.000000,0.000000,4.000000,4.000000,4.000000,0.000000,0.000000,0.000000,0
0,-36400.000000,11600.000000,0.000000,4.000000,4.000000,4.000000,0.000000,0.000000,0.000000,0
0,-36800.000000,11600.000000,0.000000,4.000000,4.000000,4.000000,0.000000,0.000000,0.000000,0
0,-37200.000000,11600.000000,0.000000,4.000000,4.000000,4.000000,0.000000,0.000000,0.000000,0
0,-37600.000000,11600.000000,0.000000,4.000000,4.000000,4.000000,0.000000,0.000000,0.000000,0
0,-38000.000000,11600.000000,0.000000,4.000000,4.000000,4.000000,0.000000,0.000000,0.000000,0
0,-38400.000000,11600.000000,0.000000,4.000000,4.000000,4.000000,0.000000,0.000000,0.000000,0
0,-38800.000000,11600.000000,0.000000,4.000000,4.000000,4.000000,0.000000,0.000000,0.000000,0
0,-31600.000000,16400.000000,0.000000,4.000000,4.000000,4.000000,0.000000,0.000000,0.000000,0
0,-32000.000000,16400.000000,0.000000,4.000000,4.000000,4.000000,0.000000,0.000000,0.000000,0
0,-32400.000000,16400.000000,0.000000,4.000000,4.000000,4.000000,0.000000,0.000000,0.000000,0
0,-32800.000000,16400.000000,0.000000,4.000000,4.000000,4.000000,0.000000,0.000000,0.000000,0
0,-33200.000000,16400.000000,0.000000,4.000000,4.000000,4.000000,0.000000,0.000000,0.000000,0
0,-33600.000000,16400.000000,0.000000,4.000000,4.000000,4.000000,0.000000,0.000000,0.000000,0
0,-34000.000000,16400.000000,0.000000,4.000000,4.000000,4.000000,0.000000,0.000000,0.000000,0
0,-34400.000000,16400.000000,0.000000,4.000000,4.000000,4.000000,0.000000,0.000000,0.000000,0
0,-34800.000000,16400.000000,0.000000,4.000000,4.000000,4.000000,0.000000,0.000000,0.000000,0
0,-35200.000000,16400.000000,0.000000,4.000000,4.000000,4.000000,0.000000,0.000000,0.000000,0
0,-35600.000000,16400.000000,0.000000,4.000000,4.000000,4.000000,0.000000,0.000000,0.000000,0
0,-36000.000000,16400.000000,0.000000,4.000000,4.000000,4.000000,0.000000,0.000000,0.000000,0
0,-36400.000000,16400.000000,0.000000,4.000000,4.000000,4.000000,0.000000,0.000000,0.000000,0
0,-36800.000000,16400.000000,0.000000,4.000000,4.000000,4.000000,0.000000,0.000000,0.000000,0
0,-37200.000000,16400.000000,0.000000,4.000000,4.000000,4.000000,0.000000,0.000000,0.000000,0
0,-37600.000000,16400.000000,0.000000,4.000000,4.000000,4.000000,0.000000,0.000000,0.000000,0
0,-38000.000000,16400.000000,0.000000,4.000000,4.000000,4.000000,0.000000,0.000000,0.000000,0
0,-38400.000000,16400.000000,0.000000,4.000000,4.000000,4.000000,0.000000,0.000000,0.000000,0
0,-39200.000000,11600.000000,0.000000,4.000000,4.000000,4.000000,0.000000,0.000000,0.000000,0
0,-39600.000000,11600.000000,0.000000,4.000000,4.000000,4.000000,0.000000,0.000000,0.000000,0
0,-40000.000000,11600.000000,0.000000,4.000000,4.000000,4.000000,0.000000,0.000000,0.000000,0
0,-40400.000000,11600.000000,0.000000,4.000000,4.000000,4.000000,0.000000,0.000000,0.000000,0
0,-40800.000000,11600.000000,0.000000,4.000000,4.000000,4.000000,0.000000,0.000000,0.000000,0
0,-41200.000000,11600.000000,0.000000,4.000000,4.000000,4.000000,0.000000,0.000000,0.000000,0
0,-41600.000000,11600.000000,0.000000,4.000000,4.000000,4.000000,0.000000,0.000000,0.000000,0
0,-42000.000000,11600.000000,0.000000,4.000000,4.000000,4.000000,0.000000,0.000000,0.000000,0
0,-42400.000000,11600.000000,0.000000,4.000000,4.000000,4.000000,0.000000,0.000000,0.000000,0
0,-42800.000000,11600.000000,0.000000,4.000000,4.000000,4.000000,0.000000,0.000000,0.000000,0
0,-43200.000000,11600.000000,0.000000,4.000000,4.000000,4.000000,0.000000,0.000000,0.000000,0
0,-43600.000000,11600.000000,0.000000,4.000000,4.000000,4.000000,0.000000,0.000000,0.000000,0
0,-44000.000000,11600.000000,0.000000,4.000000,4.000000,4.000000,0.000000,0.000000,0.000000,0
0,-44400.000000,11600.000000,0.000000,4.000000,4.000000,4.000000,0.000000,0.000000,0.000000,0
0,-44800.000000,11600.000000,0.000000,4.000000,4.000000,4.000000,0.000000,0.000000,0.000000,0
0,-45200.000000,11600.000000,0.000000,4.000000,4.000000,4.000000,0.000000,0.000000,0.000000,0
0,-45600.000000,11600.000000,0.000000,4.000000,4.000000,4.000000,0.000000,0.000000,0.000000,0
0,-46000.000000,11600.000000,0.000000,4.000000,4.000000,4.000000,0.000000,0.000000,0.000000,0
0,-38800.000000,16400.000000,0.000000,4.000000,4.000000,4.000000,0.000000,0.000000,0.000000,0
0,-39200.000000,16400.000000,0.000000,4.000000,4.000000,4.000000,0.000000,0.000000,0.000000,0
0,-39600.000000,16400.000000,0.000000,4.000000,4.000000,4.000000,0.000000,0.000000,0.000000,0
0,-40000.000000,16400.000000,0.000000,4.000000,4.000000,4.000000,0.000000,0.000000,0.000000,0
0,-40400.000000,16400.000000,0.000000,4.000000,4.000000,4.000000,0.000000,0.000000,0.000000,0
0,-40800.000000,16400.000000,0.000000,4.000000,4.000000,4.000000,0.000000,0.000000,0.000000,0
0,-41200.000000,16400.000000,0.000000,4.000000,4.000000,4.000000,0.000000,0.000000,0.000000,0
0,-41600.000000,16400.000000,0.000000,4.000000,4.000000,4.000000,0.000000,0.000000,0.000000,0
0,-42000.000000,16400.000000,0.000000,4.000000,4.000000,4.000000,0.000000,0.000000,0.000000,0
0,-42400.000000,16400.000000,0.000000,4.000000,4.000000,4.000000,0.000000,0.000000,0.000000,0
0,-42800.000000,16400.000000,0.000000,4.000000,4.000000,4.000000,0.000000,0.000000,0.000000,0
0,-43200.000000,16400.000000,0.000000,4.000000,4.000000,4.000000,0.000000,0.000000,0.000000,0
0,-43600.000000,16400.000000,0.000000,4.000000,4.000000,4.000000,0.000000,0.000000,0.000000,0
0,-44000.000000,16400.000000,0.000000,4.000000,4.000000,4.000000,0.000000,0.000000,0.000000,0
0,-44400.000000,16400.000000,0.000000,4.000000,4.000000,4.000000,0.000000,0.000000,0.000000,0
0,-44800.000000,16400.000000,0.000000,4.000000,4.000000,4.000000,0.000000,0.000000,0.000000,0
0,-49600.000000,14000.000000,0.000000,4.000000,4.000000,4.000000,0.000000,0.000000,0.000000,0
0,-49200.000000,14000.000000,0.000000,4.000000,4.000000,4.000000,0.000000,0.000000,0.000000,0
0,-48800.000000,14000.000000,0.000000,4.000000,4.000000,4.000000,0.000000,0.000000,0.000000,0
0,-48400.000000,14000.000000,0.000000,4.000000,4.000000,4.000000,0.000000,0.000000,0.000000,0
0,-48000.000000,14000.000000,0.000000,4.000000,4.000000,4.000000,0.000000,0.000000,0.000000,0
0,-47600.000000,14000.000000,0.000000,4.000000,4.000000,4.000000,0.000000,0.000000,0.000000,0
0,-45200.000000,16400.000000,0.000000,4.000000,4.000000,4.000000,0.000000,0.000000,0.000000,0
0,-45600.000000,16400.000000,0.000000,4.000000,4.000000,4.000000,0.000000,0.000000,0.000000,0
0,-46000.000000,16400.000000,0.000000,4.000000,4.000000,4.000000,0.000000,0.000000,0.000000,0
0,-46400.000000,16400.000000,0.000000,4.000000,4.000000,4.000000,0.000000,0.000000,0.000000,0
0,-46800.000000,16400.000000,0.000000,4.000000,4.000000,4.000000,0.000000,0.000000,0.000000,0
0,-47200.000000,16400.000000,0.000000,4.000000,4.000000,4.000000,0.000000,0.000000,0.000000,0
0,-47600.000000,16400.000000,0.000000,4.000000,4.000000,4.000000,0.000000,0.000000,0.000000,0
0,-48000.000000,16400.000000,0.000000,4.000000,4.000000,4.000000,0.000000,0.000000,0.000000,0
0,-48400.000000,16400.000000,0.000000,4.000000,4.000000,4.000000,0.000000,0.000000,0.000000,0
0,-48800.000000,16400.000000,0.000000,4.000000,4.000000,4.000000,0.000000,0.000000,0.000000,0
0,-49200.000000,16400.000000,0.000000,4.000000,4.000000,4.000000,0.000000,0.000000,0.000000,0
0,-49600.000000,16400.000000,0.000000,4.000000,4.000000,4.000000,0.000000,0.000000,0.000000,0
0,-50000.000000,16400.000000,0.000000,4.000000,4.000000,4.000000,0.000000,0.000000,0.000000,0
0,-50400.000000,16400.000000,0.000000,4.000000,4.000000,4.000000,0.000000,0.000000,0.000000,0
0,-50800.000000,16400.000000,0.000000,4.000000,4.000000,4.000000,0.000000,0.000000,0.000000,0
0,-51200.000000,16400.000000,0.000000,4.000000,4.000000,4.000000,0.000000,0.000000,0.000000,0
0,-51600.000000,16400.000000,0.000000,4.000000,4.000000,4.000000,0.000000,0.000000,0.000000,0
0,-52000.000000,16400.000000,0.000000,4.000000,4.000000,4.000000,0.000000,0.000000,0.000000,0
0,-52400.000000,16400.000000,0.000000,4.000000,4.000000,4.000000,0.000000,0.000000,0.000000,0
0,-52800.000000,16400.000000,0.000000,4.000000,4.000000,4.000000,0.000000,0.000000,0.000000,0
0,-53200.000000,16400.000000,0.000000,4.000000,4.000000,4.000000,0.000000,0.000000,0.000000,0
0,-53600.000000,16400.000000,0.000000,4.000000,4.000000,4.000000,0.000000,0.000000,0.000000,0
0,-53600.000000,16000.000000,0.000000,4.000000,4.000000,4.000000,0.000000,0.000000,0.000000,0
0,-53600.000000,15600.000000,0.000000,4.000000,4.000000,4.000000,0.000000,0.000000,0.000000,0
0,-53600.000000,15200.000000,0.000000,4.000000,4.000000,4.000000,0.000000,0.000000,0.000000,0
0,-53600.000000,14800.000000,0.000000,4.000000,4.000000,4.000000,0.000000,0.000000,0.000000,0
0,-53600.000000,14400.000000,0.000000,4.000000,4.000000,4.000000,0.000000,0.000000,0.000000,0
0,-53600.000000,14000.000000,0.000000,4.000000,4.000000,4.000000,0.000000,0.000000,0.000000,0
0,-53600.000000,13600.000000,0.000000,4.000000,4.000000,4.000000,0.000000,0.000000,0.000000,0
0,-53600.000000,13200.000000,0.000000,4.000000,4.000000,4.000000,0.000000,0.000000,0.000000,0
0,-53600.000000,12800.000000,0.000000,4.000000,4.000000,4.000000,0.000000,0.000000,0.000000,0
0,-53600.000000,12400.000000,0.000000,4.000000,4.000000,4.000000,0.000000,0.000000,0.000000,0
0,-53600.000000,12000.000000,0.000000,4.000000,4.000000,4.000000,0.000000,0.000000,0.000000,0
0,-53600.000000,11600.000000,0.000000,4.000000,4.000000,4.000000,0.000000,0.000000,0.000000,0
0,-53600.000000,11200.000000,0.000000,4.000000,4.000000,4.000000,0.000000,0.000000,0.000000,0
0,-53600.000000,10800.000000,0.000000,4.000000,4.000000,4.000000,0.000000,0.000000,0.000000,0
0,-53600.000000,10400.000000,0.000000,4.000000,4.000000,4.000000,0.000000,0.000000,0.000000,0
0,-53600.000000,10000.000000,0.000000,4.000000,4.000000,4.000000,0.000000,0.000000,0.000000,0
0,-53600.000000,9600.000000,0.000000,4.000000,4.000000,4.000000,0.000000,0.000000,0.000000,0
0,-50400.000000,14000.000000,0.000000,4.000000,4.000000,4.000000,0.000000,0.000000,0.000000,0
0,-50000.000000,14000.000000,0.000000,4.000000,4.000000,4.000000,0.000000,0.000000,0.000000,0
0,-46000.000000,11200.000000,0.000000,4.000000,4.000000,4.000000,0.000000,0.000000,0.000000,0
0,-46000.000000,10800.000000,0.000000,4.000000,4.000000,4.000000,0.000000,0.000000,0.000000,0
0,-46000.000000,10400.000000,0.000000,4.000000,4.000000,4.000000,0.000000,0.000000,0.000000,0
0,-46000.000000,10000.000000,0.000000,4.000000,4.000000,4.000000,0.000000,0.000000,0.000000,0
0,-46000.000000,9600.000000,0.000000,4.000000,4.000000,4.000000,0.000000,0.000000,0.000000,0
0,-46000.000000,9200.000000,0.000000,4.000000,4.000000,4.000000,0.000000,0.000000,0.000000,0
0,-46000.000000,8800.000000,0.000000,4.000000,4.000000,4.000000,0.000000,0.000000,0.000000,0
0,-46000.000000,8400.000000,0.000000,4.000000,4.000000,4.000000,0.000000,0.000000,0.000000,0
0,-46000.000000,8000.000000,0.000000,4.000000,4.000000,4.000000,0.000000,0.000000,0.000000,0
0,-46000.000000,7600.000000,0.000000,4.000000,4.000000,4.000000,0.000000,0.000000,0.000000,0
0,-46000.000000,7200.000000,0.000000,4.000000,4.000000,4.000000,0.000000,0.000000,0.000000,0
0,-46000.000000,6800.000000,0.000000,4.000000,4.000000,4.000000,0.000000,0.000000,0.000000,0
0,-46000.000000,6400.000000,0.000000,4.000000,4.000000,4.000000,0.000000,0.000000,0.000000,0
0,-46000.000000,6000.000000,0.000000,4.000000,4.000000,4.000000,0.000000,0.000000,0.000000,0
0,-46000.000000,5600.000000,0.000000,4.000000,4.000000,4.000000,0.000000,0.000000,0.000000,0
0,-46000.000000,5200.000000,0.000000,4.000000,4.000000,4.000000,0.000000,0.000000,0.000000,0
0,-46000.000000,4800.000000,0.000000,4.000000,4.000000,4.000000,0.000000,0.000000,0.000000,0
0,-46000.000000,4400.000000,0.000000,4.000000,4.000000,4.000000,0.000000,0.000000,0.000000,0
0,-46000.000000,4000.000000,0.000000,4.000000,4.000000,4.000000,0.000000,0.000000,0.000000,0
0,-46000.000000,3600.000000,0.000000,4.000000,4.000000,4.000000,0.000000,0.000000,0.000000,0
0,-46000.000000,3200.000000,0.000000,4.000000,4.000000,4.000000,0.000000,0.000000,0.000000,0
0,-46000.000000,2800.000000,0.000000,4.000000,4.000000,4.000000,0.000000,0.000000,0.000000,0
0,-46000.000000,2400.000000,0.000000,4.000000,4.000000,4.000000,0.000000,0.000000,0.000000,0
0,-46000.000000,2000.000000,0.000000,4.000000,4.000000,4.000000,0.000000,0.000000,0.000000,0
0,-46000.000000,1600.000000,0.000000,4.000000,4.000000,4.000000,0.000000,0.000000,0.000000,0
0,-46000.000000,1200.000000,0.000000,4.000000,4.000000,4.000000,0.000000,0.000000,0.000000,0
0,-46000.000000,800.000000,0.000000,4.000000,4.000000,4.000000,0.000000,0.000000,0.000000,0
0,-46000.000000,400.000000,0.000000,4.000000,4.000000,4.000000,0.000000,0.000000,0.000000,0
0,-46000.000000,0.000000,0.000000,4.000000,4.000000,4.000000,0.000000,0.000000,0.000000,0
0,-46000.000000,-400.000000,0.000000,4.000000,4.000000,4.000000,0.000000,0.000000,0.000000,0
0,-46000.000000,-800.000000,0.000000,4.000000,4.000000,4.000000,0.000000,0.000000,0.000000,0
0,-46000.000000,-1200.000000,0.000000,4.000000,4.000000,4.000000,0.000000,0.000000,0.000000,0
0,-46000.000000,-1600.000000,0.000000,4.000000,4.000000,4.000000,0.000000,0.000000,0.000000,0
0,-46000.000000,-2000.000000,0.000000,4.000000,4.000000,4.000000,0.000000,0.000000,0.000000,0
0,-46000.000000,-2400.000000,0.000000,4.000000,4.000000,4.000000,0.000000,0.000000,0.000000,0
0,-46000.000000,-2800.000000,0.000000,4.000000,4.000000,4.000000,0.000000,0.000000,0.000000,0
0,-46000.000000,-3200.000000,0.000000,4.000000,4.000000,4.000000,0.000000,0.000000,0.000000,0
0,-46000.000000,-3600.000000,0.000000,4.000000,4.000000,4.000000,0.000000,0.000000,0.000000,0
0,-46000.000000,-4000.000000,0.000000,4.000000,4.000000,4.000000,0.000000,0.000000,0.000000,0
0,-46000.000000,-4400.000000,0.000000,4.000000,4.000000,4.000000,0.000000,0.000000,0.000000,0
0,-46000.000000,-4800.000000,0.000000,4.000000,4.000000,4.000000,0.000000,0.000000,0.000000,0
0,-46000.000000,-5200.000000,0.000000,4.000000,4.000000,4.000000,0.000000,0.000000,0.000000,0
0,-46000.000000,-5600.000000,0.000000,4.000000,4.000000,4.000000,0.000000,0.000000,0.000000,0
0,-46000.000000,-6000.000000,0.000000,4.000000,4.000000,4.000000,0.000000,0.000000,0.000000,0
0,-46000.000000,-6400.000000,0.000000,4.000000,4.000000,4.000000,0.000000,0.000000,0.000000,0
0,-53600.000000,9200.000000,0.000000,4.000000,4.000000,4.000000,0.000000,0.000000,0.000000,0
0,-53600.000000,8800.000000,0.000000,4.000000,4.000000,4.000000,0.000000,0.000000,0.000000,0
0,-53600.000000,8400.000000,0.000000,4.000000,4.000000,4.000000,0.000000,0.000000,0.000000,0
0,-53600.000000,8000.000000,0.000000,4.000000,4.000000,4.000000,0.000000,0.000000,0.000000,0
0,-53600.000000,7600.000000,0.000000,4.000000,4.000000,4.000000,0.000000,0.000000,0.000000,0
0,-53600.000000,7200.000000,0.000000,4.000000,4.000000,4.000000,0.000000,0.000000,0.000000,0
0,-53600.000000,6800.000000,0.000000,4.000000,4.000000,4.000000,0.000000,0.000000,0.000000,0
0,-53600.000000,6400.000000,0.000000,4.000000,4.000000,4.000000,0.000000,0.000000,0.000000,0
0,-53600.000000,6000.000000,0.000000,4.000000,4.000000,4.000000,0.000000,0.000000,0.000000,0
0,-53600.000000,5600.000000,0.000000,4.000000,4.000000,4.000000,0.000000,0.000000,0.000000,0
0,-53600.000000,5200.000000,0.000000,4.000000,4.000000,4.000000,0.000000,0.000000,0.000000,0
0,-53600.000000,4800.000000,0.000000,4.000000,4.000000,4.000000,0.000000,0.000000,0.000000,0
0,-53600.000000,4400.000000,0.000000,4.000000,4.000000,4.000000,0.000000,0.000000,0.000000,0
0,-53600.000000,4000.000000,0.000000,4.000000,4.000000,4.000000,0.000000,0.000000,0.000000,0
0,-53600.000000,3600.000000,0.000000,4.000000,4.000000,4.000000,0.000000,0.000000,0.000000,0
0,-53600.000000,3200.000000,0.000000,4.000000,4.000000,4.000000,0.000000,0.000000,0.000000,0
0,-53600.000000,2800.000000,0.000000,4.000000,4.000000,4.000000,0.000000,0.000000,0.000000,0
0,-53600.000000,2400.000000,0.000000,4.000000,4.000000,4.000000,0.000000,0.000000,0.000000,0
0,-53600.000000,2000.000000,0.000000,4.000000,4.000000,4.000000,0.000000,0.000000,0.000000,0
0,-53600.000000,1600.000000,0.000000,4.000000,4.000000,4.000000,0.000000,0.000000,0.000000,0
0,-53600.000000,1200.000000,0.000000,4.000000,4.000000,4.000000,0.000000,0.000000,0.000000,0
0,-53600.000000,800.000000,0.000000,4.000000,4.000000,4.000000,0.000000,0.000000,0.000000,0
0,-53600.000000,400.000000,0.000000,4.000000,4.000000,4.000000,0.000000,0.000000,0.000000,0
0,-53600.000000,0.000000,0.000000,4.000000,4.000000,4.000000,0.000000,0.000000,0.000000,0
0,-53600.000000,-400.000000,0.000000,4.000000,4.000000,4.000000,0.000000,0.000000,0.000000,0
0,-53600.000000,-800.000000,0.000000,4.000000,4.000000,4.000000,0.000000,0.000000,0.000000,0
0,-53600.000000,-1200.000000,0.000000,4.000000,4.000000,4.000000,0.000000,0.000000,0.000000,0
0,-53600.000000,-1600.000000,0.000000,4.000000,4.000000,4.000000,0.000000,0.000000,0.000000,0
0,-53600.000000,-2000.000000,0.000000,4.000000,4.000000,4.000000,0.000000,0.000000,0.000000,0
0,-53600.000000,-2400.000000,0.000000,4.000000,4.000000,4.000000,0.000000,0.000000,0.000000,0
0,-53600.000000,-2800.000000,0.000000,4.000000,4.000000,4.000000,0.000000,0.000000,0.000000,0
0,-53600.000000,-3200.000000,0.000000,4.000000,4.000000,4.000000,0.000000,0.000000,0.000000,0
0,-53600.000000,-3600.000000,0.000000,4.000000,4.000000,4.000000,0.000000,0.000000,0.000000,0
0,-53600.000000,-4000.000000,0.000000,4.000000,4.000000,4.000000,0.000000,0.000000,0.000000,0
0,-53600.000000,-4400.000000,0.000000,4.000000,4.000000,4.000000,0.000000,0.000000,0.000000,0
0,-53600.000000,-4800.000000,0.000000,4.000000,4.000000,4.000000,0.000000,0.000000,0.000000,0
0,-53600.000000,-5200.000000,0.000000,4.000000,4.000000,4.000000,0.000000,0.000000,0.000000,0
0,-53600.000000,-5600.000000,0.000000,4.000000,4.000000,4.000000,0.000000,0.000000,0.000000,0
0,-53600.000000,-6000.000000,0.000000,4.000000,4.000000,4.000000,0.000000,0.000000,0.000000,0
0,-53600.000000,-6400.000000,0.000000,4.000000,4.000000,4.000000,0.000000,0.000000,0.000000,0
0,-53600.000000,-6800.000000,0.000000,4.000000,4.000000,4.000000,0.000000,0.000000,0.000000,0
0,-53600.000000,-7200.000000,0.000000,4.000000,4.000000,4.000000,0.000000,0.000000,0.000000,0
0,-53600.000000,-7600.000000,0.000000,4.000000,4.000000,4.000000,0.000000,0.000000,0.000000,0
0,-53600.000000,-8000.000000,0.000000,4.000000,4.000000,4.000000,0.000000,0.000000,0.000000,0
0,-53600.000000,-8400.000000,0.000000,4.000000,4.000000,4.000000,0.000000,0.000000,0.000000,0
0,-53600.000000,-8800.000000,0.000000,4.000000,4.000000,4.000000,0.000000,0.000000,0.000000,0
0,-53600.000000,-9200.000000,0.000000,4.000000,4.000000,4.000000,0.000000,0.000000,0.000000,0
0,-53600.000000,-9600.000000,0.000000,4.000000,4.000000,4.000000,0.000000,0.000000,0.000000,0
0,-53600.000000,-10000.000000,0.000000,4.000000,4.000000,4.000000,0.000000,0.000000,0.000000,0
0,-53600.000000,-10400.000000,0.000000,4.000000,4.000000,4.000000,0.000000,0.000000,0.000000,0
0,-53600.000000,-10800.000000,0.000000,4.000000,4.000000,4.000000,0.000000,0.000000,0.000000,0
0,-53600.000000,-11200.000000,0.000000,4.000000,4.000000,4.000000,0.000000,0.000000,0.000000,0
0,-53600.000000,-11600.000000,0.000000,4.000000,4.000000,4.000000,0.000000,0.000000,0.000000,0
0,-53600.000000,-12000.000000,0.000000,4.000000,4.000000,4.000000,0.000000,0.000000,0.000000,0
0,-53200.000000,-12000.000000,0.000000,4.000000,4.000000,4.000000,0.000000,0.000000,0.000000,0
0,-52800.000000,-12000.000000,0.000000,4.000000,4.000000,4.000000,0.000000,0.000000,0.000000,0
0,-52400.000000,-12000.000000,0.000000,4.000000,4.000000,4.000000,0.000000,0.000000,0.000000,0
0,-52000.000000,-12000.000000,0.000000,4.000000,4.000000,4.000000,0.000000,0.000000,0.000000,0
0,-51600.000000,-12000.000000,0.000000,4.000000,4.000000,4.000000,0.000000,0.000000,0.000000,0
0,-51200.000000,-12000.000000,0.000000,4.000000,4.000000,4.000000,0.000000,0.000000,0.000000,0
0,-50800.000000,-12000.000000,0.000000,4.000000,4.000000,4.000000,0.000000,0.000000,0.000000,0
0,-50400.000000,-12000.000000,0.000000,4.000000,4.000000,4.000000,0.000000,0.000000,0.000000,0
0,-50000.000000,-12000.000000,0.000000,4.000000,4.000000,4.000000,0.000000,0.000000,0.000000,0
0,-49600.000000,-12000.000000,0.000000,4.000000,4.000000,4.000000,0.000000,0.000000,0.000000,0
0,-49200.000000,-12000.000000,0.000000,4.000000,4.000000,4.000000,0.000000,0.000000,0.000000,0
0,-48800.000000,-12000.000000,0.000000,4.000000,4.000000,4.000000,0.000000,0.000000,0.000000,0
0,-48400.000000,-12000.000000,0.000000,4.000000,4.000000,4.000000,0.000000,0.000000,0.000000,0
0,-48000.000000,-12000.000000,0.000000,4.000000,4.000000,4.000000,0.000000,0.000000,0.000000,0
0,-47600.000000,-12000.000000,0.000000,4.000000,4.000000,4.000000,0.000000,0.000000,0.000000,0
0,-47200.000000,-12000.000000,0.000000,4.000000,4.000000,4.000000,0.000000,0.000000,0.000000,0
0,-46800.000000,-12000.000000,0.000000,4.000000,4.000000,4.000000,0.000000,0.000000,0.000000,0
0,-46400.000000,-12000.000000,0.000000,4.000000,4.000000,4.000000,0.000000,0.000000,0.000000,0
0,-46000.000000,-12000.000000,0.000000,4.000000,4.000000,4.000000,0.000000,0.000000,0.000000,0
0,-45600.000000,-12000.000000,0.000000,4.000000,4.000000,4.000000,0.000000,0.000000,0.000000,0
0,-45200.000000,-12000.000000,0.000000,4.000000,4.000000,4.000000,0.000000,0.000000,0.000000,0
0,-44800.000000,-12000.000000,0.000000,4.000000,4.000000,4.000000,0.000000,0.000000,0.000000,0
0,-44400.000000,-12000.000000,0.000000,4.000000,4.000000,4.000000,0.000000,0.000000,0.000000,0
0,-44000.000000,-12000.000000,0.000000,4.000000,4.000000,4.000000,0.000000,0.000000,0.000000,0
0,-43600.000000,-12000.000000,0.000000,4.000000,4.000000,4.000000,0.000000,0.000000,0.000000,0
0,-43200.000000,-12000.000000,0.000000,4.000000,4.000000,4.000000,0.000000,0.000000,0.000000,0
0,-42800.000000,-12000.000000,0.000000,4.000000,4.000000,4.000000,0.000000,0.000000,0.000000,0
0,-42400.000000,-12000.000000,0.000000,4.000000,4.000000,4.000000,0.000000,0.000000,0.000000,0
0,-42000.000000,-12000.000000,0.000000,4.000000,4.000000,4.000000,0.000000,0.000000,0.000000,0
0,-41600.000000,-12000.000000,0.000000,4.000000,4.000000,4.000000,0.000000,0.000000,0.000000,0
0,-41200.000000,-12000.000000,0.000000,4.000000,4.000000,4.000000,0.000000,0.000000,0.000000,0
0,-46000.000000,-6800.000000,0.000000,4.000000,4.000000,4.000000,0.000000,0.000000,0.000000,0
0,-46000.000000,-7200.000000,0.000000,4.000000,4.000000,4.000000,0.000000,0.000000,0.000000,0
0,-46000.000000,-7600.000000,0.000000,4.000000,4.000000,4.000000,0.000000,0.000000,0.000000,0
0,-46000.000000,-8000.000000,0.000000,4.000000,4.000000,4.000000,0.000000,0.000000,0.000000,0
0,-46000.000000,-8400.000000,0.000000,4.000000,4.000000,4.000000,0.000000,0.000000,0.000000,0
0,-46000.000000,-8800.000000,0.000000,4.000000,4.000000,4.000000,0.000000,0.000000,0.000000,0
0,-46000.000000,-9200.000000,0.000000,4.000000,4.000000,4.000000,0.000000,0.000000,0.000000,0
0,-46000.000000,-9600.000000,0.000000,4.000000,4.000000,4.000000,0.000000,0.000000,0.000000,0
0,-45600.000000,-9600.000000,0.000000,4.000000,4.000000,4.000000,0.000000,0.000000,0.000000,0
0,-45200.000000,-9600.000000,0.000000,4.000000,4.000000,4.000000,0.000000,0.000000,0.000000,0
0,-44800.000000,-9600.000000,0.000000,4.000000,4.000000,4.000000,0.000000,0.000000,0.000000,0
0,-44400.000000,-9600.000000,0.000000,4.000000,4.000000,4.000000,0.000000,0.000000,0.000000,0
0,-44000.000000,-9600.000000,0.000000,4.000000,4.000000,4.000000,0.000000,0.000000,0.000000,0
0,-43600.000000,-9600.000000,0.000000,4.000000,4.000000,4.000000,0.000000,0.000000,0.000000,0
0,-43200.000000,-9600.000000,0.000000,4.000000,4.000000,4.000000,0.000000,0.000000,0.000000,0
0,-40800.000000,-12000.000000,0.000000,4.000000,4.000000,4.000000,0.000000,0.000000,0.000000,0
0,-40800.000000,-11600.000000,0.000000,4.000000,4.000000,4.000000,0.000000,0.000000,0.000000,0
0,-40800.000000,-11200.000000,0.000000,4.000000,4.000000,4.000000,0.000000,0.000000,0.000000,0
0,-40800.000000,-10800.000000,0.000000,4.000000,4.000000,4.000000,0.000000,0.000000,0.000000,0
0,-40800.000000,-10400.000000,0.000000,4.000000,4.000000,4.000000,0.000000,0.000000,0.000000,0
0,-40800.000000,-10000.000000,0.000000,4.000000,4.000000,4.000000,0.000000,0.000000,0.000000,0
0,-40800.000000,-9600.000000,0.000000,4.000000,4.000000,4.000000,0.000000,0.000000,0.000000,0
0,-41200.000000,-9600.000000,0.000000,4.000000,4.000000,4.000000,0.000000,0.000000,0.000000,0
0,-41600.000000,-9600.000000,0.000000,4.000000,4.000000,4.000000,0.000000,0.000000,0.000000,0
0,-42000.000000,-9600.000000,0.000000,4.000000,4.000000,4.000000,0.000000,0.000000,0.000000,0
0,-42400.000000,-9600.000000,0.000000,4.000000,4.000000,4.000000,0.000000,0.000000,0.000000,0
0,-42800.000000,-9600.000000,0.000000,4.000000,4.000000,4.000000,0.000000,0.000000,0.000000,0
3,-24800.000000,12000.000000,400.000000,4.000000,4.000000,4.000000,0.000000,0.000000,1.570796,0
3,-49200.000000,13600.000000,400.000000,4.000000,4.000000,4.000000,0.000000,0.000000,3.141593,0
5,-42000.000000,-10000.000000,400.000000,8.000000,8.000000,8.000000,0.000000,0.000000,3.141593,0
7,-52800.000000,16000.000000,0.000000,4.000000,4.000000,4.000000,0.000000,0.000000,3.141593,0
7,-52400.000000,16000.000000,0.000000,4.000000,4.000000,4.000000,0.000000,0.000000,3.141593,0
7,-52000.000000,16000.000000,0.000000,4.000000,4.000000,4.000000,0.000000,0.000000,3.141593,0
7,-51600.000000,16000.000000,0.000000,4.000000,4.000000,4.000000,0.000000,0.000000,3.141593,0
7,-51200.000000,16000.000000,0.000000,4.000000,4.000000,4.000000,0.000000,0.000000,3.141593,0
7,-50800.000000,16000.000000,0.000000,4.000000,4.000000,4.000000,0.000000,0.000000,3.141593,0
7,-50400.000000,16000.000000,0.000000,4.000000,4.000000,4.000000,0.000000,0.000000,3.141593,0
7,-50000.000000,16000.000000,0.000000,4.000000,4.000000,4.000000,0.000000,0.000000,3.141593,0
7,-49600.000000,16000.000000,0.000000,4.000000,4.000000,4.000000,0.000000,0.000000,3.141593,0
7,-49200.000000,16000.000000,0.000000,4.000000,4.000000,4.000000,0.000000,0.000000,3.141593,0
7,-48800.000000,16000.000000,0.000000,4.000000,4.000000,4.000000,0.000000,0.000000,3.141593,0
7,-48400.000000,16000.000000,0.000000,4.000000,4.000000,4.000000,0.000000,0.000000,3.141593,0
7,-48000.000000,16000.000000,0.000000,4.000000,4.000000,4.000000,0.000000,0.000000,3.141593,0
7,-47600.000000,16000.000000,0.000000,4.000000,4.000000,4.000000,0.000000,0.000000,3.141593,0
7,-47200.000000,16000.000000,0.000000,4.000000,4.000000,4.000000,0.000000,0.000000,3.141593,0
7,-46800.000000,16000.000000,0.000000,4.000000,4.000000,4.000000,0.000000,0.000000,3.141593,0
7,-46400.000000,16000.000000,0.000000,4.000000,4.000000,4.000000,0.000000,0.000000,3.141593,0
7,-46000.000000,16000.000000,0.000000,4.000000,4.000000,4.000000,0.000000,0.000000,3.141593,0
7,-45600.000000,16000.000000,0.000000,4.000000,4.000000,4.000000,0.000000,0.000000,3.141593,0
7,-45200.000000,16000.000000,0.000000,4.000000,4.000000,4.000000,0.000000,0.000000,3.141593,0
7,-44800.000000,16000.000000,0.000000,4.000000,4.000000,4.000000,0.000000,0.000000,3.141593,0
7,-44400.000000,16000.000000,0.000000,4.000000,4.000000,4.000000,0.000000,0.000000,3.141593,0
7,-44000.000000,16000.000000,0.000000,4.000000,4.000000,4.000000,0.000000,0.000000,3.141593,0
7,-43600.000000,16000.000000,0.000000,4.000000,4.000000,4.000000,0.000000,0.000000,3.141593,0
7,-43200.000000,16000.000000,0.000000,4.000000,4.000000,4.000000,0.000000,0.000000,3.141593,0
7,-42800.000000,16000.000000,0.000000,4.000000,4.000000,4.000000,0.000000,0.000000,3.141593,0
7,-42400.000000,16000.000000,0.000000,4.000000,4.000000,4.000000,0.000000,0.000000,3.141593,0
7,-42000.000000,16000.000000,0.000000,4.000000,4.000000,4.000000,0.000000,0.000000,3.141593,0
7,-41600.000000,16000.000000,0.000000,4.000000,4.000000,4.000000,0.000000,0.000000,3.141593,0
7,-41200.000000,16000.000000,0.000000,4.000000,4.000000,4.000000,0.000000,0.000000,3.141593,0
7,-40800.000000,16000.000000,0.000000,4.000000,4.000000,4.000000,0.000000,0.000000,3.141593,0
7,-40400.000000,16000.000000,0.000000,4.000000,4.000000,4.000000,0.000000,0.000000,3.141593,0
7,-40000.000000,16000.000000,0.000000,4.000000,4.000000,4.000000,0.000000,0.000000,3.141593,0
7,-39600.000000,16000.000000,0.000000,4.000000,4.000000,4.000000,0.000000,0.000000,3.141593,0
7,-39200.000000,16000.000000,0.000000,4.000000,4.000000,4.000000,0.000000,0.000000,3.141593,0
7,-38800.000000,16000.000000,0.000000,4.000000,4.000000,4.000000,0.000000,0.000000,3.141593,0
7,-38400.000000,16000.000000,0.000000,4.000000,4.000000,4.000000,0.000000,0.000000,3.141593,0
7,-38000.000000,16000.000000,0.000000,4.000000,4.000000,4.000000,0.000000,0.000000,3.141593,0
7,-37600.000000,16000.000000,0.000000,4.000000,4.000000,4.000000,0.000000,0.000000,3.141593,0
7,-37200.000000,16000.000000,0.000000,4.000000,4.000000,4.000000,0.000000,0.000000,3.141593,0
7,-36800.000000,16000.000000,0.000000,4.000000,4.000000,4.000000,0.000000,0.000000,3.141593,0
7,-36400.000000,16000.000000,0.000000,4.000000,4.000000,4.000000,0.000000,0.000000,3.141593,0
7,-36000.000000,16000.000000,0.000000,4.000000,4.000000,4.000000,0.000000,0.000000,3.141593,0
7,-35600.000000,16000.000000,0.000000,4.000000,4.000000,4.000000,0.000000,0.000000,3.141593,0
7,-35200.000000,16000.000000,0.000000,4.000000,4.000000,4.000000,0.000000,0.000000,3.141593,0
7,-34800.000000,16000.000000,0.000000,4.000000,4.000000,4.000000,0.000000,0.000000,3.141593,0
7,-34400.000000,16000.000000,0.000000,4.000000,4.000000,4.000000,0.000000,0.000000,3.141593,0
7,-34000.000000,16000.000000,0.000000,4.000000,4.000000,4.000000,0.000000,0.000000,3.141593,0
7,-33600.000000,16000.000000,0.000000,4.000000,4.000000,4.000000,0.000000,0.000000,3.141593,0
7,-33200.000000,16000.000000,0.000000,4.000000,4.000000,4.000000,0.000000,0.000000,3.141593,0
7,-32800.000000,16000.000000,0.000000,4.000000,4.000000,4.000000,0.000000,0.000000,3.141593,0
7,-32400.000000,16000.000000,0.000000,4.000000,4.000000,4.000000,0.000000,0.000000,3.141593,0
7,-32000.000000,16000.000000,0.000000,4.000000,4.000000,4.000000,0.000000,0.000000,3.141593,0
7,-31600.000000,16000.000000,0.000000,4.000000,4.000000,4.000000,0.000000,0.000000,3.141593,0
7,-31200.000000,16000.000000,0.000000,4.000000,4.000000,4.000000,0.000000,0.000000,3.141593,0
7,-30800.000000,16000.000000,0.000000,4.000000,4.000000,4.000000,0.000000,0.000000,3.141593,0
7,-30400.000000,16000.000000,0.000000,4.000000,4.000000,4.000000,0.000000,0.000000,3.141593,0
7,-30000.000000,16000.000000,0.000000,4.000000,4.000000,4.000000,0.000000,0.000000,3.141593,0
7,-29600.000000,16000.000000,0.000000,4.000000,4.000000,4.000000,0.000000,0.000000,3.141593,0
7,-29200.000000,16000.000000,0.000000,4.000000,4.000000,4.000000,0.000000,0.000000,3.141593,0
7,-28800.000000,16000.000000,0.000000,4.000000,4.000000,4.000000,0.000000,0.000000,3.141593,0
7,-28400.000000,16000.000000,0.000000,4.000000,4.000000,4.000000,0.000000,0.000000,3.141593,0
7,-28000.000000,16000.000000,0.000000,4.000000,4.000000,4.000000,0.000000,0.000000,3.141593,0
7,-27600.000000,16000.000000,0.000000,4.000000,4.000000,4.000000,0.000000,0.000000,3.141593,0
7,-27200.000000,16000.000000,0.000000,4.000000,4.000000,4.000000,0.000000,0.000000,3.141593,0
7,-26800.000000,16000.000000,0.000000,4.000000,4.000000,4.000000,0.000000,0.000000,3.141593,0
7,-26400.000000,16000.000000,0.000000,4.000000,4.000000,4.000000,0.000000,0.000000,3.141593,0
7,-26000.000000,16000.000000,0.000000,4.000000,4.000000,4.000000,0.000000,0.000000,3.141593,0
7,-25600.000000,16000.000000,0.000000,4.000000,4.000000,4.000000,0.000000,0.000000,3.141593,0
7,-25200.000000,16000.000000,0.000000,4.000000,4.000000,4.000000,0.000000,0.000000,3.141593,0
7,-24800.000000,16000.000000,0.000000,4.000000,4.000000,4.000000,0.000000,0.000000,3.141593,0
7,-24400.000000,16000.000000,0.000000,4.000000,4.000000,4.000000,0.000000,0.000000,3.141593,0
7,-24000.000000,16000.000000,0.000000,4.000000,4.000000,4.000000,0.000000,0.000000,3.141593,0
7,-23600.000000,16000.000000,0.000000,4.000000,4.000000,4.000000,0.000000,0.000000,3.141593,0
7,-23200.000000,16000.000000,0.000000,4.000000,4.000000,4.000000,0.000000,0.000000,3.141593,0
7,-22800.000000,16000.000000,0.000000,4.000000,4.000000,4.000000,0.000000,0.000000,3.141593,0
7,-22400.000000,16000.000000,0.000000,4.000000,4.000000,4.000000,0.000000,0.000000,3.141593,0
7,-31600.000000,12000.000000,0.000000,4.000000,4.000000,4.000000,0.000000,0.000000,0.000000,0
7,-32000.000000,12000.000000,0.000000,4.000000,4.000000,4.000000,0.000000,0.000000,0.000000,0
7,-32400.000000,12000.000000,0.000000,4.000000,4.000000,4.000000,0.000000,0.000000,0.000000,0
7,-32800.000000,12000.000000,0.000000,4.000000,4.000000,4.000000,0.000000,0.000000,0.000000,0
7,-33200.000000,12000.000000,0.000000,4.000000,4.000000,4.000000,0.000000,0.000000,0.000000,0
7,-33600.000000,12000.000000,0.000000,4.000000,4.000000,4.000000,0.000000,0.000000,0.000000,0
7,-34000.000000,12000.000000,0.000000,4.000000,4.000000,4.000000,0.000000,0.000000,0.000000,0
7,-34400.000000,12000.000000,0.000000,4.000000,4.000000,4.000000,0.000000,0.000000,0.000000,0
7,-34800.000000,12000.000000,0.000000,4.000000,4.000000,4.000000,0.000000,0.000000,0.000000,0
7,-35200.000000,12000.000000,0.000000,4.000000,4.000000,4.000000,0.000000,0.000000,0.000000,0
7,-35600.000000,12000.000000,0.000000,4.000000,4.000000,4.000000,0.000000,0.000000,0.000000,0
7,-36000.000000,12000.000000,0.000000,4.000000,4.000000,4.000000,0.000000,0.000000,0.000000,0
7,-36400.000000,12000.000000,0.000000,4.000000,4.000000,4.000000,0.000000,0.000000,0.000000,0
7,-36800.000000,12000.000000,0.000000,4.000000,4.000000,4.000000,0.000000,0.000000,0.000000,0
7,-37200.000000,12000.000000,0.000000,4.000000,4.000000,4.000000,0.000000,0.000000,0.000000,0
7,-37600.000000,12000.000000,0.000000,4.000000,4.000000,4.000000,0.000000,0.000000,0.000000,0
7,-38000.000000,12000.000000,0.000000,4.000000,4.000000,4.000000,0.000000,0.000000,0.000000,0
7,-38400.000000,12000.000000,0.000000,4.000000,4.000000,4.000000,0.000000,0.000000,0.000000,0
7,-38800.000000,12000.000000,0.000000,4.000000,4.000000,4.000000,0.000000,0.000000,0.000000,0
7,-39200.000000,12000.000000,0.000000,4.000000,4.000000,4.000000,0.000000,0.000000,0.000000,0
7,-39600.000000,12000.000000,0.000000,4.000000,4.000000,4.000000,0.000000,0.000000,0.000000,0
7,-40000.000000,12000.000000,0.000000,4.000000,4.000000,4.000000,0.000000,0.000000,0.000000,0
7,-40400.000000,12000.000000,0.000000,4.000000,4.000000,4.000000,0.000000,0.000000,0.000000,0
7,-40800.000000,12000.000000,0.000000,4.000000,4.000000,4.000000,0.000000,0.000000,0.000000,0
7,-41200.000000,12000.000000,0.000000,4.000000,4.000000,4.000000,0.000000,0.000000,0.000000,0
7,-41600.000000,12000.000000,0.000000,4.000000,4.000000,4.000000,0.000000,0.000000,0.000000,0
7,-42000.000000,12000.000000,0.000000,4.000000,4.000000,4.000000,0.000000,0.000000,0.000000,0
7,-42400.000000,12000.000000,0.000000,4.000000,4.000000,4.000000,0.000000,0.000000,0.000000,0
7,-42800.000000,12000.000000,0.000000,4.000000,4.000000,4.000000,0.000000,0.000000,0.000000,0
7,-43200.000000,12000.000000,0.000000,4.000000,4.000000,4.000000,0.000000,0.000000,0.000000,0
7,-43600.000000,12000.000000,0.000000,4.000000,4.000000,4.000000,0.000000,0.000000,0.000000,0
7,-44000.000000,12000.000000,0.000000,4.000000,4.000000,4.000000,0.000000,0.000000,0.000000,0
7,-44400.000000,12000.000000,0.000000,4.000000,4.000000,4.000000,0.000000,0.000000,0.000000,0
7,-44800.000000,12000.000000,0.000000,4.000000,4.000000,4.000000,0.000000,0.000000,0.000000,0
7,-45200.000000,12000.000000,0.000000,4.000000,4.000000,4.000000,0.000000,0.000000,0.000000,0
7,-45600.000000,12000.000000,0.000000,4.000000,4.000000,4.000000,0.000000,0.000000,0.000000,0
7,-46000.000000,12000.000000,0.000000,4.000000,4.000000,4.000000,0.000000,0.000000,0.000000,0
7,-22000.000000,15600.000000,0.000000,4.000000,4.000000,4.000000,0.000000,0.000000,1.570796,0
7,-22000.000000,15200.000000,0.000000,4.000000,4.000000,4.000000,0.000000,0.000000,1.570796,0
7,-22000.000000,14800.000000,0.000000,4.000000,4.000000,4.000000,0.000000,0.000000,1.570796,0
7,-22000.000000,14400.000000,0.000000,4.000000,4.000000,4.000000,0.000000,0.000000,1.570796,0
7,-22000.000000,14000.000000,0.000000,4.000000,4.000000,4.000000,0.000000,0.000000,1.570796,0
7,-22000.000000,13600.000000,0.000000,4.000000,4.000000,4.000000,0.000000,0.000000,1.570796,0
7,-22000.000000,13200.000000,0.000000,4.000000,4.000000,4.000000,0.000000,0.000000,1.570796,0
7,-22000.000000,12800.000000,0.000000,4.000000,4.000000,4.000000,0.000000,0.000000,1.570796,0
7,-22000.000000,12400.000000,0.000000,4.000000,4.000000,4.000000,0.000000,0.000000,1.570796,0
7,-22000.000000,12000.000000,0.000000,4.000000,4.000000,4.000000,0.000000,0.000000,1.570796,0
7,-22000.000000,11600.000000,0.000000,4.000000,4.000000,4.000000,0.000000,0.000000,1.570796,0
7,-22000.000000,11200.000000,0.000000,4.000000,4.000000,4.000000,0.000000,0.000000,1.570796,0
7,-22000.000000,10800.000000,0.000000,4.000000,4.000000,4.000000,0.000000,0.000000,1.570796,0
7,-22000.000000,10400.000000,0.000000,4.000000,4.000000,4.000000,0.000000,0.000000,1.570796,0
7,-22000.000000,10000.000000,0.000000,4.000000,4.000000,4.000000,0.000000,0.000000,1.570796,0
7,-22000.000000,9600.000000,0.000000,4.000000,4.000000,4.000000,0.000000,0.000000,1.570796,0
7,-22000.000000,9200.000000,0.000000,4.000000,4.000000,4.000000,0.000000,0.000000,1.570796,0
7,-22000.000000,8800.000000,0.000000,4.000000,4.000000,4.000000,0.000000,0.000000,1.570796,0
7,-22000.000000,8400.000000,0.000000,4.000000,4.000000,4.000000,0.000000,0.000000,1.570796,0
7,-22000.000000,8000.000000,0.000000,4.000000,4.000000,4.000000,0.000000,0.000000,1.570796,0
7,-22000.000000,7600.000000,0.000000,4.000000,4.000000,4.000000,0.000000,0.000000,1.570796,0
7,-22000.000000,7200.000000,0.000000,4.000000,4.000000,4.000000,0.000000,0.000000,1.570796,0
7,-22000.000000,6800.000000,0.000000,4.000000,4.000000,4.000000,0.000000,0.000000,1.570796,0
7,-22000.000000,6400.000000,0.000000,4.000000,4.000000,4.000000,0.000000,0.000000,1.570796,0
7,-22000.000000,6000.000000,0.000000,4.000000,4.000000,4.000000,0.000000,0.000000,1.570796,0
7,-22000.000000,5600.000000,0.000000,4.000000,4.000000,4.000000,0.000000,0.000000,1.570796,0
7,-22000.000000,5200.000000,0.000000,4.000000,4.000000,4.000000,0.000000,0.000000,1.570796,0
7,-22000.000000,4800.000000,0.000000,4.000000,4.000000,4.000000,0.000000,0.000000,1.570796,0
7,-22000.000000,4400.000000,0.000000,4.000000,4.000000,4.000000,0.000000,0.000000,1.570796,0
7,-22000.000000,4000.000000,0.000000,4.000000,4.000000,4.000000,0.000000,0.000000,1.570796,0
7,-22000.000000,3600.000000,0.000000,4.000000,4.000000,4.000000,0.000000,0.000000,1.570796,0
7,-22000.000000,3200.000000,0.000000,4.000000,4.000000,4.000000,0.000000,0.000000,1.570796,0
7,-22000.000000,2800.000000,0.000000,4.000000,4.000000,4.000000,0.000000,0.000000,1.570796,0
7,-22000.000000,2400.000000,0.000000,4.000000,4.000000,4.000000,0.000000,0.000000,1.570796,0
7,-22000.000000,2000.000000,0.000000,4.000000,4.000000,4.000000,0.000000,0.000000,1.570796,0
7,-22000.000000,1600.000000,0.000000,4.000000,4.000000,4.000000,0.000000,0.000000,1.570796,0
7,-22000.000000,1200.000000,0.000000,4.000000,4.000000,4.000000,0.000000,0.000000,1.570796,0
7,-22000.000000,800.000000,0.000000,4.000000,4.000000,4.000000,0.000000,0.000000,1.570796,0
7,-22000.000000,400.000000,0.000000,4.000000,4.000000,4.000000,0.000000,0.000000,1.570796,0
7,-22000.000000,0.000000,0.000000,4.000000,4.000000,4.000000,0.000000,0.000000,1.570796,0
7,-22000.000000,-400.000000,0.000000,4.000000,4.000000,4.000000,0.000000,0.000000,1.570796,0
7,-22000.000000,-800.000000,0.000000,4.000000,4.000000,4.000000,0.000000,0.000000,1.570796,0
7,-22000.000000,-1200.000000,0.000000,4.000000,4.000000,4.000000,0.000000,0.000000,1.570796,0
7,-22000.000000,-1600.000000,0.000000,4.000000,4.000000,4.000000,0.000000,0.000000,1.570796,0
7,-22000.000000,-2000.000000,0.000000,4.000000,4.000000,4.000000,0.000000,0.000000,1.570796,0
7,-22000.000000,-2400.000000,0.000000,4.000000,4.000000,4.000000,0.000000,0.000000,1.570796,0
7,-22000.000000,-2800.000000,0.000000,4.000000,4.000000,4.000000,0.000000,0.000000,1.570796,0
7,-22000.000000,-3200.000000,0.000000,4.000000,4.000000,4.000000,0.000000,0.000000,1.570796,0
7,-22000.000000,-3600.000000,0.000000,4.000000,4.000000,4.000000,0.000000,0.000000,1.570796,0
7,-22000.000000,-4000.000000,0.000000,4.000000,4.000000,4.000000,0.000000,0.000000,1.570796,0
7,-22000.000000,-4400.000000,0.000000,4.000000,4.000000,4.000000,0.000000,0.000000,1.570796,0
7,-22000.000000,-4800.000000,0.000000,4.000000,4.000000,4.000000,0.000000,0.000000,1.570796,0
7,-22000.000000,-5200.000000,0.000000,4.000000,4.000000,4.000000,0.000000,0.000000,1.570796,0
7,-22000.000000,-5600.000000,0.000000,4.000000,4.000000,4.000000,0.000000,0.000000,1.570796,0
7,-22000.000000,-6000.000000,0.000000,4.000000,4.000000,4.000000,0.000000,0.000000,1.570796,0
7,-22000.000000,-6400.000000,0.000000,4.000000,4.000000,4.000000,0.000000,0.000000,1.570796,0
7,-22000.000000,-6800.000000,0.000000,4.000000,4.000000,4.000000,0.000000,0.000000,1.570796,0
7,-22000.000000,-7200.000000,0.000000,4.000000,4.000000,4.000000,0.000000,0.000000,1.570796,0
7,-46400.000000,-9600.000000,0.000000,4.000000,4.000000,4.000000,0.000000,0.000000,1.570796,0
7,-46400.000000,-9200.000000,0.000000,4.000000,4.000000,4.000000,0.000000,0.000000,1.570796,0
7,-46400.000000,-8800.000000,0.000000,4.000000,4.000000,4.000000,0.000000,0.000000,1.570796,0
7,-46400.000000,-8400.000000,0.000000,4.000000,4.000000,4.000000,0.000000,0.000000,1.570796,0
7,-46400.000000,-8000.000000,0.000000,4.000000,4.000000,4.000000,0.000000,0.000000,1.570796,0
7,-46400.000000,-7600.000000,0.000000,4.000000,4.000000,4.000000,0.000000,0.000000,1.570796,0
7,-46400.000000,-7200.000000,0.000000,4.000000,4.000000,4.000000,0.000000,0.000000,1.570796,0
7,-46400.000000,-6800.000000,0.000000,4.000000,4.000000,4.000000,0.000000,0.000000,1.570796,0
7,-46400.000000,-6400.000000,0.000000,4.000000,4.000000,4.000000,0.000000,0.000000,1.570796,0
7,-46400.000000,-6000.000000,0.000000,4.000000,4.000000,4.000000,0.000000,0.000000,1.570796,0
7,-46400.000000,-5600.000000,0.000000,4.000000,4.000000,4.000000,0.000000,0.000000,1.570796,0
7,-46400.000000,-5200.000000,0.000000,4.000000,4.000000,4.000000,0.000000,0.000000,1.570796,0
7,-46400.000000,-4800.000000,0.000000,4.000000,4.000000,4.000000,0.000000,0.000000,1.570796,0
7,-46400.000000,-4400.000000,0.000000,4.000000,4.000000,4.000000,0.000000,0.000000,1.570796,0
7,-46400.000000,-4000.000000,0.000000,4.000000,4.000000,4.000000,0.000000,0.000000,1.570796,0
7,-46400.000000,-3600.000000,0.000000,4.000000,4.000000,4.000000,0.000000,0.000000,1.570796,0
7,-46400.000000,-3200.000000,0.000000,4.000000,4.000000,4.000000,0.000000,0.000000,1.570796,0
7,-46400.000000,-2800.000000,0.000000,4.000000,4.000000,4.000000,0.000000,0.000000,1.570796,0
7,-46400.000000,-2400.000000,0.000000,4.000000,4.000000,4.000000,0.000000,0.000000,1.570796,0
7,-46400.000000,-2000.000000,0.000000,4.000000,4.000000,4.000000,0.000000,0.000000,1.570796,0
7,-46400.000000,-1600.000000,0.000000,4.000000,4.000000,4.000000,0.000000,0.000000,1.570796,0
7,-46400.000000,-1200.000000,0.000000,4.000000,4.000000,4.000000,0.000000,0.000000,1.570796,0
7,-46400.000000,-800.000000,0.000000,4.000000,4.000000,4.000000,0.000000,0.000000,1.570796,0
7,-46400.000000,-400.000000,0.000000,4.000000,4.000000,4.000000,0.000000,0.000000,1.570796,0
7,-46400.000000,0.000000,0.000000,4.000000,4.000000,4.000000,0.000000,0.000000,1.570796,0
7,-46400.000000,400.000000,0.000000,4.000000,4.000000,4.000000,0.000000,0.000000,1.570796,0
7,-46400.000000,800.000000,0.000000,4.000000,4.000000,4.000000,0.000000,0.000000,1.570796,0
7,-46400.000000,1200.000000,0.000000,4.000000,4.000000,4.000000,0.000000,0.000000,1.570796,0
7,-46400.000000,1600.000000,0.000000,4.000000,4.000000,4.000000,0.000000,0.000000,1.570796,0
7,-46400.000000,2000.000000,0.000000,4.000000,4.000000,4.000000,0.000000,0.000000,1.570796,0
7,-46400.000000,2400.000000,0.000000,4.000000,4.000000,4.000000,0.000000,0.000000,1.570796,0
7,-46400.000000,2800.000000,0.000000,4.000000,4.000000,4.000000,0.000000,0.000000,1.570796,0
7,-46400.000000,3200.000000,0.000000,4.000000,4.000000,4.000000,0.000000,0.000000,1.570796,0
7,-46400.000000,3600.000000,0.000000,4.000000,4.000000,4.000000,0.000000,0.000000,1.570796,0
7,-46400.000000,4000.000000,0.000000,4.000000,4.000000,4.000000,0.000000,0.000000,1.570796,0
7,-46400.000000,4400.000000,0.000000,4.000000,4.000000,4.000000,0.000000,0.000000,1.570796,0
7,-46400.000000,4800.000000,0.000000,4.000000,4.000000,4.000000,0.000000,0.000000,1.570796,0
7,-46400.000000,5200.000000,0.000000,4.000000,4.000000,4.000000,0.000000,0.000000,1.570796,0
7,-46400.000000,5600.000000,0.000000,4.000000,4.000000,4.000000,0.000000,0.000000,1.570796,0
7,-46400.000000,6000.000000,0.000000,4.000000,4.000000,4.000000,0.000000,0.000000,1.570796,0
7,-46400.000000,6400.000000,0.000000,4.000000,4.000000,4.000000,0.000000,0.000000,1.570796,0
7,-46400.000000,6800.000000,0.000000,4.000000,4.000000,4.000000,0.000000,0.000000,1.570796,0
7,-46400.000000,7200.000000,0.000000,4.000000,4.000000,4.000000,0.000000,0.000000,1.570796,0
7,-46400.000000,7600.000000,0.000000,4.000000,4.000000,4.000000,0.000000,0.000000,1.570796,0
7,-46400.000000,8000.000000,0.000000,4.000000,4.000000,4.000000,0.000000,0.000000,1.570796,0
7,-46400.000000,8400.000000,0.000000,4.000000,4.000000,4.000000,0.000000,0.000000,1.570796,0
7,-46400.000000,8800.000000,0.000000,4.000000,4.000000,4.000000,0.000000,0.000000,1.570796,0
7,-46400.000000,9200.000000,0.000000,4.000000,4.000000,4.000000,0.000000,0.000000,1.570796,0
7,-46400.000000,9600.000000,0.000000,4.000000,4.000000,4.000000,0.000000,0.000000,1.570796,0
7,-46400.000000,10000.000000,0.000000,4.000000,4.000000,4.000000,0.000000,0.000000,1.570796,0
7,-46400.000000,10400.000000,0.000000,4.000000,4.000000,4.000000,0.000000,0.000000,1.570796,0
7,-46400.000000,10800.000000,0.000000,4.000000,4.000000,4.000000,0.000000,0.000000,1.570796,0
7,-46400.000000,11200.000000,0.000000,4.000000,4.000000,4.000000,0.000000,0.000000,1.570796,0
7,-46400.000000,11600.000000,0.000000,4.000000,4.000000,4.000000,0.000000,0.000000,1.570796,0
7,-31200.000000,-6800.000000,0.000000,4.000000,4.000000,4.000000,0.000000,0.000000,-1.570796,0
7,-31200.000000,-7200.000000,0.000000,4.000000,4.000000,4.000000,0.000000,0.000000,-1.570796,0
7,-31200.000000,-6400.000000,0.000000,4.000000,4.000000,4.000000,0.000000,0.000000,-1.570796,0
7,-31200.000000,-6000.000000,0.000000,4.000000,4.000000,4.000000,0.000000,0.000000,-1.570796,0
7,-31200.000000,-5600.000000,0.000000,4.000000,4.000000,4.000000,0.000000,0.000000,-1.570796,0
7,-31200.000000,-5200.000000,0.000000,4.000000,4.000000,4.000000,0.000000,0.000000,-1.570796,0
7,-31200.000000,-4800.000000,0.000000,4.000000,4.000000,4.000000,0.000000,0.000000,-1.570796,0
7,-31200.000000,-4400.000000,0.000000,4.000000,4.000000,4.000000,0.000000,0.000000,-1.570796,0
7,-31200.000000,-4000.000000,0.000000,4.000000,4.000000,4.000000,0.000000,0.000000,-1.570796,0
7,-31200.000000,-3600.000000,0.000000,4.000000,4.000000,4.000000,0.000000,0.000000,-1.570796,0
7,-31200.000000,-3200.000000,0.000000,4.000000,4.000000,4.000000,0.000000,0.000000,-1.570796,0
7,-31200.000000,-2800.000000,0.000000,4.000000,4.000000,4.000000,0.000000,0.000000,-1.570796,0
7,-31200.000000,-2400.000000,0.000000,4.000000,4.000000,4.000000,0.000000,0.000000,-1.570796,0
7,-31200.000000,-1600.000000,0.000000,4.000000,4.000000,4.000000,0.000000,0.000000,-1.570796,0
7,-31200.000000,-1200.000000,0.000000,4.000000,4.000000,4.000000,0.000000,0.000000,-1.570796,0
7,-31200.000000,-800.000000,0.000000,4.000000,4.000000,4.000000,0.000000,0.000000,-1.570796,0
7,-31200.000000,-400.000000,0.000000,4.000000,4.000000,4.000000,0.000000,0.000000,-1.570796,0
7,-31200.000000,0.000000,0.000000,4.000000,4.000000,4.000000,0.000000,0.000000,-1.570796,0
7,-31200.000000,400.000000,0.000000,4.000000,4.000000,4.000000,0.000000,0.000000,-1.570796,0
7,-31200.000000,800.000000,0.000000,4.000000,4.000000,4.000000,0.000000,0.000000,-1.570796,0
7,-31200.000000,1200.000000,0.000000,4.000000,4.000000,4.000000,0.000000,0.000000,-1.570796,0
7,-31200.000000,1600.000000,0.000000,4.000000,4.000000,4.000000,0.000000,0.000000,-1.570796,0
7,-31200.000000,2000.000000,0.000000,4.000000,4.000000,4.000000,0.000000,0.000000,-1.570796,0
7,-31200.000000,2400.000000,0.000000,4.000000,4.000000,4.000000,0.000000,0.000000,-1.570796,0
7,-31200.000000,-2000.000000,0.000000,4.000000,4.000000,4.000000,0.000000,0.000000,-1.570796,0
7,-31200.000000,2800.000000,0.000000,4.000000,4.000000,4.000000,0.000000,0.000000,-1.570796,0
7,-31200.000000,3200.000000,0.000000,4.000000,4.000000,4.000000,0.000000,0.000000,-1.570796,0
7,-31200.000000,3600.000000,0.000000,4.000000,4.000000,4.000000,0.000000,0.000000,-1.570796,0
7,-31200.000000,4000.000000,0.000000,4.000000,4.000000,4.000000,0.000000,0.000000,-1.570796,0
7,-31200.000000,4400.000000,0.000000,4.000000,4.000000,4.000000,0.000000,0.000000,-1.570796,0
7,-31200.000000,4800.000000,0.000000,4.000000,4.000000,4.000000,0.000000,0.000000,-1.570796,0
7,-31200.000000,5200.000000,0.000000,4.000000,4.000000,4.000000,0.000000,0.000000,-1.570796,0
7,-31200.000000,5600.000000,0.000000,4.000000,4.000000,4.000000,0.000000,0.000000,-1.570796,0
7,-31200.000000,6000.000000,0.000000,4.000000,4.000000,4.000000,0.000000,0.000000,-1.570796,0
7,-31200.000000,6400.000000,0.000000,4.000000,4.000000,4.000000,0.000000,0.000000,-1.570796,0
7,-31200.000000,6800.000000,0.000000,4.000000,4.000000,4.000000,0.000000,0.000000,-1.570796,0
7,-31200.000000,7200.000000,0.000000,4.000000,4.000000,4.000000,0.000000,0.000000,-1.570796,0
7,-31200.000000,7600.000000,0.000000,4.000000,4.000000,4.000000,0.000000,0.000000,-1.570796,0
7,-31200.000000,8000.000000,0.000000,4.000000,4.000000,4.000000,0.000000,0.000000,-1.570796,0
7,-31200.000000,8400.000000,0.000000,4.000000,4.000000,4.000000,0.000000,0.000000,-1.570796,0
7,-31200.000000,8800.000000,0.000000,4.000000,4.000000,4.000000,0.000000,0.000000,-1.570796,0
7,-31200.000000,9200.000000,0.000000,4.000000,4.000000,4.000000,0.000000,0.000000,-1.570796,0
7,-31200.000000,9600.000000,0.000000,4.000000,4.000000,4.000000,0.000000,0.000000,-1.570796,0
7,-31200.000000,10000.000000,0.000000,4.000000,4.000000,4.000000,0.000000,0.000000,-1.570796,0
7,-31200.000000,10400.000000,0.000000,4.000000,4.000000,4.000000,0.000000,0.000000,-1.570796,0
7,-31200.000000,10800.000000,0.000000,4.000000,4.000000,4.000000,0.000000,0.000000,-1.570796,0
7,-31200.000000,11200.000000,0.000000,4.000000,4.000000,4.000000,0.000000,0.000000,-1.570796,0
7,-31200.000000,11600.000000,0.000000,4.000000,4.000000,4.000000,0.000000,0.000000,-1.570796,0
7,-53200.000000,15200.000000,0.000000,4.000000,4.000000,4.000000,0.000000,0.000000,-1.570796,0
7,-53200.000000,15600.000000,0.000000,4.000000,4.000000,4.000000,0.000000,0.000000,-1.570796,0
7,-53200.000000,14800.000000,0.000000,4.000000,4.000000,4.000000,0.000000,0.000000,-1.570796,0
7,-53200.000000,14400.000000,0.000000,4.000000,4.000000,4.000000,0.000000,0.000000,-1.570796,0
7,-53200.000000,14000.000000,0.000000,4.000000,4.000000,4.000000,0.000000,0.000000,-1.570796,0
7,-53200.000000,13600.000000,0.000000,4.000000,4.000000,4.000000,0.000000,0.000000,-1.570796,0
7,-53200.000000,13200.000000,0.000000,4.000000,4.000000,4.000000,0.000000,0.000000,-1.570796,0
7,-53200.000000,12800.000000,0.000000,4.000000,4.000000,4.000000,0.000000,0.000000,-1.570796,0
7,-53200.000000,12400.000000,0.000000,4.000000,4.000000,4.000000,0.000000,0.000000,-1.570796,0
7,-53200.000000,12000.000000,0.000000,4.000000,4.000000,4.000000,0.000000,0.000000,-1.570796,0
7,-53200.000000,11600.000000,0.000000,4.000000,4.000000,4.000000,0.000000,0.000000,-1.570796,0
7,-53200.000000,11200.000000,0.000000,4.000000,4.000000,4.000000,0.000000,0.000000,-1.570796,0
7,-53200.000000,10800.000000,0.000000,4.000000,4.000000,4.000000,0.000000,0.000000,-1.570796,0
7,-53200.000000,10400.000000,0.000000,4.000000,4.000000,4.000000,0.000000,0.000000,-1.570796,0
7,-53200.000000,10000.000000,0.000000,4.000000,4.000000,4.000000,0.000000,0.000000,-1.570796,0
7,-53200.000000,9600.000000,0.000000,4.000000,4.000000,4.000000,0.000000,0.000000,-1.570796,0
7,-53200.000000,9200.000000,0.000000,4.000000,4.000000,4.000000,0.000000,0.000000,-1.570796,0
7,-53200.000000,8800.000000,0.000000,4.000000,4.000000,4.000000,0.000000,0.000000,-1.570796,0
7,-53200.000000,8400.000000,0.000000,4.000000,4.000000,4.000000,0.000000,0.000000,-1.570796,0
7,-53200.000000,8000.000000,0.000000,4.000000,4.000000,4.000000,0.000000,0.000000,-1.570796,0
7,-53200.000000,7600.000000,0.000000,4.000000,4.000000,4.000000,0.000000,0.000000,-1.570796,0
7,-53200.000000,7200.000000,0.000000,4.000000,4.000000,4.000000,0.000000,0.000000,-1.570796,0
7,-53200.000000,6800.000000,0.000000,4.000000,4.000000,4.000000,0.000000,0.000000,-1.570796,0
7,-53200.000000,6400.000000,0.000000,4.000000,4.000000,4.000000,0.000000,0.000000,-1.570796,0
7,-53200.000000,6000.000000,0.000000,4.000000,4.000000,4.000000,0.000000,0.000000,-1.570796,0
7,-53200.000000,5600.000000,0.000000,4.000000,4.000000,4.000000,0.000000,0.000000,-1.570796,0
7,-53200.000000,5200.000000,0.000000,4.000000,4.000000,4.000000,0.000000,0.000000,-1.570796,0
7,-53200.000000,4800.000000,0.000000,4.000000,4.000000,4.000000,0.000000,0.000000,-1.570796,0
7,-53200.000000,4400.000000,0.000000,4.000000,4.000000,4.000000,0.000000,0.000000,-1.570796,0
7,-53200.000000,4000.000000,0.000000,4.000000,4.000000,4.000000,0.000000,0.000000,-1.570796,0
7,-53200.000000,3600.000000,0.000000,4.000000,4.000000,4.000000,0.000000,0.000000,-1.570796,0
7,-53200.000000,3200.000000,0.000000,4.000000,4.000000,4.000000,0.000000,0.000000,-1.570796,0
7,-53200.000000,2800.000000,0.000000,4.000000,4.000000,4.000000,0.000000,0.000000,-1.570796,0
7,-53200.000000,2400.000000,0.000000,4.000000,4.000000,4.000000,0.000000,0.000000,-1.570796,0
7,-53200.000000,2000.000000,0.000000,4.000000,4.000000,4.000000,0.000000,0.000000,-1.570796,0
7,-53200.000000,1600.000000,0.000000,4.000000,4.000000,4.000000,0.000000,0.000000,-1.570796,0
7,-53200.000000,1200.000000,0.000000,4.000000,4.000000,4.000000,0.000000,0.000000,-1.570796,0
7,-53200.000000,800.000000,0.000000,4.000000,4.000000,4.000000,0.000000,0.000000,-1.570796,0
7,-53200.000000,400.000000,0.000000,4.000000,4.000000,4.000000,0.000000,0.000000,-1.570796,0
7,-53200.000000,0.000000,0.000000,4.000000,4.000000,4.000000,0.000000,0.000000,-1.570796,0
7,-53200.000000,-400.000000,0.000000,4.000000,4.000000,4.000000,0.000000,0.000000,-1.570796,0
7,-53200.000000,-800.000000,0.000000,4.000000,4.000000,4.000000,0.000000,0.000000,-1.570796,0
7,-53200.000000,-1200.000000,0.000000,4.000000,4.000000,4.000000,0.000000,0.000000,-1.570796,0
7,-53200.000000,-1600.000000,0.000000,4.000000,4.000000,4.000000,0.000000,0.000000,-1.570796,0
7,-53200.000000,-2000.000000,0.000000,4.000000,4.000000,4.000000,0.000000,0.000000,-1.570796,0
7,-53200.000000,-2400.000000,0.000000,4.000000,4.000000,4.000000,0.000000,0.000000,-1.570796,0
7,-53200.000000,-2800.000000,0.000000,4.000000,4.000000,4.000000,0.000000,0.000000,-1.570796,0
7,-53200.000000,-3200.000000,0.000000,4.000000,4.000000,4.000000,0.000000,0.000000,-1.570796,0
7,-53200.000000,-3600.000000,0.000000,4.000000,4.000000,4.000000,0.000000,0.000000,-1.570796,0
7,-53200.000000,-4000.000000,0.000000,4.000000,4.000000,4.000000,0.000000,0.000000,-1.570796,0
7,-53200.000000,-4400.000000,0.000000,4.000000,4.000000,4.000000,0.000000,0.000000,-1.570796,0
7,-53200.000000,-4800.000000,0.000000,4.000000,4.000000,4.000000,0.000000,0.000000,-1.570796,0
7,-53200.000000,-5200.000000,0.000000,4.000000,4.000000,4.000000,0.000000,0.000000,-1.570796,0
7,-53200.000000,-5600.000000,0.000000,4.000000,4.000000,4.000000,0.000000,0.000000,-1.570796,0
7,-53200.000000,-6000.000000,0.000000,4.000000,4.000000,4.000000,0.000000,0.000000,-1.570796,0
7,-53200.000000,-6400.000000,0.000000,4.000000,4.000000,4.000000,0.000000,0.000000,-1.570796,0
7,-53200.000000,-6800.000000,0.000000,4.000000,4.000000,4.000000,0.000000,0.000000,-1.570796,0
7,-53200.000000,-7200.000000,0.000000,4.000000,4.000000,4.000000,0.000000,0.000000,-1.570796,0
7,-53200.000000,-7600.000000,0.000000,4.000000,4.000000,4.000000,0.000000,0.000000,-1.570796,0
7,-53200.000000,-8000.000000,0.000000,4.000000,4.000000,4.000000,0.000000,0.000000,-1.570796,0
7,-53200.000000,-8400.000000,0.000000,4.000000,4.000000,4.000000,0.000000,0.000000,-1.570796,0
7,-53200.000000,-8800.000000,0.000000,4.000000,4.000000,4.000000,0.000000,0.000000,-1.570796,0
7,-53200.000000,-9200.000000,0.000000,4.000000,4.000000,4.000000,0.000000,0.000000,-1.570796,0
7,-53200.000000,-9600.000000,0.000000,4.000000,4.000000,4.000000,0.000000,0.000000,-1.570796,0
7,-53200.000000,-10000.000000,0.000000,4.000000,4.000000,4.000000,0.000000,0.000000,-1.570796,0
7,-53200.000000,-10400.000000,0.000000,4.000000,4.000000,4.000000,0.000000,0.000000,-1.570796,0
7,-53200.000000,-10800.000000,0.000000,4.000000,4.000000,4.000000,0.000000,0.000000,-1.570796,0
7,-53200.000000,-11200.000000,0.000000,4.000000,4.000000,4.000000,0.000000,0.000000,-1.570796,0
7,-52800.000000,-11600.000000,0.000000,4.000000,4.000000,4.000000,0.000000,0.000000,0.000000,0
7,-52400.000000,-11600.000000,0.000000,4.000000,4.000000,4.000000,0.000000,0.000000,0.000000,0
7,-52000.000000,-11600.000000,0.000000,4.000000,4.000000,4.000000,0.000000,0.000000,0.000000,0
7,-51600.000000,-11600.000000,0.000000,4.000000,4.000000,4.000000,0.000000,0.000000,0.000000,0
7,-51200.000000,-11600.000000,0.000000,4.000000,4.000000,4.000000,0.000000,0.000000,0.000000,0
7,-50800.000000,-11600.000000,0.000000,4.000000,4.000000,4.000000,0.000000,0.000000,0.000000,0
7,-50400.000000,-11600.000000,0.000000,4.000000,4.000000,4.000000,0.000000,0.000000,0.000000,0
7,-50000.000000,-11600.000000,0.000000,4.000000,4.000000,4.000000,0.000000,0.000000,0.000000,0
7,-49600.000000,-11600.000000,0.000000,4.000000,4.000000,4.000000,0.000000,0.000000,0.000000,0
7,-49200.000000,-11600.000000,0.000000,4.000000,4.000000,4.000000,0.000000,0.000000,0.000000,0
7,-48800.000000,-11600.000000,0.000000,4.000000,4.000000,4.000000,0.000000,0.000000,0.000000,0
7,-48400.000000,-11600.000000,0.000000,4.000000,4.000000,4.000000,0.000000,0.000000,0.000000,0
7,-48000.000000,-11600.000000,0.000000,4.000000,4.000000,4.000000,0.000000,0.000000,0.000000,0
7,-47600.000000,-11600.000000,0.000000,4.000000,4.000000,4.000000,0.000000,0.000000,0.000000,0
7,-47200.000000,-11600.000000,0.000000,4.000000,4.000000,4.000000,0.000000,0.000000,0.000000,0
7,-46800.000000,-11600.000000,0.000000,4.000000,4.000000,4.000000,0.000000,0.000000,0.000000,0
7,-46400.000000,-11600.000000,0.000000,4.000000,4.000000,4.000000,0.000000,0.000000,0.000000,0
7,-47600.000000,14400.000000,0.000000,4.000000,4.000000,4.000000,0.000000,0.000000,0.000000,0
7,-48000.000000,14400.000000,0.000000,4.000000,4.000000,4.000000,0.000000,0.000000,0.000000,0
7,-48400.000000,14400.000000,0.000000,4.000000,4.000000,4.000000,0.000000,0.000000,0.000000,0
7,-48800.000000,14400.000000,0.000000,4.000000,4.000000,4.000000,0.000000,0.000000,0.000000,0
7,-49200.000000,14400.000000,0.000000,4.000000,4.000000,4.000000,0.000000,0.000000,0.000000,0
7,-49600.000000,14400.000000,0.000000,4.000000,4.000000,4.000000,0.000000,0.000000,0.000000,0
7,-50000.000000,14400.000000,0.000000,4.000000,4.000000,4.000000,0.000000,0.000000,0.000000,0
7,-50400.000000,14400.000000,0.000000,4.000000,4.000000,4.000000,0.000000,0.000000,0.000000,0
7,-24400.000000,12800.000000,0.000000,4.000000,4.000000,4.000000,0.000000,0.000000,0.000000,0
7,-24400.000000,10800.000000,0.000000,4.000000,4.000000,4.000000,0.000000,0.000000,3.141593,0
7,-50800.000000,14000.000000,0.000000,4.000000,4.000000,4.000000,0.000000,0.000000,1.570796,0
7,-47200.000000,14000.000000,0.000000,4.000000,4.000000,4.000000,0.000000,0.000000,-1.570796,0
7,-24000.000000,12400.000000,0.000000,4.000000,4.000000,4.000000,0.000000,0.000000,-1.570796,0
7,-24000.000000,12000.000000,0.000000,4.000000,4.000000,4.000000,0.000000,0.000000,-1.570796,0
7,-24000.000000,11600.000000,0.000000,4.000000,4.000000,4.000000,0.000000,0.000000,-1.570796,0
7,-24000.000000,11200.000000,0.000000,4.000000,4.000000,4.000000,0.000000,0.000000,-1.570796,0
16,-28800.000000,-3600.000000,0.000000,6.000000,6.000000,4.000000,0.000000,0.000000,0.000000,0,0
16,-24400.000000,-400.000000,0.000000,6.000000,6.000000,4.000000,0.000000,0.000000,0.000000,0,0
16,-28800.000000,2800.000000,0.000000,6.000000,6.000000,4.000000,0.000000,0.000000,0.000000,0,0
16,-24400.000000,5600.000000,0.000000,6.000000,6.000000,4.000000,0.000000,0.000000,0.000000,0,0
16,-28800.000000,8400.000000,0.000000,6.000000,6.000000,4.000000,0.000000,0.000000,0.000000,0,0
4,-26400.000000,7600.000000,0.000000,3.000000,3.000000,3.000000,0.000000,0.000000,0.000000,0
4,-28800.000000,5600.000000,0.000000,3.000000,3.000000,3.000000,0.000000,0.000000,0.000000,0
4,-26400.000000,4800.000000,0.000000,3.000000,3.000000,3.000000,0.000000,0.000000,0.000000,0
4,-24400.000000,2800.000000,0.000000,3.000000,3.000000,3.000000,0.000000,0.000000,0.000000,0
4,-26400.000000,1600.000000,0.000000,3.000000,3.000000,3.000000,0.000000,0.000000,0.000000,0
4,-28800.000000,0.000000,0.000000,3.000000,3.000000,3.000000,0.000000,0.000000,0.000000,0
4,-26400.000000,-2000.000000,0.000000,3.000000,3.000000,3.000000,0.000000,0.000000,0.000000,0
4,-24400.000000,-3600.000000,0.000000,3.000000,3.000000,3.000000,0.000000,0.000000,0.000000,0
16,-35600.000000,14800.000000,0.000000,6.000000,6.000000,4.000000,0.000000,0.000000,0.000000,0,0
16,-29200.000000,13200.000000,0.000000,6.000000,6.000000,4.000000,0.000000,0.000000,0.000000,0,0
16,-29200.000000,14800.000000,0.000000,8.000000,8.000000,4.000000,0.000000,0.000000,0.000000,0,1
16,-35600.000000,13200.000000,0.000000,8.000000,8.000000,4.000000,0.000000,0.000000,0.000000,0,1
16,-42800.000000,13200.000000,0.000000,8.000000,8.000000,4.000000,0.000000,0.000000,0.000000,0,1
16,-42800.000000,14800.000000,0.000000,6.000000,6.000000,4.000000,0.000000,0.000000,0.000000,0,0
10,-39200.000000,14800.000000,0.000000,6.000000,6.000000,4.000000,0.000000,0.000000,0.000000,0
10,-32000.000000,14800.000000,0.000000,6.000000,6.000000,4.000000,0.000000,0.000000,0.000000,0
16,-52000.000000,13200.000000,0.000000,6.000000,6.000000,4.000000,0.000000,0.000000,0.000000,0,0
4,-51200.000000,15200.000000,0.000000,3.000000,3.000000,3.000000,0.000000,0.000000,0.000000,0
4,-49200.000000,15200.000000,0.000000,3.000000,3.000000,3.000000,0.000000,0.000000,0.000000,0
4,-47600.000000,15200.000000,0.000000,3.000000,3.000000,3.000000,0.000000,0.000000,0.000000,0
4,-41600.000000,14800.000000,0.000000,3.000000,3.000000,3.000000,0.000000,0.000000,0.000000,0
4,-34000.000000,14800.000000,0.000000,3.000000,3.000000,3.000000,0.000000,0.000000,0.000000,0
4,-28000.000000,13200.000000,0.000000,3.000000,3.000000,3.000000,0.000000,0.000000,0.000000,0
10,-52400.000000,10400.000000,0.000000,4.000000,4.000000,4.000000,0.000000,0.000000,0.000000,0
10,-52000.000000,10400.000000,0.000000,4.000000,4.000000,4.000000,0.000000,0.000000,0.000000,0
10,-51600.000000,10400.000000,0.000000,4.000000,4.000000,4.000000,0.000000,0.000000,0.000000,0
10,-51200.000000,10400.000000,0.000000,4.000000,4.000000,4.000000,0.000000,0.000000,0.000000,0
10,-50800.000000,10400.000000,0.000000,4.000000,4.000000,4.000000,0.000000,0.000000,0.000000,0
10,-50400.000000,10400.000000,0.000000,4.000000,4.000000,4.000000,0.000000,0.000000,0.000000,0
10,-50000.000000,10400.000000,0.000000,4.000000,4.000000,4.000000,0.000000,0.000000,0.000000,0
10,-52800.000000,10400.000000,0.000000,4.000000,4.000000,4.000000,0.000000,0.000000,0.000000,0
10,-48000.000000,10400.000000,0.000000,4.000000,4.000000,4.000000,0.000000,0.000000,0.000000,0
10,-47600.000000,10400.000000,0.000000,4.000000,4.000000,4.000000,0.000000,0.000000,0.000000,0
10,-47200.000000,10400.000000,0.000000,4.000000,4.000000,4.000000,0.000000,0.000000,0.000000,0
10,-46800.000000,10400.000000,0.000000,4.000000,4.000000,4.000000,0.000000,0.000000,0.000000,0
10,-50000.000000,8000.000000,0.000000,4.000000,4.000000,4.000000,0.000000,0.000000,0.000000,0
10,-52800.000000,8000.000000,0.000000,4.000000,4.000000,4.000000,0.000000,0.000000,0.000000,0
10,-48400.000000,8000.000000,0.000000,4.000000,4.000000,4.000000,0.000000,0.000000,0.000000,0
10,-48000.000000,8000.000000,0.000000,4.000000,4.000000,4.000000,0.000000,0.000000,0.000000,0
10,-47600.000000,8000.000000,0.000000,4.000000,4.000000,4.000000,0.000000,0.000000,0.000000,0
10,-47200.000000,8000.000000,0.000000,4.000000,4.000000,4.000000,0.000000,0.000000,0.000000,0
10,-46800.000000,8000.000000,0.000000,4.000000,4.000000,4.000000,0.000000,0.000000,0.000000,0
10,-52400.000000,8000.000000,0.000000,4.000000,4.000000,4.000000,0.000000,0.000000,0.000000,0
10,-49600.000000,8000.000000,0.000000,4.000000,4.000000,4.000000,0.000000,0.000000,0.000000,0
10,-49200.000000,8000.000000,0.000000,4.000000,4.000000,4.000000,0.000000,0.000000,0.000000,0
10,-48800.000000,8000.000000,0.000000,4.000000,4.000000,4.000000,0.000000,0.000000,0.000000,0
10,-50000.000000,5600.000000,0.000000,4.000000,4.000000,4.000000,0.000000,0.000000,0.000000,0
10,-50400.000000,5600.000000,0.000000,4.000000,4.000000,4.000000,0.000000,0.000000,0.000000,0
10,-50800.000000,5600.000000,0.000000,4.000000,4.000000,4.000000,0.000000,0.000000,0.000000,0
10,-51200.000000,5600.000000,0.000000,4.000000,4.000000,4.000000,0.000000,0.000000,0.000000,0
10,-51600.000000,5600.000000,0.000000,4.000000,4.000000,4.000000,0.000000,0.000000,0.000000,0
10,-52000.000000,5600.000000,0.000000,4.000000,4.000000,4.000000,0.000000,0.000000,0.000000,0
10,-52400.000000,5600.000000,0.000000,4.000000,4.000000,4.000000,0.000000,0.000000,0.000000,0
10,-52800.000000,5600.000000,0.000000,4.000000,4.000000,4.000000,0.000000,0.000000,0.000000,0
10,-47600.000000,5600.000000,0.000000,4.000000,4.000000,4.000000,0.000000,0.000000,0.000000,0
10,-47200.000000,5600.000000,0.000000,4.000000,4.000000,4.000000,0.000000,0.000000,0.000000,0
10,-46800.000000,5600.000000,0.000000,4.000000,4.000000,4.000000,0.000000,0.000000,0.000000,0
10,-50000.000000,2800.000000,0.000000,4.000000,4.000000,4.000000,0.000000,0.000000,0.000000,0
10,-50400.000000,2800.000000,0.000000,4.000000,4.000000,4.000000,0.000000,0.000000,0.000000,0
10,-50800.000000,2800.000000,0.000000,4.000000,4.000000,4.000000,0.000000,0.000000,0.000000,0
10,-51200.000000,2800.000000,0.000000,4.000000,4.000000,4.000000,0.000000,0.000000,0.000000,0
10,-51600.000000,2800.000000,0.000000,4.000000,4.000000,4.000000,0.000000,0.000000,0.000000,0
10,-52000.000000,2800.000000,0.000000,4.000000,4.000000,4.000000,0.000000,0.000000,0.000000,0
10,-52400.000000,2800.000000,0.000000,4.000000,4.000000,4.000000,0.000000,0.000000,0.000000,0
10,-52800.000000,2800.000000,0.000000,4.000000,4.000000,4.000000,0.000000,0.000000,0.000000,0
10,-47600.000000,2800.000000,0.000000,4.000000,4.000000,4.000000,0.000000,0.000000,0.000000,0
10,-47200.000000,2800.000000,0.000000,4.000000,4.000000,4.000000,0.000000,0.000000,0.000000,0
10,-46800.000000,2800.000000,0.000000,4.000000,4.000000,4.000000,0.000000,0.000000,0.000000,0
10,-50000.000000,0.000000,0.000000,4.000000,4.000000,4.000000,0.000000,0.000000,0.000000,0
10,-49600.000000,0.000000,0.000000,4.000000,4.000000,4.000000,0.000000,0.000000,0.000000,0
10,-49200.000000,0.000000,0.000000,4.000000,4.000000,4.000000,0.000000,0.000000,0.000000,0
10,-48800.000000,0.000000,0.000000,4.000000,4.000000,4.000000,0.000000,0.000000,0.000000,0
10,-48400.000000,0.000000,0.000000,4.000000,4.000000,4.000000,0.000000,0.000000,0.000000,0
10,-48000.000000,0.000000,0.000000,4.000000,4.000000,4.000000,0.000000,0.000000,0.000000,0
10,-47600.000000,0.000000,0.000000,4.000000,4.000000,4.000000,0.000000,0.000000,0.000000,0
10,-47200.000000,0.000000,0.000000,4.000000,4.000000,4.000000,0.000000,0.000000,0.000000,0
10,-46800.000000,0.000000,0.000000,4.000000,4.000000,4.000000,0.000000,0.000000,0.000000,0
10,-52800.000000,0.000000,0.000000,4.000000,4.000000,4.000000,0.000000,0.000000,0.000000,0
10,-52000.000000,-2400.000000,0.000000,4.000000,4.000000,4.000000,0.000000,0.000000,0.000000,0
10,-50400.000000,-2400.000000,0.000000,4.000000,4.000000,4.000000,0.000000,0.000000,0.000000,0
10,-48400.000000,-2400.000000,0.000000,4.000000,4.000000,4.000000,0.000000,0.000000,0.000000,0
10,-46800.000000,-2400.000000,0.000000,4.000000,4.000000,4.000000,0.000000,0.000000,0.000000,0
10,-51200.000000,-4400.000000,0.000000,4.000000,4.000000,4.000000,0.000000,0.000000,0.000000,0
10,-49200.000000,-4400.000000,0.000000,4.000000,4.000000,4.000000,0.000000,0.000000,0.000000,0
10,-47600.000000,-4400.000000,0.000000,4.000000,4.000000,4.000000,0.000000,0.000000,0.000000,0
10,-52400.000000,-6000.000000,0.000000,4.000000,4.000000,4.000000,0.000000,0.000000,0.000000,0
10,-49600.000000,-6000.000000,0.000000,4.000000,4.000000,4.000000,0.000000,0.000000,0.000000,0
10,-47600.000000,-6000.000000,0.000000,4.000000,4.000000,4.000000,0.000000,0.000000,0.000000,0
10,-48800.000000,-8400.000000,0.000000,4.000000,4.000000,4.000000,0.000000,0.000000,0.000000,0
10,-50800.000000,-8400.000000,0.000000,4.000000,4.000000,4.000000,0.000000,0.000000,0.000000,0
10,-52800.000000,-10400.000000,0.000000,4.000000,4.000000,4.000000,0.000000,0.000000,0.000000,0
10,-52400.000000,-10400.000000,0.000000,4.000000,4.000000,4.000000,0.000000,0.000000,0.000000,0
10,-52000.000000,-10400.000000,0.000000,4.000000,4.000000,4.000000,0.000000,0.000000,0.000000,0
10,-51600.000000,-10400.000000,0.000000,4.000000,4.000000,4.000000,0.000000,0.000000,0.000000,0
10,-51200.000000,-10400.000000,0.000000,4.000000,4.000000,4.000000,0.000000,0.000000,0.000000,0
10,-50800.000000,-10400.000000,0.000000,4.000000,4.000000,4.000000,0.000000,0.000000,0.000000,0
10,-50400.000000,-10400.000000,0.000000,4.000000,4.000000,4.000000,0.000000,0.000000,0.000000,0
10,-50000.000000,-10400.000000,0.000000,4.000000,4.000000,4.000000,0.000000,0.000000,0.000000,0
10,-49600.000000,-10400.000000,0.000000,4.000000,4.000000,4.000000,0.000000,0.000000,0.000000,0
10,-49200.000000,-10400.000000,0.000000,4.000000,4.000000,4.000000,0.000000,0.000000,0.000000,0
16,-48800.000000,10400.000000,0.000000,8.000000,8.000000,4.000000,0.000000,0.000000,0.000000,0,0
16,-51200.000000,8000.000000,0.000000,8.000000,8.000000,4.000000,0.000000,0.000000,0.000000,0,0
16,-48800.000000,5600.000000,0.000000,8.000000,8.000000,4.000000,0.000000,0.000000,0.000000,0,0
16,-48800.000000,2800.000000,0.000000,8.000000,8.000000,4.000000,0.000000,0.000000,0.000000,0,0
16,-51600.000000,0.000000,0.000000,8.000000,8.000000,4.000000,0.000000,0.000000,0.000000,0,0
16,-49200.000000,-2400.000000,0.000000,8.000000,8.000000,4.000000,0.000000,0.000000,0.000000,0,0
16,-50000.000000,-4400.000000,0.000000,8.000000,8.000000,4.000000,0.000000,0.000000,0.000000,0,0
16,-51200.000000,-6000.000000,0.000000,8.000000,8.000000,4.000000,0.000000,0.000000,0.000000,0,0
16,-49600.000000,-8400.000000,0.000000,8.000000,8.000000,4.000000,0.000000,0.000000,0.000000,0,0
7,-31600.000000,12000.000000,400.000000,4.000000,4.000000,4.000000,0.000000,0.000000,0.000000,0
7,-32000.000000,12000.000000,400.000000,4.000000,4.000000,4.000000,0.000000,0.000000,0.000000,0
7,-32400.000000,12000.000000,400.000000,4.000000,4.000000,4.000000,0.000000,0.000000,0.000000,0
7,-32800.000000,12000.000000,400.000000,4.000000,4.000000,4.000000,0.000000,0.000000,0.000000,0
7,-33200.000000,12000.000000,400.000000,4.000000,4.000000,4.000000,0.000000,0.000000,0.000000,0
7,-33600.000000,12000.000000,400.000000,4.000000,4.000000,4.000000,0.000000,0.000000,0.000000,0
7,-34000.000000,12000.000000,400.000000,4.000000,4.000000,4.000000,0.000000,0.000000,0.000000,0
7,-34400.000000,12000.000000,400.000000,4.000000,4.000000,4.000000,0.000000,0.000000,0.000000,0
7,-34800.000000,12000.000000,400.000000,4.000000,4.000000,4.000000,0.000000,0.000000,0.000000,0
7,-35200.000000,12000.000000,400.000000,4.000000,4.000000,4.000000,0.000000,0.000000,0.000000,0
7,-35600.000000,12000.000000,400.000000,4.000000,4.000000,4.000000,0.000000,0.000000,0.000000,0
7,-36000.000000,12000.000000,400.000000,4.000000,4.000000,4.000000,0.000000,0.000000,0.000000,0
7,-36400.000000,12000.000000,400.000000,4.000000,4.000000,4.000000,0.000000,0.000000,0.000000,0
7,-36800.000000,12000.000000,400.000000,4.000000,4.000000,4.000000,0.000000,0.000000,0.000000,0
7,-37200.000000,12000.000000,400.000000,4.000000,4.000000,4.000000,0.000000,0.000000,0.000000,0
7,-37600.000000,12000.000000,400.000000,4.000000,4.000000,4.000000,0.000000,0.000000,0.000000,0
7,-38000.000000,12000.000000,400.000000,4.000000,4.000000,4.000000,0.000000,0.000000,0.000000,0
7,-38400.000000,12000.000000,400.000000,4.000000,4.000000,4.000000,0.000000,0.000000,0.000000,0
7,-38800.000000,12000.000000,400.000000,4.000000,4.000000,4.000000,0.000000,0.000000,0.000000,0
7,-39200.000000,12000.000000,400.000000,4.000000,4.000000,4.000000,0.000000,0.000000,0.000000,0
7,-39600.000000,12000.000000,400.000000,4.000000,4.000000,4.000000,0.000000,0.000000,0.000000,0
7,-40000.000000,12000.000000,400.000000,4.000000,4.000000,4.000000,0.000000,0.000000,0.000000,0
7,-40400.000000,12000.000000,400.000000,4.000000,4.000000,4.000000,0.000000,0.000000,0.000000,0
7,-40800.000000,12000.000000,400.000000,4.000000,4.000000,4.000000,0.000000,0.000000,0.000000,0
7,-41200.000000,12000.000000,400.000000,4.000000,4.000000,4.000000,0.000000,0.000000,0.000000,0
7,-41600.000000,12000.000000,400.000000,4.000000,4.000000,4.000000,0.000000,0.000000,0.000000,0
7,-42000.000000,12000.000000,400.000000,4.000000,4.000000,4.000000,0.000000,0.000000,0.000000,0
7,-42400.000000,12000.000000,400.000000,4.000000,4.000000,4.000000,0.000000,0.000000,0.000000,0
7,-42800.000000,12000.000000,400.000000,4.000000,4.000000,4.000000,0.000000,0.000000,0.000000,0
7,-43200.000000,12000.000000,400.000000,4.000000,4.000000,4.000000,0.000000,0.000000,0.000000,0
7,-43600.000000,12000.000000,400.000000,4.000000,4.000000,4.000000,0.000000,0.000000,0.000000,0
7,-44000.000000,12000.000000,400.000000,4.000000,4.000000,4.000000,0.000000,0.000000,0.000000,0
7,-44400.000000,12000.000000,400.000000,4.000000,4.000000,4.000000,0.000000,0.000000,0.000000,0
7,-44800.000000,12000.000000,400.000000,4.000000,4.000000,4.000000,0.000000,0.000000,0.000000,0
7,-45200.000000,12000.000000,400.000000,4.000000,4.000000,4.000000,0.000000,0.000000,0.000000,0
7,-45600.000000,12000.000000,400.000000,4.000000,4.000000,4.000000,0.000000,0.000000,0.000000,0
7,-46000.000000,12000.000000,400.000000,4.000000,4.000000,4.000000,0.000000,0.000000,0.000000,0
7,-48000.000000,14400.000000,400.000000,4.000000,4.000000,4.000000,0.000000,0.000000,0.000000,0
7,-48400.000000,14400.000000,400.000000,4.000000,4.000000,4.000000,0.000000,0.000000,0.000000,0
7,-48800.000000,14400.000000,400.000000,4.000000,4.000000,4.000000,0.000000,0.000000,0.000000,0
7,-49200.000000,14400.000000,400.000000,4.000000,4.000000,4.000000,0.000000,0.000000,0.000000,0
7,-49600.000000,14400.000000,400.000000,4.000000,4.000000,4.000000,0.000000,0.000000,0.000000,0
7,-50000.000000,14400.000000,400.000000,4.000000,4.000000,4.000000,0.000000,0.000000,0.000000,0
7,-50400.000000,14400.000000,400.000000,4.000000,4.000000,4.000000,0.000000,0.000000,0.000000,0
7,-52800.000000,-11600.000000,400.000000,4.000000,4.000000,4.000000,0.000000,0.000000,0.000000,0
7,-52400.000000,-11600.000000,400.000000,4.000000,4.000000,4.000000,0.000000,0.000000,0.000000,0
7,-52000.000000,-11600.000000,400.000000,4.000000,4.000000,4.000000,0.000000,0.000000,0.000000,0
7,-51600.000000,-11600.000000,400.000000,4.000000,4.000000,4.000000,0.000000,0.000000,0.000000,0
7,-51200.000000,-11600.000000,400.000000,4.000000,4.000000,4.000000,0.000000,0.000000,0.000000,0
7,-50800.000000,-11600.000000,400.000000,4.000000,4.000000,4.000000,0.000000,0.000000,0.000000,0
7,-50400.000000,-11600.000000,400.000000,4.000000,4.000000,4.000000,0.000000,0.000000,0.000000,0
7,-50000.000000,-11600.000000,400.000000,4.000000,4.000000,4.000000,0.000000,0.000000,0.000000,0
7,-49600.000000,-11600.000000,400.000000,4.000000,4.000000,4.000000,0.000000,0.000000,0.000000,0
7,-49200.000000,-11600.000000,400.000000,4.000000,4.000000,4.000000,0.000000,0.000000,0.000000,0
7,-48800.000000,-11600.000000,400.000000,4.000000,4.000000,4.000000,0.000000,0.000000,0.000000,0
7,-48400.000000,-11600.000000,400.000000,4.000000,4.000000,4.000000,0.000000,0.000000,0.000000,0
7,-48000.000000,-11600.000000,400.000000,4.000000,4.000000,4.000000,0.000000,0.000000,0.000000,0
7,-47600.000000,-11600.000000,400.000000,4.000000,4.000000,4.000000,0.000000,0.000000,0.000000,0
7,-47200.000000,-11600.000000,400.000000,4.000000,4.000000,4.000000,0.000000,0.000000,0.000000,0
7,-46800.000000,-11600.000000,400.000000,4.000000,4.000000,4.000000,0.000000,0.000000,0.000000,0
7,-46400.000000,-11600.000000,400.000000,4.000000,4.000000,4.000000,0.000000,0.000000,0.000000,0
7,-24400.000000,12800.000000,400.000000,4.000000,4.000000,4.000000,0.000000,0.000000,0.000000,0
7,-52800.000000,16000.000000,400.000000,4.000000,4.000000,4.000000,0.000000,0.000000,3.141593,0
7,-52400.000000,16000.000000,400.000000,4.000000,4.000000,4.000000,0.000000,0.000000,3.141593,0
7,-52000.000000,16000.000000,400.000000,4.000000,4.000000,4.000000,0.000000,0.000000,3.141593,0
7,-51600.000000,16000.000000,400.000000,4.000000,4.000000,4.000000,0.000000,0.000000,3.141593,0
7,-51200.000000,16000.000000,400.000000,4.000000,4.000000,4.000000,0.000000,0.000000,3.141593,0
7,-50800.000000,16000.000000,400.000000,4.000000,4.000000,4.000000,0.000000,0.000000,3.141593,0
7,-50400.000000,16000.000000,400.000000,4.000000,4.000000,4.000000,0.000000,0.000000,3.141593,0
7,-50000.000000,16000.000000,400.000000,4.000000,4.000000,4.000000,0.000000,0.000000,3.141593,0
7,-49600.000000,16000.000000,400.000000,4.000000,4.000000,4.000000,0.000000,0.000000,3.141593,0
7,-49200.000000,16000.000000,400.000000,4.000000,4.000000,4.000000,0.000000,0.000000,3.141593,0
7,-48800.000000,16000.000000,400.000000,4.000000,4.000000,4.000000,0.000000,0.000000,3.141593,0
7,-48400.000000,16000.000000,400.000000,4.000000,4.000000,4.000000,0.000000,0.000000,3.141593,0
7,-48000.000000,16000.000000,400.000000,4.000000,4.000000,4.000000,0.000000,0.000000,3.141593,0
7,-47600.000000,16000.000000,400.000000,4.000000,4.000000,4.000000,0.000000,0.000000,3.141593,0
7,-47200.000000,16000.000000,400.000000,4.000000,4.000000,4.000000,0.000000,0.000000,3.141593,0
7,-46800.000000,16000.000000,400.000000,4.000000,4.000000,4.000000,0.000000,0.000000,3.141593,0
7,-46400.000000,16000.000000,400.000000,4.000000,4.000000,4.000000,0.000000,0.000000,3.141593,0
7,-46000.000000,16000.000000,400.000000,4.000000,4.000000,4.000000,0.000000,0.000000,3.141593,0
7,-45600.000000,16000.000000,400.000000,4.000000,4.000000,4.000000,0.000000,0.000000,3.141593,0
7,-45200.000000,16000.000000,400.000000,4.000000,4.000000,4.000000,0.000000,0.000000,3.141593,0
7,-44800.000000,16000.000000,400.000000,4.000000,4.000000,4.000000,0.000000,0.000000,3.141593,0
7,-44400.000000,16000.000000,400.000000,4.000000,4.000000,4.000000,0.000000,0.000000,3.141593,0
7,-44000.000000,16000.000000,400.000000,4.000000,4.000000,4.000000,0.000000,0.000000,3.141593,0
7,-43600.000000,16000.000000,400.000000,4.000000,4.000000,4.000000,0.000000,0.000000,3.141593,0
7,-43200.000000,16000.000000,400.000000,4.000000,4.000000,4.000000,0.000000,0.000000,3.141593,0
7,-42800.000000,16000.000000,400.000000,4.000000,4.000000,4.000000,0.000000,0.000000,3.141593,0
7,-42400.000000,16000.000000,400.000000,4.000000,4.000000,4.000000,0.000000,0.000000,3.141593,0
7,-42000.000000,16000.000000,400.000000,4.000000,4.000000,4.000000,0.000000,0.000000,3.141593,0
7,-41600.000000,16000.000000,400.000000,4.000000,4.000000,4.000000,0.000000,0.000000,3.141593,0
7,-41200.000000,16000.000000,400.000000,4.000000,4.000000,4.000000,0.000000,0.000000,3.141593,0
7,-40800.000000,16000.000000,400.000000,4.000000,4.000000,4.000000,0.000000,0.000000,3.141593,0
7,-40400.000000,16000.000000,400.000000,4.000000,4.000000,4.000000,0.000000,0.000000,3.141593,0
7,-40000.000000,16000.000000,400.000000,4.000000,4.000000,4.000000,0.000000,0.000000,3.141593,0
7,-39600.000000,16000.000000,400.000000,4.000000,4.000000,4.000000,0.000000,0.000000,3.141593,0
7,-39200.000000,16000.000000,400.000000,4.000000,4.000000,4.000000,0.000000,0.000000,3.141593,0
7,-38800.000000,16000.000000,400.000000,4.000000,4.000000,4.000000,0.000000,0.000000,3.141593,0
7,-38400.000000,16000.000000,400.000000,4.000000,4.000000,4.000000,0.000000,0.000000,3.141593,0
7,-38000.000000,16000.000000,400.000000,4.000000,4.000000,4.000000,0.000000,0.000000,3.141593,0
7,-37600.000000,16000.000000,400.000000,4.000000,4.000000,4.000000,0.000000,0.000000,3.141593,0
7,-37200.000000,16000.000000,400.000000,4.000000,4.000000,4.000000,0.000000,0.000000,3.141593,0
7,-36800.000000,16000.000000,400.000000,4.000000,4.000000,4.000000,0.000000,0.000000,3.141593,0
7,-36400.000000,16000.000000,400.000000,4.000000,4.000000,4.000000,0.000000,0.000000,3.141593,0
7,-36000.000000,16000.000000,400.000000,4.000000,4.000000,4.000000,0.000000,0.000000,3.141593,0
7,-35600.000000,16000.000000,400.000000,4.000000,4.000000,4.000000,0.000000,0.000000,3.141593,0
7,-35200.000000,16000.000000,400.000000,4.000000,4.000000,4.000000,0.000000,0.000000,3.141593,0
7,-34800.000000,16000.000000,400.000000,4.000000,4.000000,4.000000,0.000000,0.000000,3.141593,0
7,-34400.000000,16000.000000,400.000000,4.000000,4.000000,4.000000,0.000000,0.000000,3.141593,0
7,-34000.000000,16000.000000,400.000000,4.000000,4.000000,4.000000,0.000000,0.000000,3.141593,0
7,-33600.000000,16000.000000,400.000000,4.000000,4.000000,4.000000,0.000000,0.000000,3.141593,0
7,-33200.000000,16000.000000,400.000000,4.000000,4.000000,4.000000,0.000000,0.000000,3.141593,0
7,-32800.000000,16000.000000,400.000000,4.000000,4.000000,4.000000,0.000000,0.000000,3.141593,0
7,-32400.000000,16000.000000,400.000000,4.000000,4.000000,4.000000,0.000000,0.000000,3.141593,0
7,-32000.000000,16000.000000,400.000000,4.000000,4.000000,4.000000,0.000000,0.000000,3.141593,0
7,-31600.000000,16000.000000,400.000000,4.000000,4.000000,4.000000,0.000000,0.000000,3.141593,0
7,-31200.000000,16000.000000,400.000000,4.000000,4.000000,4.000000,0.000000,0.000000,3.141593,0
7,-30800.000000,16000.000000,400.000000,4.000000,4.000000,4.000000,0.000000,0.000000,3.141593,0
7,-30400.000000,16000.000000,400.000000,4.000000,4.000000,4.000000,0.000000,0.000000,3.141593,0
7,-30000.000000,16000.000000,400.000000,4.000000,4.000000,4.000000,0.000000,0.000000,3.141593,0
7,-29600.000000,16000.000000,400.000000,4.000000,4.000000,4.000000,0.000000,0.000000,3.141593,0
7,-29200.000000,16000.000000,400.000000,4.000000,4.000000,4.000000,0.000000,0.000000,3.141593,0
7,-28800.000000,16000.000000,400.000000,4.000000,4.000000,4.000000,0.000000,0.000000,3.141593,0
7,-28400.000000,16000.000000,400.000000,4.000000,4.000000,4.000000,0.000000,0.000000,3.141593,0
7,-28000.000000,16000.000000,400.000000,4.000000,4.000000,4.000000,0.000000,0.000000,3.141593,0
7,-27600.000000,16000.000000,400.000000,4.000000,4.000000,4.000000,0.000000,0.000000,3.141593,0
7,-27200.000000,16000.000000,400.000000,4.000000,4.000000,4.000000,0.000000,0.000000,3.141593,0
7,-26800.000000,16000.000000,400.000000,4.000000,4.000000,4.000000,0.000000,0.000000,3.141593,0
7,-26400.000000,16000.000000,400.000000,4.000000,4.000000,4.000000,0.000000,0.000000,3.141593,0
7,-26000.000000,16000.000000,400.000000,4.000000,4.000000,4.000000,0.000000,0.000000,3.141593,0
7,-25600.000000,16000.000000,400.000000,4.000000,4.000000,4.000000,0.000000,0.000000,3.141593,0
7,-25200.000000,16000.000000,400.000000,4.000000,4.000000,4.000000,0.000000,0.000000,3.141593,0
7,-24800.000000,16000.000000,400.000000,4.000000,4.000000,4.000000,0.000000,0.000000,3.141593,0
7,-24400.000000,16000.000000,400.000000,4.000000,4.000000,4.000000,0.000000,0.000000,3.141593,0
7,-24000.000000,16000.000000,400.000000,4.000000,4.000000,4.000000,0.000000,0.000000,3.141593,0
7,-23600.000000,16000.000000,400.000000,4.000000,4.000000,4.000000,0.000000,0.000000,3.141593,0
7,-23200.000000,16000.000000,400.000000,4.000000,4.000000,4.000000,0.000000,0.000000,3.141593,0
7,-22800.000000,16000.000000,400.000000,4.000000,4.000000,4.000000,0.000000,0.000000,3.141593,0
7,-22400.000000,16000.000000,400.000000,4.000000,4.000000,4.000000,0.000000,0.000000,3.141593,0
7,-24400.000000,10800.000000,400.000000,4.000000,4.000000,4.000000,0.000000,0.000000,3.141593,0
7,-31200.000000,11600.000000,400.000000,4.000000,4.000000,4.000000,0.000000,0.000000,-1.570796,0
7,-31200.000000,11200.000000,400.000000,4.000000,4.000000,4.000000,0.000000,0.000000,-1.570796,0
7,-31200.000000,10800.000000,400.000000,4.000000,4.000000,4.000000,0.000000,0.000000,-1.570796,0
7,-31200.000000,10400.000000,400.000000,4.000000,4.000000,4.000000,0.000000,0.000000,-1.570796,0
7,-31200.000000,10000.000000,400.000000,4.000000,4.000000,4.000000,0.000000,0.000000,-1.570796,0
7,-31200.000000,9600.000000,400.000000,4.000000,4.000000,4.000000,0.000000,0.000000,-1.570796,0
7,-31200.000000,9200.000000,400.000000,4.000000,4.000000,4.000000,0.000000,0.000000,-1.570796,0
7,-31200.000000,8800.000000,400.000000,4.000000,4.000000,4.000000,0.000000,0.000000,-1.570796,0
7,-31200.000000,8400.000000,400.000000,4.000000,4.000000,4.000000,0.000000,0.000000,-1.570796,0
7,-31200.000000,8000.000000,400.000000,4.000000,4.000000,4.000000,0.000000,0.000000,-1.570796,0
7,-31200.000000,7600.000000,400.000000,4.000000,4.000000,4.000000,0.000000,0.000000,-1.570796,0
7,-31200.000000,7200.000000,400.000000,4.000000,4.000000,4.000000,0.000000,0.000000,-1.570796,0
7,-31200.000000,6800.000000,400.000000,4.000000,4.000000,4.000000,0.000000,0.000000,-1.570796,0
7,-31200.000000,6400.000000,400.000000,4.000000,4.000000,4.000000,0.000000,0.000000,-1.570796,0
7,-31200.000000,6000.000000,400.000000,4.000000,4.000000,4.000000,0.000000,0.000000,-1.570796,0
7,-31200.000000,5600.000000,400.000000,4.000000,4.000000,4.000000,0.000000,0.000000,-1.570796,0
7,-31200.000000,5200.000000,400.000000,4.000000,4.000000,4.000000,0.000000,0.000000,-1.570796,0
7,-31200.000000,4800.000000,400.000000,4.000000,4.000000,4.000000,0.000000,0.000000,-1.570796,0
7,-31200.000000,4400.000000,400.000000,4.000000,4.000000,4.000000,0.000000,0.000000,-1.570796,0
7,-31200.000000,4000.000000,400.000000,4.000000,4.000000,4.000000,0.000000,0.000000,-1.570796,0
7,-31200.000000,3600.000000,400.000000,4.000000,4.000000,4.000000,0.000000,0.000000,-1.570796,0
7,-31200.000000,3200.000000,400.000000,4.000000,4.000000,4.000000,0.000000,0.000000,-1.570796,0
7,-31200.000000,2800.000000,400.000000,4.000000,4.000000,4.000000,0.000000,0.000000,-1.570796,0
7,-31200.000000,2400.000000,400.000000,4.000000,4.000000,4.000000,0.000000,0.000000,-1.570796,0
7,-31200.000000,2000.000000,400.000000,4.000000,4.000000,4.000000,0.000000,0.000000,-1.570796,0
7,-31200.000000,1600.000000,400.000000,4.000000,4.000000,4.000000,0.000000,0.000000,-1.570796,0
7,-31200.000000,1200.000000,400.000000,4.000000,4.000000,4.000000,0.000000,0.000000,-1.570796,0
7,-31200.000000,800.000000,400.000000,4.000000,4.000000,4.000000,0.000000,0.000000,-1.570796,0
7,-31200.000000,400.000000,400.000000,4.000000,4.000000,4.000000,0.000000,0.000000,-1.570796,0
7,-31200.000000,0.000000,400.000000,4.000000,4.000000,4.000000,0.000000,0.000000,-1.570796,0
7,-31200.000000,-400.000000,400.000000,4.000000,4.000000,4.000000,0.000000,0.000000,-1.570796,0
7,-31200.000000,-800.000000,400.000000,4.000000,4.000000,4.000000,0.000000,0.000000,-1.570796,0
7,-31200.000000,-1200.000000,400.000000,4.000000,4.000000,4.000000,0.000000,0.000000,-1.570796,0
7,-31200.000000,-1600.000000,400.000000,4.000000,4.000000,4.000000,0.000000,0.000000,-1.570796,0
7,-31200.000000,-2000.000000,400.000000,4.000000,4.000000,4.000000,0.000000,0.000000,-1.570796,0
7,-31200.000000,-2400.000000,400.000000,4.000000,4.000000,4.000000,0.000000,0.000000,-1.570796,0
7,-31200.000000,-2800.000000,400.000000,4.000000,4.000000,4.000000,0.000000,0.000000,-1.570796,0
7,-31200.000000,-3200.000000,400.000000,4.000000,4.000000,4.000000,0.000000,0.000000,-1.570796,0
7,-31200.000000,-3600.000000,400.000000,4.000000,4.000000,4.000000,0.000000,0.000000,-1.570796,0
7,-31200.000000,-4000.000000,400.000000,4.000000,4.000000,4.000000,0.000000,0.000000,-1.570796,0
7,-31200.000000,-4400.000000,400.000000,4.000000,4.000000,4.000000,0.000000,0.000000,-1.570796,0
7,-31200.000000,-4800.000000,400.000000,4.000000,4.000000,4.000000,0.000000,0.000000,-1.570796,0
7,-31200.000000,-5200.000000,400.000000,4.000000,4.000000,4.000000,0.000000,0.000000,-1.570796,0
7,-31200.000000,-5600.000000,400.000000,4.000000,4.000000,4.000000,0.000000,0.000000,-1.570796,0
7,-31200.000000,-6000.000000,400.000000,4.000000,4.000000,4.000000,0.000000,0.000000,-1.570796,0
7,-31200.000000,-6400.000000,400.000000,4.000000,4.000000,4.000000,0.000000,0.000000,-1.570796,0
7,-31200.000000,-6800.000000,400.000000,4.000000,4.000000,4.000000,0.000000,0.000000,-1.570796,0
7,-31200.000000,-7200.000000,400.000000,4.000000,4.000000,4.000000,0.000000,0.000000,-1.570796,0
7,-22000.000000,-7200.000000,400.000000,4.000000,4.000000,4.000000,0.000000,0.000000,1.570796,0
7,-22000.000000,-6800.000000,400.000000,4.000000,4.000000,4.000000,0.000000,0.000000,1.570796,0
7,-22000.000000,-6400.000000,400.000000,4.000000,4.000000,4.000000,0.000000,0.000000,1.570796,0
7,-22000.000000,-6000.000000,400.000000,4.000000,4.000000,4.000000,0.000000,0.000000,1.570796,0
7,-22000.000000,-5600.000000,400.000000,4.000000,4.000000,4.000000,0.000000,0.000000,1.570796,0
7,-22000.000000,-5200.000000,400.000000,4.000000,4.000000,4.000000,0.000000,0.000000,1.570796,0
7,-22000.000000,-4800.000000,400.000000,4.000000,4.000000,4.000000,0.000000,0.000000,1.570796,0
7,-22000.000000,-4400.000000,400.000000,4.000000,4.000000,4.000000,0.000000,0.000000,1.570796,0
7,-22000.000000,-4000.000000,400.000000,4.000000,4.000000,4.000000,0.000000,0.000000,1.570796,0
7,-22000.000000,-3600.000000,400.000000,4.000000,4.000000,4.000000,0.000000,0.000000,1.570796,0
7,-22000.000000,-3200.000000,400.000000,4.000000,4.000000,4.000000,0.000000,0.000000,1.570796,0
7,-22000.000000,-2800.000000,400.000000,4.000000,4.000000,4.000000,0.000000,0.000000,1.570796,0
7,-22000.000000,-2400.000000,400.000000,4.000000,4.000000,4.000000,0.000000,0.000000,1.570796,0
7,-22000.000000,-2000.000000,400.000000,4.000000,4.000000,4.000000,0.000000,0.000000,1.570796,0
7,-22000.000000,-1600.000000,400.000000,4.000000,4.000000,4.000000,0.000000,0.000000,1.570796,0
7,-22000.000000,-1200.000000,400.000000,4.000000,4.000000,4.000000,0.000000,0.000000,1.570796,0
7,-22000.000000,-800.000000,400.000000,4.000000,4.000000,4.000000,0.000000,0.000000,1.570796,0
7,-22000.000000,-400.000000,400.000000,4.000000,4.000000,4.000000,0.000000,0.000000,1.570796,0
7,-22000.000000,0.000000,400.000000,4.000000,4.000000,4.000000,0.000000,0.000000,1.570796,0
7,-22000.000000,400.000000,400.000000,4.000000,4.000000,4.000000,0.000000,0.000000,1.570796,0
7,-22000.000000,800.000000,400.000000,4.000000,4.000000,4.000000,0.000000,0.000000,1.570796,0
7,-22000.000000,1200.000000,400.000000,4.000000,4.000000,4.000000,0.000000,0.000000,1.570796,0
7,-22000.000000,1600.000000,400.000000,4.000000,4.000000,4.000000,0.000000,0.000000,1.570796,0
7,-22000.000000,2000.000000,400.000000,4.000000,4.000000,4.000000,0.000000,0.000000,1.570796,0
7,-22000.000000,2400.000000,400.000000,4.000000,4.000000,4.000000,0.000000,0.000000,1.570796,0
7,-22000.000000,2800.000000,400.000000,4.000000,4.000000,4.000000,0.000000,0.000000,1.570796,0
7,-22000.000000,3200.000000,400.000000,4.000000,4.000000,4.000000,0.000000,0.000000,1.570796,0
7,-22000.000000,3600.000000,400.000000,4.000000,4.000000,4.000000,0.000000,0.000000,1.570796,0
7,-22000.000000,4000.000000,400.000000,4.000000,4.000000,4.000000,0.000000,0.000000,1.570796,0
7,-22000.000000,4400.000000,400.000000,4.000000,4.000000,4.000000,0.000000,0.000000,1.570796,0
7,-22000.000000,4800.000000,400.000000,4.000000,4.000000,4.000000,0.000000,0.000000,1.570796,0
7,-22000.000000,5200.000000,400.000000,4.000000,4.000000,4.000000,0.000000,0.000000,1.570796,0
7,-22000.000000,5600.000000,400.000000,4.000000,4.000000,4.000000,0.000000,0.000000,1.570796,0
7,-22000.000000,6000.000000,400.000000,4.000000,4.000000,4.000000,0.000000,0.000000,1.570796,0
7,-22000.000000,6400.000000,400.000000,4.000000,4.000000,4.000000,0.000000,0.000000,1.570796,0
7,-22000.000000,6800.000000,400.000000,4.000000,4.000000,4.000000,0.000000,0.000000,1.570796,0
7,-22000.000000,7200.000000,400.000000,4.000000,4.000000,4.000000,0.000000,0.000000,1.570796,0
7,-22000.000000,7600.000000,400.000000,4.000000,4.000000,4.000000,0.000000,0.000000,1.570796,0
7,-22000.000000,8000.000000,400.000000,4.000000,4.000000,4.000000,0.000000,0.000000,1.570796,0
7,-22000.000000,8400.000000,400.000000,4.000000,4.000000,4.000000,0.000000,0.000000,1.570796,0
7,-22000.000000,8800.000000,400.000000,4.000000,4.000000,4.000000,0.000000,0.000000,1.570796,0
7,-22000.000000,9200.000000,400.000000,4.000000,4.000000,4.000000,0.000000,0.000000,1.570796,0
7,-22000.000000,9600.000000,400.000000,4.000000,4.000000,4.000000,0.000000,0.000000,1.570796,0
7,-22000.000000,10000.000000,400.000000,4.000000,4.000000,4.000000,0.000000,0.000000,1.570796,0
7,-22000.000000,10400.000000,400.000000,4.000000,4.000000,4.000000,0.000000,0.000000,1.570796,0
7,-22000.000000,10800.000000,400.000000,4.000000,4.000000,4.000000,0.000000,0.000000,1.570796,0
7,-22000.000000,11200.000000,400.000000,4.000000,4.000000,4.000000,0.000000,0.000000,1.570796,0
7,-22000.000000,11600.000000,400.000000,4.000000,4.000000,4.000000,0.000000,0.000000,1.570796,0
7,-22000.000000,12000.000000,400.000000,4.000000,4.000000,4.000000,0.000000,0.000000,1.570796,0
7,-22000.000000,12400.000000,400.000000,4.000000,4.000000,4.000000,0.000000,0.000000,1.570796,0
7,-22000.000000,12800.000000,400.000000,4.000000,4.000000,4.000000,0.000000,0.000000,1.570796,0
7,-22000.000000,13200.000000,400.000000,4.000000,4.000000,4.000000,0.000000,0.000000,1.570796,0
7,-22000.000000,13600.000000,400.000000,4.000000,4.000000,4.000000,0.000000,0.000000,1.570796,0
7,-22000.000000,14000.000000,400.000000,4.000000,4.000000,4.000000,0.000000,0.000000,1.570796,0
7,-22000.000000,14400.000000,400.000000,4.000000,4.000000,4.000000,0.000000,0.000000,1.570796,0
7,-22000.000000,14800.000000,400.000000,4.000000,4.000000,4.000000,0.000000,0.000000,1.570796,0
7,-22000.000000,15200.000000,400.000000,4.000000,4.000000,4.000000,0.000000,0.000000,1.570796,0
7,-22000.000000,15600.000000,400.000000,4.000000,4.000000,4.000000,0.000000,0.000000,1.570796,0
7,-46400.000000,11600.000000,400.000000,4.000000,4.000000,4.000000,0.000000,0.000000,1.570796,0
7,-46400.000000,11200.000000,400.000000,4.000000,4.000000,4.000000,0.000000,0.000000,1.570796,0
7,-46400.000000,10800.000000,400.000000,4.000000,4.000000,4.000000,0.000000,0.000000,1.570796,0
7,-46400.000000,10400.000000,400.000000,4.000000,4.000000,4.000000,0.000000,0.000000,1.570796,0
7,-46400.000000,10000.000000,400.000000,4.000000,4.000000,4.000000,0.000000,0.000000,1.570796,0
7,-46400.000000,9600.000000,400.000000,4.000000,4.000000,4.000000,0.000000,0.000000,1.570796,0
7,-46400.000000,9200.000000,400.000000,4.000000,4.000000,4.000000,0.000000,0.000000,1.570796,0
7,-46400.000000,8800.000000,400.000000,4.000000,4.000000,4.000000,0.000000,0.000000,1.570796,0
7,-46400.000000,8400.000000,400.000000,4.000000,4.000000,4.000000,0.000000,0.000000,1.570796,0
7,-46400.000000,8000.000000,400.000000,4.000000,4.000000,4.000000,0.000000,0.000000,1.570796,0
7,-46400.000000,7600.000000,400.000000,4.000000,4.000000,4.000000,0.000000,0.000000,1.570796,0
7,-46400.000000,7200.000000,400.000000,4.000000,4.000000,4.000000,0.000000,0.000000,1.570796,0
7,-46400.000000,6800.000000,400.000000,4.000000,4.000000,4.000000,0.000000,0.000000,1.570796,0
7,-46400.000000,6400.000000,400.000000,4.000000,4.000000,4.000000,0.000000,0.000000,1.570796,0
7,-46400.000000,6000.000000,400.000000,4.000000,4.000000,4.000000,0.000000,0.000000,1.570796,0
7,-46400.000000,5600.000000,400.000000,4.000000,4.000000,4.000000,0.000000,0.000000,1.570796,0
7,-46400.000000,5200.000000,400.000000,4.000000,4.000000,4.000000,0.000000,0.000000,1.570796,0
7,-46400.000000,4800.000000,400.000000,4.000000,4.000000,4.000000,0.000000,0.000000,1.570796,0
7,-46400.000000,4400.000000,400.000000,4.000000,4.000000,4.000000,0.000000,0.000000,1.570796,0
7,-46400.000000,4000.000000,400.000000,4.000000,4.000000,4.000000,0.000000,0.000000,1.570796,0
7,-46400.000000,3600.000000,400.000000,4.000000,4.000000,4.000000,0.000000,0.000000,1.570796,0
7,-46400.000000,3200.000000,400.000000,4.000000,4.000000,4.000000,0.000000,0.000000,1.570796,0
7,-46400.000000,2800.000000,400.000000,4.000000,4.000000,4.000000,0.000000,0.000000,1.570796,0
7,-46400.000000,2400.000000,400.000000,4.000000,4.000000,4.000000,0.000000,0.000000,1.570796,0
7,-46400.000000,2000.000000,400.000000,4.000000,4.000000,4.000000,0.000000,0.000000,1.570796,0
7,-46400.000000,1600.000000,400.000000,4.000000,4.000000,4.000000,0.000000,0.000000,1.570796,0
7,-46400.000000,1200.000000,400.000000,4.000000,4.000000,4.000000,0.000000,0.000000,1.570796,0
7,-46400.000000,800.000000,400.000000,4.000000,4.000000,4.000000,0.000000,0.000000,1.570796,0
7,-46400.000000,400.000000,400.000000,4.000000,4.000000,4.000000,0.000000,0.000000,1.570796,0
7,-46400.000000,0.000000,400.000000,4.000000,4.000000,4.000000,0.000000,0.000000,1.570796,0
7,-46400.000000,-400.000000,400.000000,4.000000,4.000000,4.000000,0.000000,0.000000,1.570796,0
7,-46400.000000,-800.000000,400.000000,4.000000,4.000000,4.000000,0.000000,0.000000,1.570796,0
7,-46400.000000,-1200.000000,400.000000,4.000000,4.000000,4.000000,0.000000,0.000000,1.570796,0
7,-46400.000000,-1600.000000,400.000000,4.000000,4.000000,4.000000,0.000000,0.000000,1.570796,0
7,-46400.000000,-2000.000000,400.000000,4.000000,4.000000,4.000000,0.000000,0.000000,1.570796,0
7,-46400.000000,-2400.000000,400.000000,4.000000,4.000000,4.000000,0.000000,0.000000,1.570796,0
7,-46400.000000,-2800.000000,400.000000,4.000000,4.000000,4.000000,0.000000,0.000000,1.570796,0
7,-46400.000000,-3200.000000,400.000000,4.000000,4.000000,4.000000,0.000000,0.000000,1.570796,0
7,-46400.000000,-3600.000000,400.000000,4.000000,4.000000,4.000000,0.000000,0.000000,1.570796,0
7,-46400.000000,-4000.000000,400.000000,4.000000,4.000000,4.000000,0.000000,0.000000,1.570796,0
7,-46400.000000,-4400.000000,400.000000,4.000000,4.000000,4.000000,0.000000,0.000000,1.570796,0
7,-46400.000000,-4800.000000,400.000000,4.000000,4.000000,4.000000,0.000000,0.000000,1.570796,0
7,-46400.000000,-5200.000000,400.000000,4.000000,4.000000,4.000000,0.000000,0.000000,1.570796,0
7,-46400.000000,-5600.000000,400.000000,4.000000,4.000000,4.000000,0.000000,0.000000,1.570796,0
7,-46400.000000,-6000.000000,400.000000,4.000000,4.000000,4.000000,0.000000,0.000000,1.570796,0
7,-46400.000000,-6400.000000,400.000000,4.000000,4.000000,4.000000,0.000000,0.000000,1.570796,0
7,-46400.000000,-6800.000000,400.000000,4.000000,4.000000,4.000000,0.000000,0.000000,1.570796,0
7,-46400.000000,-7200.000000,400.000000,4.000000,4.000000,4.000000,0.000000,0.000000,1.570796,0
7,-46400.000000,-7600.000000,400.000000,4.000000,4.000000,4.000000,0.000000,0.000000,1.570796,0
7,-46400.000000,-8000.000000,400.000000,4.000000,4.000000,4.000000,0.000000,0.000000,1.570796,0
7,-46400.000000,-8400.000000,400.000000,4.000000,4.000000,4.000000,0.000000,0.000000,1.570796,0
7,-46400.000000,-8800.000000,400.000000,4.000000,4.000000,4.000000,0.000000,0.000000,1.570796,0
7,-46400.000000,-9200.000000,400.000000,4.000000,4.000000,4.000000,0.000000,0.000000,1.570796,0
7,-46400.000000,-9600.000000,400.000000,4.000000,4.000000,4.000000,0.000000,0.000000,1.570796,0
7,-50800.000000,14000.000000,400.000000,4.000000,4.000000,4.000000,0.000000,0.000000,1.570796,0
7,-47200.000000,14000.000000,400.000000,4.000000,4.000000,4.000000,0.000000,0.000000,-1.570796,0
7,-24000.000000,12400.000000,400.000000,4.000000,4.000000,4.000000,0.000000,0.000000,-1.570796,0
7,-24000.000000,12000.000000,400.000000,4.000000,4.000000,4.000000,0.000000,0.000000,-1.570796,0
7,-24000.000000,11600.000000,400.000000,4.000000,4.000000,4.000000,0.000000,0.000000,-1.570796,0
7,-24000.000000,11200.000000,400.000000,4.000000,4.000000,4.000000,0.000000,0.000000,-1.570796,0
0,-31600.000000,10800.000000,400.000000,4.000000,4.000000,4.000000,0.000000,0.000000,0.000000,0
0,-31600.000000,11200.000000,400.000000,4.000000,4.000000,4.000000,0.000000,0.000000,0.000000,0
0,-31600.000000,10400.000000,400.000000,4.000000,4.000000,4.000000,0.000000,0.000000,0.000000,0
0,-31600.000000,10000.000000,400.000000,4.000000,4.000000,4.000000,0.000000,0.000000,0.000000,0
0,-31600.000000,9600.000000,400.000000,4.000000,4.000000,4.000000,0.000000,0.000000,0.000000,0
0,-31600.000000,9200.000000,400.000000,4.000000,4.000000,4.000000,0.000000,0.000000,0.000000,0
0,-31600.000000,8800.000000,400.000000,4.000000,4.000000,4.000000,0.000000,0.000000,0.000000,0
0,-31600.000000,8400.000000,400.000000,4.000000,4.000000,4.000000,0.000000,0.000000,0.000000,0
0,-31600.000000,8000.000000,400.000000,4.000000,4.000000,4.000000,0.000000,0.000000,0.000000,0
0,-31600.000000,7600.000000,400.000000,4.000000,4.000000,4.000000,0.000000,0.000000,0.000000,0
0,-31600.000000,7200.000000,400.000000,4.000000,4.000000,4.000000,0.000000,0.000000,0.000000,0
0,-31600.000000,6800.000000,400.000000,4.000000,4.000000,4.000000,0.000000,0.000000,0.000000,0
0,-31600.000000,6400.000000,400.000000,4.000000,4.000000,4.000000,0.000000,0.000000,0.000000,0
0,-31600.000000,6000.000000,400.000000,4.000000,4.000000,4.000000,0.000000,0.000000,0.000000,0
0,-31600.000000,5600.000000,400.000000,4.000000,4.000000,4.000000,0.000000,0.000000,0.000000,0
0,-31600.000000,5200.000000,400.000000,4.000000,4.000000,4.000000,0.000000,0.000000,0.000000,0
0,-31600.000000,4800.000000,400.000000,4.000000,4.000000,4.000000,0.000000,0.000000,0.000000,0
0,-31600.000000,4400.000000,400.000000,4.000000,4.000000,4.000000,0.000000,0.000000,0.000000,0
0,-31600.000000,4000.000000,400.000000,4.000000,4.000000,4.000000,0.000000,0.000000,0.000000,0
0,-31600.000000,3600.000000,400.000000,4.000000,4.000000,4.000000,0.000000,0.000000,0.000000,0
0,-31600.000000,3200.000000,400.000000,4.000000,4.000000,4.000000,0.000000,0.000000,0.000000,0
0,-31600.000000,2800.000000,400.000000,4.000000,4.000000,4.000000,0.000000,0.000000,0.000000,0
0,-31600.000000,2400.000000,400.000000,4.000000,4.000000,4.000000,0.000000,0.000000,0.000000,0
0,-31600.000000,2000.000000,400.000000,4.000000,4.000000,4.000000,0.000000,0.000000,0.000000,0
0,-31600.000000,1600.000000,400.000000,4.000000,4.000000,4.000000,0.000000,0.000000,0.000000,0
0,-31600.000000,1200.000000,400.000000,4.000000,4.000000,4.000000,0.000000,0.000000,0.000000,0
0,-31600.000000,800.000000,400.000000,4.000000,4.000000,4.000000,0.000000,0.000000,0.000000,0
0,-31600.000000,400.000000,400.000000,4.000000,4.000000,4.000000,0.000000,0.000000,0.000000,0
0,-31600.000000,0.000000,400.000000,4.000000,4.000000,4.000000,0.000000,0.000000,0.000000,0
0,-31600.000000,-400.000000,400.000000,4.000000,4.000000,4.000000,0.000000,0.000000,0.000000,0
0,-31600.000000,-800.000000,400.000000,4.000000,4.000000,4.000000,0.000000,0.000000,0.000000,0
0,-31600.000000,-1200.000000,400.000000,4.000000,4.000000,4.000000,0.000000,0.000000,0.000000,0
0,-31600.000000,-1600.000000,400.000000,4.000000,4.000000,4.000000,0.000000,0.000000,0.000000,0
0,-31600.000000,-2000.000000,400.000000,4.000000,4.000000,4.000000,0.000000,0.000000,0.000000,0
0,-31600.000000,-2400.000000,400.000000,4.000000,4.000000,4.000000,0.000000,0.000000,0.000000,0
0,-31600.000000,-2800.000000,400.000000,4.000000,4.000000,4.000000,0.000000,0.000000,0.000000,0
0,-31600.000000,-3200.000000,400.000000,4.000000,4.000000,4.000000,0.000000,0.000000,0.000000,0
0,-31600.000000,-3600.000000,400.000000,4.000000,4.000000,4.000000,0.000000,0.000000,0.000000,0
0,-31600.000000,-4000.000000,400.000000,4.000000,4.000000,4.000000,0.000000,0.000000,0.000000,0
0,-31600.000000,-4400.000000,400.000000,4.000000,4.000000,4.000000,0.000000,0.000000,0.000000,0
0,-31600.000000,-4800.000000,400.000000,4.000000,4.000000,4.000000,0.000000,0.000000,0.000000,0
0,-31600.000000,-5200.000000,400.000000,4.000000,4.000000,4.000000,0.000000,0.000000,0.000000,0
0,-31600.000000,-5600.000000,400.000000,4.000000,4.000000,4.000000,0.000000,0.000000,0.000000,0
0,-31600.000000,-6000.000000,400.000000,4.000000,4.000000,4.000000,0.000000,0.000000,0.000000,0
0,-31600.000000,-6400.000000,400.000000,4.000000,4.000000,4.000000,0.000000,0.000000,0.000000,0
0,-31600.000000,-6800.000000,400.000000,4.000000,4.000000,4.000000,0.000000,0.000000,0.000000,0
0,-31600.000000,-7200.000000,400.000000,4.000000,4.000000,4.000000,0.000000,0.000000,0.000000,0
0,-31600.000000,-7600.000000,400.000000,4.000000,4.000000,4.000000,0.000000,0.000000,0.000000,0
0,-31200.000000,-7600.000000,400.000000,4.000000,4.000000,4.000000,0.000000,0.000000,0.000000,0
0,-30800.000000,-7600.000000,400.000000,4.000000,4.000000,4.000000,0.000000,0.000000,0.000000,0
0,-30400.000000,-7600.000000,400.000000,4.000000,4.000000,4.000000,0.000000,0.000000,0.000000,0
0,-30000.000000,-7600.000000,400.000000,4.000000,4.000000,4.000000,0.000000,0.000000,0.000000,0
0,-29600.000000,-7600.000000,400.000000,4.000000,4.000000,4.000000,0.000000,0.000000,0.000000,0
0,-29200.000000,-7600.000000,400.000000,4.000000,4.000000,4.000000,0.000000,0.000000,0.000000,0
0,-28800.000000,-7600.000000,400.000000,4.000000,4.000000,4.000000,0.000000,0.000000,0.000000,0
0,-28400.000000,-7600.000000,400.000000,4.000000,4.000000,4.000000,0.000000,0.000000,0.000000,0
0,-28000.000000,-7600.000000,400.000000,4.000000,4.000000,4.000000,0.000000,0.000000,0.000000,0
0,-27600.000000,-7600.000000,400.000000,4.000000,4.000000,4.000000,0.000000,0.000000,0.000000,0
0,-27200.000000,-7600.000000,400.000000,4.000000,4.000000,4.000000,0.000000,0.000000,0.000000,0
0,-26800.000000,-7600.000000,400.000000,4.000000,4.000000,4.000000,0.000000,0.000000,0.000000,0
0,-26400.000000,-7600.000000,400.000000,4.000000,4.000000,4.000000,0.000000,0.000000,0.000000,0
0,-26000.000000,-7600.000000,400.000000,4.000000,4.000000,4.000000,0.000000,0.000000,0.000000,0
0,-25600.000000,-7600.000000,400.000000,4.000000,4.000000,4.000000,0.000000,0.000000,0.000000,0
0,-25200.000000,-7600.000000,400.000000,4.000000,4.000000,4.000000,0.000000,0.000000,0.000000,0
0,-24800.000000,-7600.000000,400.000000,4.000000,4.000000,4.000000,0.000000,0.000000,0.000000,0
0,-24400.000000,-7600.000000,400.000000,4.000000,4.000000,4.000000,0.000000,0.000000,0.000000,0
0,-24000.000000,-7600.000000,400.000000,4.000000,4.000000,4.000000,0.000000,0.000000,0.000000,0
0,-23600.000000,-7600.000000,400.000000,4.000000,4.000000,4.000000,0.000000,0.000000,0.000000,0
0,-23200.000000,-7600.000000,400.000000,4.000000,4.000000,4.000000,0.000000,0.000000,0.000000,0
0,-22800.000000,-7600.000000,400.000000,4.000000,4.000000,4.000000,0.000000,0.000000,0.000000,0
0,-22400.000000,-7600.000000,400.000000,4.000000,4.000000,4.000000,0.000000,0.000000,0.000000,0
0,-22000.000000,-7600.000000,400.000000,4.000000,4.000000,4.000000,0.000000,0.000000,0.000000,0
0,-21600.000000,-7600.000000,400.000000,4.000000,4.000000,4.000000,0.000000,0.000000,0.000000,0
0,-21600.000000,-7200.000000,400.000000,4.000000,4.000000,4.000000,0.000000,0.000000,0.000000,0
0,-21600.000000,-6800.000000,400.000000,4.000000,4.000000,4.000000,0.000000,0.000000,0.000000,0
0,-21600.000000,-6400.000000,400.000000,4.000000,4.000000,4.000000,0.000000,0.000000,0.000000,0
0,-21600.000000,-6000.000000,400.000000,4.000000,4.000000,4.000000,0.000000,0.000000,0.000000,0
0,-21600.000000,-5600.000000,400.000000,4.000000,4.000000,4.000000,0.000000,0.000000,0.000000,0
0,-21600.000000,-5200.000000,400.000000,4.000000,4.000000,4.000000,0.000000,0.000000,0.000000,0
0,-21600.000000,-4800.000000,400.000000,4.000000,4.000000,4.000000,0.000000,0.000000,0.000000,0
0,-21600.000000,-4400.000000,400.000000,4.000000,4.000000,4.000000,0.000000,0.000000,0.000000,0
0,-21600.000000,-4000.000000,400.000000,4.000000,4.000000,4.000000,0.000000,0.000000,0.000000,0
0,-21600.000000,-3600.000000,400.000000,4.000000,4.000000,4.000000,0.000000,0.000000,0.000000,0
0,-21600.000000,-3200.000000,400.000000,4.000000,4.000000,4.000000,0.000000,0.000000,0.000000,0
0,-21600.000000,-2800.000000,400.000000,4.000000,4.000000,4.000000,0.000000,0.000000,0.000000,0
0,-21600.000000,-2400.000000,400.000000,4.000000,4.000000,4.000000,0.000000,0.000000,0.000000,0
0,-21600.000000,-2000.000000,400.000000,4.000000,4.000000,4.000000,0.000000,0.000000,0.000000,0
0,-21600.000000,-1600.000000,400.000000,4.000000,4.000000,4.000000,0.000000,0.000000,0.000000,0
0,-21600.000000,-1200.000000,400.000000,4.000000,4.000000,4.000000,0.000000,0.000000,0.000000,0
0,-21600.000000,-800.000000,400.000000,4.000000,4.000000,4.000000,0.000000,0.000000,0.000000,0
0,-21600.000000,-400.000000,400.000000,4.000000,4.000000,4.000000,0.000000,0.000000,0.000000,0
0,-21600.000000,0.000000,400.000000,4.000000,4.000000,4.000000,0.000000,0.000000,0.000000,0
0,-21600.000000,400.000000,400.000000,4.000000,4.000000,4.000000,0.000000,0.000000,0.000000,0
0,-21600.000000,800.000000,400.000000,4.000000,4.000000,4.000000,0.000000,0.000000,0.000000,0
0,-21600.000000,1200.000000,400.000000,4.000000,4.000000,4.000000,0.000000,0.000000,0.000000,0
0,-21600.000000,1600.000000,400.000000,4.000000,4.000000,4.000000,0.000000,0.000000,0.000000,0
0,-21600.000000,2000.000000,400.000000,4.000000,4.000000,4.000000,0.000000,0.000000,0.000000,0
0,-21600.000000,2400.000000,400.000000,4.000000,4.000000,4.000000,0.000000,0.000000,0.000000,0
0,-21600.000000,2800.000000,400.000000,4.000000,4.000000,4.000000,0.000000,0.000000,0.000000,0
0,-21600.000000,3200.000000,400.000000,4.000000,4.000000,4.000000,0.000000,0.000000,0.000000,0
0,-21600.000000,3600.000000,400.000000,4.000000,4.000000,4.000000,0.000000,0.000000,0.000000,0
0,-21600.000000,4000.000000,400.000000,4.000000,4.000000,4.000000,0.000000,0.000000,0.000000,0
0,-21600.000000,4400.000000,400.000000,4.000000,4.000000,4.000000,0.000000,0.000000,0.000000,0
0,-21600.000000,4800.000000,400.000000,4.000000,4.000000,4.000000,0.000000,0.000000,0.000000,0
0,-21600.000000,5200.000000,400.000000,4.000000,4.000000,4.000000,0.000000,0.000000,0.000000,0
0,-21600.000000,5600.000000,400.000000,4.000000,4.000000,4.000000,0.000000,0.000000,0.000000,0
0,-21600.000000,6000.000000,400.000000,4.000000,4.000000,4.000000,0.000000,0.000000,0.000000,0
0,-21600.000000,6400.000000,400.000000,4.000000,4.000000,4.000000,0.000000,0.000000,0.000000,0
0,-21600.000000,6800.000000,400.000000,4.000000,4.000000,4.000000,0.000000,0.000000,0.000000,0
0,-21600.000000,7200.000000,400.000000,4.000000,4.000000,4.000000,0.000000,0.000000,0.000000,0
0,-21600.000000,7600.000000,400.000000,4.000000,4.000000,4.000000,0.000000,0.000000,0.000000,0
0,-21600.000000,8000.000000,400.000000,4.000000,4.000000,4.000000,0.000000,0.000000,0.000000,0
0,-21600.000000,8400.000000,400.000000,4.000000,4.000000,4.000000,0.000000,0.000000,0.000000,0
0,-21600.000000,8800.000000,400.000000,4.000000,4.000000,4.000000,0.000000,0.000000,0.000000,0
0,-21600.000000,9200.000000,400.000000,4.000000,4.000000,4.000000,0.000000,0.000000,0.000000,0
0,-21600.000000,9600.000000,400.000000,4.000000,4.000000,4.000000,0.000000,0.000000,0.000000,0
0,-21600.000000,10000.000000,400.000000,4.000000,4.000000,4.000000,0.000000,0.000000,0.000000,0
0,-21600.000000,10400.000000,400.000000,4.000000,4.000000,4.000000,0.000000,0.000000,0.000000,0
0,-21600.000000,10800.000000,400.000000,4.000000,4.000000,4.000000,0.000000,0.000000,0.000000,0
0,-21600.000000,11200.000000,400.000000,4.000000,4.000000,4.000000,0.000000,0.000000,0.000000,0
0,-21600.000000,11600.000000,400.000000,4.000000,4.000000,4.000000,0.000000,0.000000,0.000000,0
0,-21600.000000,12000.000000,400.000000,4.000000,4.000000,4.000000,0.000000,0.000000,0.000000,0
0,-21600.000000,12400.000000,400.000000,4.000000,4.000000,4.000000,0.000000,0.000000,0.000000,0
0,-21600.000000,12800.000000,400.000000,4.000000,4.000000,4.000000,0.000000,0.000000,0.000000,0
0,-21600.000000,13200.000000,400.000000,4.000000,4.000000,4.000000,0.000000,0.000000,0.000000,0
0,-21600.000000,13600.000000,400.000000,4.000000,4.000000,4.000000,0.000000,0.000000,0.000000,0
0,-21600.000000,14000.000000,400.000000,4.000000,4.000000,4.000000,0.000000,0.000000,0.000000,0
0,-21600.000000,14400.000000,400.000000,4.000000,4.000000,4.000000,0.000000,0.000000,0.000000,0
0,-21600.000000,14800.000000,400.000000,4.000000,4.000000,4.000000,0.000000,0.000000,0.000000,0
0,-21600.000000,15200.000000,400.000000,4.000000,4.000000,4.000000,0.000000,0.000000,0.000000,0
0,-21600.000000,15600.000000,400.000000,4.000000,4.000000,4.000000,0.000000,0.000000,0.000000,0
0,-21600.000000,16000.000000,400.000000,4.000000,4.000000,4.000000,0.000000,0.000000,0.000000,0
0,-21600.000000,16400.000000,400.000000,4.000000,4.000000,4.000000,0.000000,0.000000,0.000000,0
0,-22000.000000,16400.000000,400.000000,4.000000,4.000000,4.000000,0.000000,0.000000,0.000000,0
0,-22400.000000,16400.000000,400.000000,4.000000,4.000000,4.000000,0.000000,0.000000,0.000000,0
0,-22800.000000,16400.000000,400.000000,4.000000,4.000000,4.000000,0.000000,0.000000,0.000000,0
0,-23200.000000,16400.000000,400.000000,4.000000,4.000000,4.000000,0.000000,0.000000,0.000000,0
0,-23600.000000,16400.000000,400.000000,4.000000,4.000000,4.000000,0.000000,0.000000,0.000000,0
0,-24000.000000,16400.000000,400.000000,4.000000,4.000000,4.000000,0.000000,0.000000,0.000000,0
0,-24400.000000,16400.000000,400.000000,4.000000,4.000000,4.000000,0.000000,0.000000,0.000000,0
0,-24800.000000,16400.000000,400.000000,4.000000,4.000000,4.000000,0.000000,0.000000,0.000000,0
0,-25200.000000,16400.000000,400.000000,4.000000,4.000000,4.000000,0.000000,0.000000,0.000000,0
0,-25600.000000,16400.000000,400.000000,4.000000,4.000000,4.000000,0.000000,0.000000,0.000000,0
0,-26000.000000,16400.000000,400.000000,4.000000,4.000000,4.000000,0.000000,0.000000,0.000000,0
0,-26400.000000,16400.000000,400.000000,4.000000,4.000000,4.000000,0.000000,0.000000,0.000000,0
0,-26800.000000,16400.000000,400.000000,4.000000,4.000000,4.000000,0.000000,0.000000,0.000000,0
0,-27200.000000,16400.000000,400.000000,4.000000,4.000000,4.000000,0.000000,0.000000,0.000000,0
0,-27600.000000,16400.000000,400.000000,4.000000,4.000000,4.000000,0.000000,0.000000,0.000000,0
0,-28000.000000,16400.000000,400.000000,4.000000,4.000000,4.000000,0.000000,0.000000,0.000000,0
0,-28400.000000,16400.000000,400.000000,4.000000,4.000000,4.000000,0.000000,0.000000,0.000000,0
0,-28800.000000,16400.000000,400.000000,4.000000,4.000000,4.000000,0.000000,0.000000,0.000000,0
0,-29200.000000,16400.000000,400.000000,4.000000,4.000000,4.000000,0.000000,0.000000,0.000000,0
0,-29600.000000,16400.000000,400.000000,4.000000,4.000000,4.000000,0.000000,0.000000,0.000000,0
0,-30000.000000,16400.000000,400.000000,4.000000,4.000000,4.000000,0.000000,0.000000,0.000000,0
0,-30400.000000,16400.000000,400.000000,4.000000,4.000000,4.000000,0.000000,0.000000,0.000000,0
0,-30800.000000,16400.000000,400.000000,4.000000,4.000000,4.000000,0.000000,0.000000,0.000000,0
0,-31200.000000,16400.000000,400.000000,4.000000,4.000000,4.000000,0.000000,0.000000,0.000000,0
0,-31600.000000,16400.000000,400.000000,4.000000,4.000000,4.000000,0.000000,0.000000,0.000000,0
0,-32000.000000,16400.000000,400.000000,4.000000,4.000000,4.000000,0.000000,0.000000,0.000000,0
0,-32400.000000,16400.000000,400.000000,4.000000,4.000000,4.000000,0.000000,0.000000,0.000000,0
0,-32800.000000,16400.000000,400.000000,4.000000,4.000000,4.000000,0.000000,0.000000,0.000000,0
0,-33200.000000,16400.000000,400.000000,4.000000,4.000000,4.000000,0.000000,0.000000,0.000000,0
0,-33600.000000,16400.000000,400.000000,4.000000,4.000000,4.000000,0.000000,0.000000,0.000000,0
0,-34000.000000,16400.000000,400.000000,4.000000,4.000000,4.000000,0.000000,0.000000,0.000000,0
0,-34400.000000,16400.000000,400.000000,4.000000,4.000000,4.000000,0.000000,0.000000,0.000000,0
0,-34800.000000,16400.000000,400.000000,4.000000,4.000000,4.000000,0.000000,0.000000,0.000000,0
0,-35200.000000,16400.000000,400.000000,4.000000,4.000000,4.000000,0.000000,0.000000,0.000000,0
0,-35600.000000,16400.000000,400.000000,4.000000,4.000000,4.000000,0.000000,0.000000,0.000000,0
0,-36000.000000,16400.000000,400.000000,4.000000,4.000000,4.000000,0.000000,0.000000,0.000000,0
0,-36400.000000,16400.000000,400.000000,4.000000,4.000000,4.000000,0.000000,0.000000,0.000000,0
0,-36800.000000,16400.000000,400.000000,4.000000,4.000000,4.000000,0.000000,0.000000,0.000000,0
0,-37200.000000,16400.000000,400.000000,4.000000,4.000000,4.000000,0.000000,0.000000,0.000000,0
0,-37600.000000,16400.000000,400.000000,4.000000,4.000000,4.000000,0.000000,0.000000,0.000000,0
0,-38000.000000,16400.000000,400.000000,4.000000,4.000000,4.000000,0.000000,0.000000,0.000000,0
0,-38400.000000,16400.000000,400.000000,4.000000,4.000000,4.000000,0.000000,0.000000,0.000000,0
0,-38800.000000,16400.000000,400.000000,4.000000,4.000000,4.000000,0.000000,0.000000,0.000000,0
0,-39200.000000,16400.000000,400.000000,4.000000,4.000000,4.000000,0.000000,0.000000,0.000000,0
0,-39600.000000,16400.000000,400.000000,4.000000,4.000000,4.000000,0.000000,0.000000,0.000000,0
0,-40000.000000,16400.000000,400.000000,4.000000,4.000000,4.000000,0.000000,0.000000,0.000000,0
0,-40400.000000,16400.000000,400.000000,4.000000,4.000000,4.000000,0.000000,0.000000,0.000000,0
0,-40800.000000,16400.000000,400.000000,4.000000,4.000000,4.000000,0.000000,0.000000,0.000000,0
0,-41200.000000,16400.000000,400.000000,4.000000,4.000000,4.000000,0.000000,0.000000,0.000000,0
0,-41600.000000,16400.000000,400.000000,4.000000,4.000000,4.000000,0.000000,0.000000,0.000000,0
0,-42000.000000,16400.000000,400.000000,4.000000,4.000000,4.000000,0.000000,0.000000,0.000000,0
0,-42400.000000,16400.000000,400.000000,4.000000,4.000000,4.000000,0.000000,0.000000,0.000000,0
0,-42800.000000,16400.000000,400.000000,4.000000,4.000000,4.000000,0.000000,0.000000,0.000000,0
0,-43200.000000,16400.000000,400.000000,4.000000,4.000000,4.000000,0.000000,0.000000,0.000000,0
0,-43600.000000,16400.000000,400.000000,4.000000,4.000000,4.000000,0.000000,0.000000,0.000000,0
0,-44000.000000,16400.000000,400.000000,4.000000,4.000000,4.000000,0.000000,0.000000,0.000000,0
0,-44400.000000,16400.000000,400.000000,4.000000,4.000000,4.000000,0.000000,0.000000,0.000000,0
0,-44800.000000,16400.000000,400.000000,4.000000,4.000000,4.000000,0.000000,0.000000,0.000000,0
0,-45200.000000,16400.000000,400.000000,4.000000,4.000000,4.000000,0.000000,0.000000,0.000000,0
0,-45600.000000,16400.000000,400.000000,4.000000,4.000000,4.000000,0.000000,0.000000,0.000000,0
0,-46000.000000,16400.000000,400.000000,4.000000,4.000000,4.000000,0.000000,0.000000,0.000000,0
0,-46400.000000,16400.000000,400.000000,4.000000,4.000000,4.000000,0.000000,0.000000,0.000000,0
0,-46800.000000,16400.000000,400.000000,4.000000,4.000000,4.000000,0.000000,0.000000,0.000000,0
0,-47200.000000,16400.000000,400.000000,4.000000,4.000000,4.000000,0.000000,0.000000,0.000000,0
0,-47600.000000,16400.000000,400.000000,4.000000,4.000000,4.000000,0.000000,0.000000,0.000000,0
0,-48000.000000,16400.000000,400.000000,4.000000,4.000000,4.000000,0.000000,0.000000,0.000000,0
0,-48400.000000,16400.000000,400.000000,4.000000,4.000000,4.000000,0.000000,0.000000,0.000000,0
0,-48800.000000,16400.000000,400.000000,4.000000,4.000000,4.000000,0.000000,0.000000,0.000000,0
0,-49200.000000,16400.000000,400.000000,4.000000,4.000000,4.000000,0.000000,0.000000,0.000000,0
0,-49600.000000,16400.000000,400.000000,4.000000,4.000000,4.000000,0.000000,0.000000,0.000000,0
0,-50000.000000,16400.000000,400.000000,4.000000,4.000000,4.000000,0.000000,0.000000,0.000000,0
0,-50400.000000,16400.000000,400.000000,4.000000,4.000000,4.000000,0.000000,0.000000,0.000000,0
0,-50800.000000,16400.000000,400.000000,4.000000,4.000000,4.000000,0.000000,0.000000,0.000000,0
0,-51200.000000,16400.000000,400.000000,4.000000,4.000000,4.000000,0.000000,0.000000,0.000000,0
0,-51600.000000,16400.000000,400.000000,4.000000,4.000000,4.000000,0.000000,0.000000,0.000000,0
0,-52000.000000,16400.000000,400.000000,4.000000,4.000000,4.000000,0.000000,0.000000,0.000000,0
0,-52400.000000,16400.000000,400.000000,4.000000,4.000000,4.000000,0.000000,0.000000,0.000000,0
0,-52800.000000,16400.000000,400.000000,4.000000,4.000000,4.000000,0.000000,0.000000,0.000000,0
0,-53200.000000,16400.000000,400.000000,4.000000,4.000000,4.000000,0.000000,0.000000,0.000000,0
0,-53600.000000,16400.000000,400.000000,4.000000,4.000000,4.000000,0.000000,0.000000,0.000000,0
0,-53600.000000,16000.000000,400.000000,4.000000,4.000000,4.000000,0.000000,0.000000,0.000000,0
0,-53600.000000,-11600.000000,400.000000,4.000000,4.000000,4.000000,0.000000,0.000000,0.000000,0
0,-53600.000000,-12000.000000,400.000000,4.000000,4.000000,4.000000,0.000000,0.000000,0.000000,0
0,-53200.000000,-12000.000000,400.000000,4.000000,4.000000,4.000000,0.000000,0.000000,0.000000,0
0,-52800.000000,-12000.000000,400.000000,4.000000,4.000000,4.000000,0.000000,0.000000,0.000000,0
0,-52400.000000,-12000.000000,400.000000,4.000000,4.000000,4.000000,0.000000,0.000000,0.000000,0
0,-52000.000000,-12000.000000,400.000000,4.000000,4.000000,4.000000,0.000000,0.000000,0.000000,0
0,-51600.000000,-12000.000000,400.000000,4.000000,4.000000,4.000000,0.000000,0.000000,0.000000,0
0,-51200.000000,-12000.000000,400.000000,4.000000,4.000000,4.000000,0.000000,0.000000,0.000000,0
0,-50800.000000,-12000.000000,400.000000,4.000000,4.000000,4.000000,0.000000,0.000000,0.000000,0
0,-50400.000000,-12000.000000,400.000000,4.000000,4.000000,4.000000,0.000000,0.000000,0.000000,0
0,-50000.000000,-12000.000000,400.000000,4.000000,4.000000,4.000000,0.000000,0.000000,0.000000,0
0,-49600.000000,-12000.000000,400.000000,4.000000,4.000000,4.000000,0.000000,0.000000,0.000000,0
0,-49200.000000,-12000.000000,400.000000,4.000000,4.000000,4.000000,0.000000,0.000000,0.000000,0
0,-48800.000000,-12000.000000,400.000000,4.000000,4.000000,4.000000,0.000000,0.000000,0.000000,0
0,-48400.000000,-12000.000000,400.000000,4.000000,4.000000,4.000000,0.000000,0.000000,0.000000,0
0,-48000.000000,-12000.000000,400.000000,4.000000,4.000000,4.000000,0.000000,0.000000,0.000000,0
0,-47600.000000,-12000.000000,400.000000,4.000000,4.000000,4.000000,0.000000,0.000000,0.000000,0
0,-47200.000000,-12000.000000,400.000000,4.000000,4.000000,4.000000,0.000000,0.000000,0.000000,0
0,-46800.000000,-12000.000000,400.000000,4.000000,4.000000,4.000000,0.000000,0.000000,0.000000,0
0,-46400.000000,-12000.000000,400.000000,4.000000,4.000000,4.000000,0.000000,0.000000,0.000000,0
0,-46000.000000,-12000.000000,400.000000,4.000000,4.000000,4.000000,0.000000,0.000000,0.000000,0
0,-45600.000000,-12000.000000,400.000000,4.000000,4.000000,4.000000,0.000000,0.000000,0.000000,0
0,-45200.000000,-12000.000000,400.000000,4.000000,4.000000,4.000000,0.000000,0.000000,0.000000,0
0,-44800.000000,-12000.000000,400.000000,4.000000,4.000000,4.000000,0.000000,0.000000,0.000000,0
0,-44400.000000,-12000.000000,400.000000,4.000000,4.000000,4.000000,0.000000,0.000000,0.000000,0
0,-44000.000000,-12000.000000,400.000000,4.000000,4.000000,4.000000,0.000000,0.000000,0.000000,0
0,-43600.000000,-12000.000000,400.000000,4.000000,4.000000,4.000000,0.000000,0.000000,0.000000,0
0,-43200.000000,-12000.000000,400.000000,4.000000,4.000000,4.000000,0.000000,0.000000,0.000000,0
0,-42800.000000,-12000.000000,400.000000,4.000000,4.000000,4.000000,0.000000,0.000000,0.000000,0
0,-42400.000000,-12000.000000,400.000000,4.000000,4.000000,4.000000,0.000000,0.000000,0.000000,0
0,-42000.000000,-12000.000000,400.000000,4.000000,4.000000,4.000000,0.000000,0.000000,0.000000,0
0,-41600.000000,-12000.000000,400.000000,4.000000,4.000000,4.000000,0.000000,0.000000,0.000000,0
0,-41200.000000,-12000.000000,400.000000,4.000000,4.000000,4.000000,0.000000,0.000000,0.000000,0
0,-40800.000000,-12000.000000,400.000000,4.000000,4.000000,4.000000,0.000000,0.000000,0.000000,0
0,-40800.000000,-11600.000000,400.000000,4.000000,4.000000,4.000000,0.000000,0.000000,0.000000,0
0,-40800.000000,-11200.000000,400.000000,4.000000,4.000000,4.000000,0.000000,0.000000,0.000000,0
0,-40800.000000,-10800.000000,400.000000,4.000000,4.000000,4.000000,0.000000,0.000000,0.000000,0
0,-40800.000000,-10400.000000,400.000000,4.000000,4.000000,4.000000,0.000000,0.000000,0.000000,0
0,-40800.000000,-10000.000000,400.000000,4.000000,4.000000,4.000000,0.000000,0.000000,0.000000,0
0,-40800.000000,-9600.000000,400.000000,4.000000,4.000000,4.000000,0.000000,0.000000,0.000000,0
0,-41200.000000,-9600.000000,400.000000,4.000000,4.000000,4.000000,0.000000,0.000000,0.000000,0
0,-41600.000000,-9600.000000,400.000000,4.000000,4.000000,4.000000,0.000000,0.000000,0.000000,0
0,-42000.000000,-9600.000000,400.000000,4.000000,4.000000,4.000000,0.000000,0.000000,0.000000,0
0,-42400.000000,-9600.000000,400.000000,4.000000,4.000000,4.000000,0.000000,0.000000,0.000000,0
0,-42800.000000,-9600.000000,400.000000,4.000000,4.000000,4.000000,0.000000,0.000000,0.000000,0
0,-43200.000000,-9600.000000,400.000000,4.000000,4.000000,4.000000,0.000000,0.000000,0.000000,0
0,-43600.000000,-9600.000000,400.000000,4.000000,4.000000,4.000000,0.000000,0.000000,0.000000,0
0,-44000.000000,-9600.000000,400.000000,4.000000,4.000000,4.000000,0.000000,0.000000,0.000000,0
0,-44400.000000,-9600.000000,400.000000,4.000000,4.000000,4.000000,0.000000,0.000000,0.000000,0
0,-44800.000000,-9600.000000,400.000000,4.000000,4.000000,4.000000,0.000000,0.000000,0.000000,0
0,-45200.000000,-9600.000000,400.000000,4.000000,4.000000,4.000000,0.000000,0.000000,0.000000,0
0,-45600.000000,-9600.000000,400.000000,4.000000,4.000000,4.000000,0.000000,0.000000,0.000000,0
0,-46000.000000,-9600.000000,400.000000,4.000000,4.000000,4.000000,0.000000,0.000000,0.000000,0
0,-46000.000000,-9200.000000,400.000000,4.000000,4.000000,4.000000,0.000000,0.000000,0.000000,0
0,-46000.000000,-8800.000000,400.000000,4.000000,4.000000,4.000000,0.000000,0.000000,0.000000,0
0,-46000.000000,-8400.000000,400.000000,4.000000,4.000000,4.000000,0.000000,0.000000,0.000000,0
0,-46000.000000,-8000.000000,400.000000,4.000000,4.000000,4.000000,0.000000,0.000000,0.000000,0
0,-46000.000000,-7600.000000,400.000000,4.000000,4.000000,4.000000,0.000000,0.000000,0.000000,0
0,-46000.000000,-7200.000000,400.000000,4.000000,4.000000,4.000000,0.000000,0.000000,0.000000,0
0,-46000.000000,-6800.000000,400.000000,4.000000,4.000000,4.000000,0.000000,0.000000,0.000000,0
0,-46000.000000,-6400.000000,400.000000,4.000000,4.000000,4.000000,0.000000,0.000000,0.000000,0
0,-46000.000000,-6000.000000,400.000000,4.000000,4.000000,4.000000,0.000000,0.000000,0.000000,0
0,-46000.000000,-5600.000000,400.000000,4.000000,4.000000,4.000000,0.000000,0.000000,0.000000,0
0,-46000.000000,-5200.000000,400.000000,4.000000,4.000000,4.000000,0.000000,0.000000,0.000000,0
0,-46000.000000,-4800.000000,400.000000,4.000000,4.000000,4.000000,0.000000,0.000000,0.000000,0
0,-46000.000000,-4400.000000,400.000000,4.000000,4.000000,4.000000,0.000000,0.000000,0.000000,0
0,-46000.000000,-4000.000000,400.000000,4.000000,4.000000,4.000000,0.000000,0.000000,0.000000,0
0,-46000.000000,-3600.000000,400.000000,4.000000,4.000000,4.000000,0.000000,0.000000,0.000000,0
0,-46000.000000,-3200.000000,400.000000,4.000000,4.000000,4.000000,0.000000,0.000000,0.000000,0
0,-46000.000000,-2800.000000,400.000000,4.000000,4.000000,4.000000,0.000000,0.000000,0.000000,0
0,-46000.000000,-2400.000000,400.000000,4.000000,4.000000,4.000000,0.000000,0.000000,0.000000,0
0,-46000.000000,-2000.000000,400.000000,4.000000,4.000000,4.000000,0.000000,0.000000,0.000000,0
0,-46000.000000,-1600.000000,400.000000,4.000000,4.000000,4.000000,0.000000,0.000000,0.000000,0
0,-46000.000000,-1200.000000,400.000000,4.000000,4.000000,4.000000,0.000000,0.000000,0.000000,0
0,-46000.000000,-800.000000,400.000000,4.000000,4.000000,4.000000,0.000000,0.000000,0.000000,0
0,-46000.000000,-400.000000,400.000000,4.000000,4.000000,4.000000,0.000000,0.000000,0.000000,0
0,-46000.000000,0.000000,400.000000,4.000000,4.000000,4.000000,0.000000,0.000000,0.000000,0
0,-46000.000000,400.000000,400.000000,4.000000,4.000000,4.000000,0.000000,0.000000,0.000000,0
0,-46000.000000,800.000000,400.000000,4.000000,4.000000,4.000000,0.000000,0.000000,0.000000,0
0,-46000.000000,1200.000000,400.000000,4.000000,4.000000,4.000000,0.000000,0.000000,0.000000,0
0,-46000.000000,1600.000000,400.000000,4.000000,4.000000,4.000000,0.000000,0.000000,0.000000,0
0,-46000.000000,2000.000000,400.000000,4.000000,4.000000,4.000000,0.000000,0.000000,0.000000,0
0,-46000.000000,2400.000000,400.000000,4.000000,4.000000,4.000000,0.000000,0.000000,0.000000,0
0,-46000.000000,2800.000000,400.000000,4.000000,4.000000,4.000000,0.000000,0.000000,0.000000,0
0,-46000.000000,3200.000000,400.000000,4.000000,4.000000,4.000000,0.000000,0.000000,0.000000,0
0,-46000.000000,3600.000000,400.000000,4.000000,4.000000,4.000000,0.000000,0.000000,0.000000,0
0,-46000.000000,4000.000000,400.000000,4.000000,4.000000,4.000000,0.000000,0.000000,0.000000,0
0,-46000.000000,4400.000000,400.000000,4.000000,4.000000,4.000000,0.000000,0.000000,0.000000,0
0,-46000.000000,4800.000000,400.000000,4.000000,4.000000,4.000000,0.000000,0.000000,0.000000,0
0,-46000.000000,5200.000000,400.000000,4.000000,4.000000,4.000000,0.000000,0.000000,0.000000,0
0,-46000.000000,5600.000000,400.000000,4.000000,4.000000,4.000000,0.000000,0.000000,0.000000,0
0,-46000.000000,6000.000000,400.000000,4.000000,4.000000,4.000000,0.000000,0.000000,0.000000,0
0,-46000.000000,6400.000000,400.000000,4.000000,4.000000,4.000000,0.000000,0.000000,0.000000,0
0,-46000.000000,6800.000000,400.000000,4.000000,4.000000,4.000000,0.000000,0.000000,0.000000,0
0,-46000.000000,7200.000000,400.000000,4.000000,4.000000,4.000000,0.000000,0.000000,0.000000,0
0,-46000.000000,7600.000000,400.000000,4.000000,4.000000,4.000000,0.000000,0.000000,0.000000,0
0,-46000.000000,8000.000000,400.000000,4.000000,4.000000,4.000000,0.000000,0.000000,0.000000,0
0,-46000.000000,8400.000000,400.000000,4.000000,4.000000,4.000000,0.000000,0.000000,0.000000,0
0,-46000.000000,8800.000000,400.000000,4.000000,4.000000,4.000000,0.000000,0.000000,0.000000,0
0,-46000.000000,9200.000000,400.000000,4.000000,4.000000,4.000000,0.000000,0.000000,0.000000,0
0,-46000.000000,9600.000000,400.000000,4.000000,4.000000,4.000000,0.000000,0.000000,0.000000,0
0,-46000.000000,10000.000000,400.000000,4.000000,4.000000,4.000000,0.000000,0.000000,0.000000,0
0,-46000.000000,10400.000000,400.000000,4.000000,4.000000,4.000000,0.000000,0.000000,0.000000,0
0,-46000.000000,10800.000000,400.000000,4.000000,4.000000,4.000000,0.000000,0.000000,0.000000,0
0,-46000.000000,11200.000000,400.000000,4.000000,4.000000,4.000000,0.000000,0.000000,0.000000,0
0,-46000.000000,11600.000000,400.000000,4.000000,4.000000,4.000000,0.000000,0.000000,0.000000,0
0,-45600.000000,11600.000000,400.000000,4.000000,4.000000,4.000000,0.000000,0.000000,0.000000,0
0,-45200.000000,11600.000000,400.000000,4.000000,4.000000,4.000000,0.000000,0.000000,0.000000,0
0,-44800.000000,11600.000000,400.000000,4.000000,4.000000,4.000000,0.000000,0.000000,0.000000,0
0,-44400.000000,11600.000000,400.000000,4.000000,4.000000,4.000000,0.000000,0.000000,0.000000,0
0,-44000.000000,11600.000000,400.000000,4.000000,4.000000,4.000000,0.000000,0.000000,0.000000,0
0,-43600.000000,11600.000000,400.000000,4.000000,4.000000,4.000000,0.000000,0.000000,0.000000,0
0,-43200.000000,11600.000000,400.000000,4.000000,4.000000,4.000000,0.000000,0.000000,0.000000,0
0,-42800.000000,11600.000000,400.000000,4.000000,4.000000,4.000000,0.000000,0.000000,0.000000,0
0,-42400.000000,11600.000000,400.000000,4.000000,4.000000,4.000000,0.000000,0.000000,0.000000,0
0,-42000.000000,11600.000000,400.000000,4.000000,4.000000,4.000000,0.000000,0.000000,0.000000,0
0,-41600.000000,11600.000000,400.000000,4.000000,4.000000,4.000000,0.000000,0.000000,0.000000,0
0,-41200.000000,11600.000000,400.000000,4.000000,4.000000,4.000000,0.000000,0.000000,0.000000,0
0,-40800.000000,11600.000000,400.000000,4.000000,4.000000,4.000000,0.000000,0.000000,0.000000,0
0,-40400.000000,11600.000000,400.000000,4.000000,4.000000,4.000000,0.000000,0.000000,0.000000,0
0,-40000.000000,11600.000000,400.000000,4.000000,4.000000,4.000000,0.000000,0.000000,0.000000,0
0,-39600.000000,11600.000000,400.000000,4.000000,4.000000,4.000000,0.000000,0.000000,0.000000,0
0,-39200.000000,11600.000000,400.000000,4.000000,4.000000,4.000000,0.000000,0.000000,0.000000,0
0,-38800.000000,11600.000000,400.000000,4.000000,4.000000,4.000000,0.000000,0.000000,0.000000,0
0,-38400.000000,11600.000000,400.000000,4.000000,4.000000,4.000000,0.000000,0.000000,0.000000,0
0,-38000.000000,11600.000000,400.000000,4.000000,4.000000,4.000000,0.000000,0.000000,0.000000,0
0,-37600.000000,11600.000000,400.000000,4.000000,4.000000,4.000000,0.000000,0.000000,0.000000,0
0,-37200.000000,11600.000000,400.000000,4.000000,4.000000,4.000000,0.000000,0.000000,0.000000,0
0,-36800.000000,11600.000000,400.000000,4.000000,4.000000,4.000000,0.000000,0.000000,0.000000,0
0,-36400.000000,11600.000000,400.000000,4.000000,4.000000,4.000000,0.000000,0.000000,0.000000,0
0,-36000.000000,11600.000000,400.000000,4.000000,4.000000,4.000000,0.000000,0.000000,0.000000,0
0,-35600.000000,11600.000000,400.000000,4.000000,4.000000,4.000000,0.000000,0.000000,0.000000,0
0,-35200.000000,11600.000000,400.000000,4.000000,4.000000,4.000000,0.000000,0.000000,0.000000,0
0,-34800.000000,11600.000000,400.000000,4.000000,4.000000,4.000000,0.000000,0.000000,0.000000,0
0,-34400.000000,11600.000000,400.000000,4.000000,4.000000,4.000000,0.000000,0.000000,0.000000,0
0,-34000.000000,11600.000000,400.000000,4.000000,4.000000,4.000000,0.000000,0.000000,0.000000,0
0,-33600.000000,11600.000000,400.000000,4.000000,4.000000,4.000000,0.000000,0.000000,0.000000,0
0,-33200.000000,11600.000000,400.000000,4.000000,4.000000,4.000000,0.000000,0.000000,0.000000,0
0,-32800.000000,11600.000000,400.000000,4.000000,4.000000,4.000000,0.000000,0.000000,0.000000,0
0,-32400.000000,11600.000000,400.000000,4.000000,4.000000,4.000000,0.000000,0.000000,0.000000,0
0,-32000.000000,11600.000000,400.000000,4.000000,4.000000,4.000000,0.000000,0.000000,0.000000,0
0,-31600.000000,11600.000000,400.000000,4.000000,4.000000,4.000000,0.000000,0.000000,0.000000,0
0,-50400.000000,14000.000000,400.000000,4.000000,4.000000,4.000000,0.000000,0.000000,0.000000,0
0,-50000.000000,14000.000000,400.000000,4.000000,4.000000,4.000000,0.000000,0.000000,0.000000,0
0,-49600.000000,14000.000000,400.000000,4.000000,4.000000,4.000000,0.000000,0.000000,0.000000,0
0,-49200.000000,14000.000000,400.000000,4.000000,4.000000,4.000000,0.000000,0.000000,0.000000,0
0,-48800.000000,14000.000000,400.000000,4.000000,4.000000,4.000000,0.000000,0.000000,0.000000,0
0,-48400.000000,14000.000000,400.000000,4.000000,4.000000,4.000000,0.000000,0.000000,0.000000,0
0,-48000.000000,14000.000000,400.000000,4.000000,4.000000,4.000000,0.000000,0.000000,0.000000,0
7,-47600.000000,14400.000000,400.000000,4.000000,4.000000,4.000000,0.000000,0.000000,0.000000,0
1,-31200.000000,-2400.000000,10000.000000,24.000000,24.000000,24.000000,0.000000,0.000000,0.000000,0
1,-24800.000000,-2400.000000,10000.000000,24.000000,24.000000,24.000000,0.000000,0.000000,0.000000,0
1,-28000.000000,3200.000000,10000.000000,24.000000,24.000000,24.000000,0.000000,0.000000,0.000000,0
1,-24000.000000,8000.000000,10000.000000,24.000000,24.000000,24.000000,0.000000,0.000000,0.000000,0
1,-31600.000000,8000.000000,10000.000000,24.000000,24.000000,24.000000,0.000000,0.000000,0.000000,0
1,-27600.000000,14000.000000,10000.000000,24.000000,24.000000,24.000000,0.000000,0.000000,0.000000,0
1,-38000.000000,16000.000000,10000.000000,24.000000,24.000000,24.000000,0.000000,0.000000,0.000000,0
1,-32800.000000,16000.000000,10000.000000,24.000000,24.000000,24.000000,0.000000,0.000000,0.000000,0
1,-45200.000000,16000.000000,10000.000000,24.000000,24.000000,24.000000,0.000000,0.000000,0.000000,0
1,-41600.000000,11600.000000,10000.000000,24.000000,24.000000,24.000000,0.000000,0.000000,0.000000,0
1,-35200.000000,11600.000000,10000.000000,24.000000,24.000000,24.000000,0.000000,0.000000,0.000000,0
1,-51600.000000,12800.000000,10000.000000,24.000000,24.000000,24.000000,0.000000,0.000000,0.000000,0
1,-46800.000000,6800.000000,10000.000000,24.000000,24.000000,24.000000,0.000000,0.000000,0.000000,0
1,-52800.000000,6800.000000,10000.000000,24.000000,24.000000,24.000000,0.000000,0.000000,0.000000,0
1,-49600.000000,1200.000000,10000.000000,24.000000,24.000000,24.000000,0.000000,0.000000,0.000000,0
1,-53200.000000,-6400.000000,10000.000000,24.000000,24.000000,24.000000,0.000000,0.000000,0.000000,0
1,-47200.000000,-6400.000000,10000.000000,24.000000,24.000000,24.000000,0.000000,0.000000,0.000000,0
1,-49600.000000,-12000.000000,10000.000000,24.000000,24.000000,24.000000,0.000000,0.000000,0.000000,0
1,-42400.000000,-12000.000000,10000.000000,24.000000,24.000000,24.000000,0.000000,0.000000,0.000000,0
1,-38400.000000,-15200.000000,10000.000000,24.000000,24.000000,24.000000,0.000000,0.000000,0.000000,0
1,-47200.000000,-17600.000000,10000.000000,24.000000,24.000000,24.000000,0.000000,0.000000,0.000000,0
1,-57600.000000,1200.000000,10000.000000,24.000000,24.000000,24.000000,0.000000,0.000000,0.000000,0
1,-41600.000000,1200.000000,10000.000000,24.000000,24.000000,24.000000,0.000000,0.000000,0.000000,0
34,-41600.000000,3600.000000,10000.000000,9.000000,9.000000,9.000000,0.000000,0.000000,0.000000,0
34,-31200.000000,0.000000,10000.000000,9.000000,9.000000,9.000000,0.000000,0.000000,0.000000,0
34,-28000.000000,6000.000000,10000.000000,9.000000,9.000000,9.000000,0.000000,0.000000,0.000000,0
34,-27600.000000,16400.000000,10000.000000,9.000000,9.000000,9.000000,0.000000,0.000000,0.000000,0
34,-53200.000000,-4400.000000,10000.000000,9.000000,9.000000,9.000000,0.000000,0.000000,0.000000,0
34,-49200.000000,-9600.000000,10000.000000,9.000000,9.000000,9.000000,0.000000,0.000000,0.000000,0
34,-42400.000000,-9600.000000,10000.000000,9.000000,9.000000,9.000000,0.000000,0.000000,0.000000,0
34,-52800.000000,9200.000000,10000.000000,9.000000,9.000000,9.000000,0.000000,0.000000,0.000000,0
34,-45200.000000,18400.000000,10000.000000,9.000000,9.000000,9.000000,0.000000,0.000000,0.000000,0
34,-35200.000000,14000.000000,10000.000000,9.000000,9.000000,9.000000,0.000000,0.000000,0.000000,0
32,-28000.000000,3200.000000,8400.000000,9.000000,9.000000,9.000000,0.000000,0.000000,0.000000,0
32,-24800.000000,-2000.000000,8400.000000,9.000000,9.000000,9.000000,0.000000,0.000000,0.000000,0
32,-31200.000000,-2000.000000,8400.000000,9.000000,9.000000,9.000000,0.000000,0.000000,0.000000,0
32,-24000.000000,8000.000000,8400.000000,9.000000,9.000000,9.000000,0.000000,0.000000,0.000000,0
32,-31600.000000,8000.000000,8400.000000,9.000000,9.000000,9.000000,0.000000,0.000000,0.000000,0
32,-27600.000000,14000.000000,8400.000000,9.000000,9.000000,9.000000,0.000000,0.000000,0.000000,0
32,-32800.000000,16000.000000,8400.000000,9.000000,9.000000,9.000000,0.000000,0.000000,0.000000,0
32,-35200.000000,12000.000000,8400.000000,9.000000,9.000000,9.000000,0.000000,0.000000,0.000000,0
32,-38000.000000,16000.000000,8400.000000,9.000000,9.000000,9.000000,0.000000,0.000000,0.000000,0
32,-41600.000000,12000.000000,8400.000000,9.000000,9.000000,9.000000,0.000000,0.000000,0.000000,0
32,-45200.000000,16000.000000,8400.000000,9.000000,9.000000,9.000000,0.000000,0.000000,0.000000,0
32,-51600.000000,12800.000000,8400.000000,9.000000,9.000000,9.000000,0.000000,0.000000,0.000000,0
32,-52800.000000,6800.000000,8400.000000,9.000000,9.000000,9.000000,0.000000,0.000000,0.000000,0
32,-46800.000000,6800.000000,8400.000000,9.000000,9.000000,9.000000,0.000000,0.000000,0.000000,0
32,-49600.000000,1600.000000,8400.000000,9.000000,9.000000,9.000000,0.000000,0.000000,0.000000,0
32,-57600.000000,1600.000000,8400.000000,9.000000,9.000000,9.000000,0.000000,0.000000,0.000000,0
32,-41600.000000,1200.000000,8400.000000,9.000000,9.000000,9.000000,0.000000,0.000000,0.000000,0
32,-47200.000000,-6400.000000,8400.000000,9.000000,9.000000,9.000000,0.000000,0.000000,0.000000,0
32,-53200.000000,-6000.000000,8400.000000,9.000000,9.000000,9.000000,0.000000,0.000000,0.000000,0
32,-49600.000000,-11600.000000,8400.000000,9.000000,9.000000,9.000000,0.000000,0.000000,0.000000,0
32,-42400.000000,-11600.000000,8400.000000,9.000000,9.000000,9.000000,0.000000,0.000000,0.000000,0
32,-38800.000000,-15200.000000,8400.000000,9.000000,9.000000,9.000000,0.000000,0.000000,0.000000,0
32,-47200.000000,-17200.000000,8400.000000,9.000000,9.000000,9.000000,0.000000,0.000000,0.000000,0
0,-24400.000000,12400.000000,400.000000,4.000000,4.000000,4.000000,0.000000,0.000000,0.000000,0
0,-24400.000000,12000.000000,400.000000,4.000000,4.000000,4.000000,0.000000,0.000000,0.000000,0
0,-24400.000000,11600.000000,400.000000,4.000000,4.000000,4.000000,0.000000,0.000000,0.000000,0
0,-24400.000000,11200.000000,400.000000,4.000000,4.000000,4.000000,0.000000,0.000000,0.000000,0
0,-47600.000000,14000.000000,400.000000,4.000000,4.000000,4.000000,0.000000,0.000000,0.000000,0
0,-53600.000000,15600.000000,400.000000,4.000000,4.000000,4.000000,0.000000,0.000000,-1.570796,0
0,-53600.000000,15200.000000,400.000000,4.000000,4.000000,4.000000,0.000000,0.000000,-1.570796,0
0,-53600.000000,14800.000000,400.000000,4.000000,4.000000,4.000000,0.000000,0.000000,-1.570796,0
0,-53600.000000,14400.000000,400.000000,4.000000,4.000000,4.000000,0.000000,0.000000,-1.570796,0
0,-53600.000000,14000.000000,400.000000,4.000000,4.000000,4.000000,0.000000,0.000000,-1.570796,0
0,-53600.000000,13600.000000,400.000000,4.000000,4.000000,4.000000,0.000000,0.000000,-1.570796,0
0,-53600.000000,13200.000000,400.000000,4.000000,4.000000,4.000000,0.000000,0.000000,-1.570796,0
0,-53600.000000,12800.000000,400.000000,4.000000,4.000000,4.000000,0.000000,0.000000,-1.570796,0
0,-53600.000000,12400.000000,400.000000,4.000000,4.000000,4.000000,0.000000,0.000000,-1.570796,0
0,-53600.000000,12000.000000,400.000000,4.000000,4.000000,4.000000,0.000000,0.000000,-1.570796,0
0,-53600.000000,11600.000000,400.000000,4.000000,4.000000,4.000000,0.000000,0.000000,-1.570796,0
0,-53600.000000,11200.000000,400.000000,4.000000,4.000000,4.000000,0.000000,0.000000,-1.570796,0
0,-53600.000000,10800.000000,400.000000,4.000000,4.000000,4.000000,0.000000,0.000000,-1.570796,0
0,-53600.000000,10400.000000,400.000000,4.000000,4.000000,4.000000,0.000000,0.000000,-1.570796,0
0,-53600.000000,10000.000000,400.000000,4.000000,4.000000,4.000000,0.000000,0.000000,-1.570796,0
0,-53600.000000,9600.000000,400.000000,4.000000,4.000000,4.000000,0.000000,0.000000,-1.570796,0
0,-53600.000000,9200.000000,400.000000,4.000000,4.000000,4.000000,0.000000,0.000000,-1.570796,0
0,-53600.000000,8800.000000,400.000000,4.000000,4.000000,4.000000,0.000000,0.000000,-1.570796,0
0,-53600.000000,8400.000000,400.000000,4.000000,4.000000,4.000000,0.000000,0.000000,-1.570796,0
0,-53600.000000,8000.000000,400.000000,4.000000,4.000000,4.000000,0.000000,0.000000,-1.570796,0
0,-53600.000000,7600.000000,400.000000,4.000000,4.000000,4.000000,0.000000,0.000000,-1.570796,0
0,-53600.000000,7200.000000,400.000000,4.000000,4.000000,4.000000,0.000000,0.000000,-1.570796,0
0,-53600.000000,6800.000000,400.000000,4.000000,4.000000,4.000000,0.000000,0.000000,-1.570796,0
0,-53600.000000,6400.000000,400.000000,4.000000,4.000000,4.000000,0.000000,0.000000,-1.570796,0
0,-53600.000000,6000.000000,400.000000,4.000000,4.000000,4.000000,0.000000,0.000000,-1.570796,0
0,-53600.000000,5600.000000,400.000000,4.000000,4.000000,4.000000,0.000000,0.000000,-1.570796,0
0,-53600.000000,5200.000000,400.000000,4.000000,4.000000,4.000000,0.000000,0.000000,-1.570796,0
0,-53600.000000,4800.000000,400.000000,4.000000,4.000000,4.000000,0.000000,0.000000,-1.570796,0
0,-53600.000000,4400.000000,400.000000,4.000000,4.000000,4.000000,0.000000,0.000000,-1.570796,0
0,-53600.000000,4000.000000,400.000000,4.000000,4.000000,4.000000,0.000000,0.000000,-1.570796,0
0,-53600.000000,3600.000000,400.000000,4.000000,4.000000,4.000000,0.000000,0.000000,-1.570796,0
0,-53600.000000,3200.000000,400.000000,4.000000,4.000000,4.000000,0.000000,0.000000,-1.570796,0
0,-53600.000000,2800.000000,400.000000,4.000000,4.000000,4.000000,0.000000,0.000000,-1.570796,0
0,-53600.000000,2400.000000,400.000000,4.000000,4.000000,4.000000,0.000000,0.000000,-1.570796,0
0,-53600.000000,2000.000000,400.000000,4.000000,4.000000,4.000000,0.000000,0.000000,-1.570796,0
0,-53600.000000,1600.000000,400.000000,4.000000,4.000000,4.000000,0.000000,0.000000,-1.570796,0
0,-53600.000000,1200.000000,400.000000,4.000000,4.000000,4.000000,0.000000,0.000000,-1.570796,0
0,-53600.000000,800.000000,400.000000,4.000000,4.000000,4.000000,0.000000,0.000000,-1.570796,0
0,-53600.000000,400.000000,400.000000,4.000000,4.000000,4.000000,0.000000,0.000000,-1.570796,0
0,-53600.000000,0.000000,400.000000,4.000000,4.000000,4.000000,0.000000,0.000000,-1.570796,0
0,-53600.000000,-400.000000,400.000000,4.000000,4.000000,4.000000,0.000000,0.000000,-1.570796,0
0,-53600.000000,-800.000000,400.000000,4.000000,4.000000,4.000000,0.000000,0.000000,-1.570796,0
0,-53600.000000,-1200.000000,400.000000,4.000000,4.000000,4.000000,0.000000,0.000000,-1.570796,0
0,-53600.000000,-1600.000000,400.000000,4.000000,4.000000,4.000000,0.000000,0.000000,-1.570796,0
0,-53600.000000,-2000.000000,400.000000,4.000000,4.000000,4.000000,0.000000,0.000000,-1.570796,0
0,-53600.000000,-2400.000000,400.000000,4.000000,4.000000,4.000000,0.000000,0.000000,-1.570796,0
0,-53600.000000,-2800.000000,400.000000,4.000000,4.000000,4.000000,0.000000,0.000000,-1.570796,0
0,-53600.000000,-3200.000000,400.000000,4.000000,4.000000,4.000000,0.000000,0.000000,-1.570796,0
0,-53600.000000,-3600.000000,400.000000,4.000000,4.000000,4.000000,0.000000,0.000000,-1.570796,0
0,-53600.000000,-4000.000000,400.000000,4.000000,4.000000,4.000000,0.000000,0.000000,-1.570796,0
0,-53600.000000,-4400.000000,400.000000,4.000000,4.000000,4.000000,0.000000,0.000000,-1.570796,0
0,-53600.000000,-4800.000000,400.000000,4.000000,4.000000,4.000000,0.000000,0.000000,-1.570796,0
0,-53600.000000,-5200.000000,400.000000,4.000000,4.000000,4.000000,0.000000,0.000000,-1.570796,0
0,-53600.000000,-5600.000000,400.000000,4.000000,4.000000,4.000000,0.000000,0.000000,-1.570796,0
0,-53600.000000,-6000.000000,400.000000,4.000000,4.000000,4.000000,0.000000,0.000000,-1.570796,0
0,-53600.000000,-6400.000000,400.000000,4.000000,4.000000,4.000000,0.000000,0.000000,-1.570796,0
0,-53600.000000,-6800.000000,400.000000,4.000000,4.000000,4.000000,0.000000,0.000000,-1.570796,0
0,-53600.000000,-7200.000000,400.000000,4.000000,4.000000,4.000000,0.000000,0.000000,-1.570796,0
0,-53600.000000,-7600.000000,400.000000,4.000000,4.000000,4.000000,0.000000,0.000000,-1.570796,0
0,-53600.000000,-8000.000000,400.000000,4.000000,4.000000,4.000000,0.000000,0.000000,-1.570796,0
0,-53600.000000,-8400.000000,400.000000,4.000000,4.000000,4.000000,0.000000,0.000000,-1.570796,0
0,-53600.000000,-8800.000000,400.000000,4.000000,4.000000,4.000000,0.000000,0.000000,-1.570796,0
0,-53600.000000,-9200.000000,400.000000,4.000000,4.000000,4.000000,0.000000,0.000000,-1.570796,0
0,-53600.000000,-9600.000000,400.000000,4.000000,4.000000,4.000000,0.000000,0.000000,-1.570796,0
0,-53600.000000,-10000.000000,400.000000,4.000000,4.000000,4.000000,0.000000,0.000000,-1.570796,0
0,-53600.000000,-10400.000000,400.000000,4.000000,4.000000,4.000000,0.000000,0.000000,-1.570796,0
0,-53600.000000,-10800.000000,400.000000,4.000000,4.000000,4.000000,0.000000,0.000000,-1.570796,0
0,-53600.000000,-11200.000000,400.000000,4.000000,4.000000,4.000000,0.000000,0.000000,-1.570796,0
7,-53200.000000,-11200.000000,400.000000,4.000000,4.000000,4.000000,0.000000,0.000000,-1.570796,0
7,-53200.000000,-10800.000000,400.000000,4.000000,4.000000,4.000000,0.000000,0.000000,-1.570796,0
7,-53200.000000,-10400.000000,400.000000,4.000000,4.000000,4.000000,0.000000,0.000000,-1.570796,0
7,-53200.000000,-10000.000000,400.000000,4.000000,4.000000,4.000000,0.000000,0.000000,-1.570796,0
7,-53200.000000,-9600.000000,400.000000,4.000000,4.000000,4.000000,0.000000,0.000000,-1.570796,0
7,-53200.000000,-9200.000000,400.000000,4.000000,4.000000,4.000000,0.000000,0.000000,-1.570796,0
7,-53200.000000,-8800.000000,400.000000,4.000000,4.000000,4.000000,0.000000,0.000000,-1.570796,0
7,-53200.000000,-8400.000000,400.000000,4.000000,4.000000,4.000000,0.000000,0.000000,-1.570796,0
7,-53200.000000,-8000.000000,400.000000,4.000000,4.000000,4.000000,0.000000,0.000000,-1.570796,0
7,-53200.000000,-7600.000000,400.000000,4.000000,4.000000,4.000000,0.000000,0.000000,-1.570796,0
7,-53200.000000,-7200.000000,400.000000,4.000000,4.000000,4.000000,0.000000,0.000000,-1.570796,0
7,-53200.000000,-6800.000000,400.000000,4.000000,4.000000,4.000000,0.000000,0.000000,-1.570796,0
7,-53200.000000,-6400.000000,400.000000,4.000000,4.000000,4.000000,0.000000,0.000000,-1.570796,0
7,-53200.000000,-6000.000000,400.000000,4.000000,4.000000,4.000000,0.000000,0.000000,-1.570796,0
7,-53200.000000,-5600.000000,400.000000,4.000000,4.000000,4.000000,0.000000,0.000000,-1.570796,0
7,-53200.000000,-5200.000000,400.000000,4.000000,4.000000,4.000000,0.000000,0.000000,-1.570796,0
7,-53200.000000,-4800.000000,400.000000,4.000000,4.000000,4.000000,0.000000,0.000000,-1.570796,0
7,-53200.000000,-4400.000000,400.000000,4.000000,4.000000,4.000000,0.000000,0.000000,-1.570796,0
7,-53200.000000,-4000.000000,400.000000,4.000000,4.000000,4.000000,0.000000,0.000000,-1.570796,0
7,-53200.000000,-3600.000000,400.000000,4.000000,4.000000,4.000000,0.000000,0.000000,-1.570796,0
7,-53200.000000,-3200.000000,400.000000,4.000000,4.000000,4.000000,0.000000,0.000000,-1.570796,0
7,-53200.000000,-2800.000000,400.000000,4.000000,4.000000,4.000000,0.000000,0.000000,-1.570796,0
7,-53200.000000,-2400.000000,400.000000,4.000000,4.000000,4.000000,0.000000,0.000000,-1.570796,0
7,-53200.000000,-2000.000000,400.000000,4.000000,4.000000,4.000000,0.000000,0.000000,-1.570796,0
7,-53200.000000,-1600.000000,400.000000,4.000000,4.000000,4.000000,0.000000,0.000000,-1.570796,0
7,-53200.000000,-1200.000000,400.000000,4.000000,4.000000,4.000000,0.000000,0.000000,-1.570796,0
7,-53200.000000,-800.000000,400.000000,4.000000,4.000000,4.000000,0.000000,0.000000,-1.570796,0
7,-53200.000000,-400.000000,400.000000,4.000000,4.000000,4.000000,0.000000,0.000000,-1.570796,0
7,-53200.000000,0.000000,400.000000,4.000000,4.000000,4.000000,0.000000,0.000000,-1.570796,0
7,-53200.000000,400.000000,400.000000,4.000000,4.000000,4.000000,0.000000,0.000000,-1.570796,0
7,-53200.000000,800.000000,400.000000,4.000000,4.000000,4.000000,0.000000,0.000000,-1.570796,0
7,-53200.000000,1200.000000,400.000000,4.000000,4.000000,4.000000,0.000000,0.000000,-1.570796,0
7,-53200.000000,1600.000000,400.000000,4.000000,4.000000,4.000000,0.000000,0.000000,-1.570796,0
7,-53200.000000,2000.000000,400.000000,4.000000,4.000000,4.000000,0.000000,0.000000,-1.570796,0
7,-53200.000000,2400.000000,400.000000,4.000000,4.000000,4.000000,0.000000,0.000000,-1.570796,0
7,-53200.000000,2800.000000,400.000000,4.000000,4.000000,4.000000,0.000000,0.000000,-1.570796,0
7,-53200.000000,3200.000000,400.000000,4.000000,4.000000,4.000000,0.000000,0.000000,-1.570796,0
7,-53200.000000,3600.000000,400.000000,4.000000,4.000000,4.000000,0.000000,0.000000,-1.570796,0
7,-53200.000000,4000.000000,400.000000,4.000000,4.000000,4.000000,0.000000,0.000000,-1.570796,0
7,-53200.000000,4400.000000,400.000000,4.000000,4.000000,4.000000,0.000000,0.000000,-1.570796,0
7,-53200.000000,4800.000000,400.000000,4.000000,4.000000,4.000000,0.000000,0.000000,-1.570796,0
7,-53200.000000,5200.000000,400.000000,4.000000,4.000000,4.000000,0.000000,0.000000,-1.570796,0
7,-53200.000000,5600.000000,400.000000,4.000000,4.000000,4.000000,0.000000,0.000000,-1.570796,0
7,-53200.000000,6000.000000,400.000000,4.000000,4.000000,4.000000,0.000000,0.000000,-1.570796,0
7,-53200.000000,6400.000000,400.000000,4.000000,4.000000,4.000000,0.000000,0.000000,-1.570796,0
7,-53200.000000,6800.000000,400.000000,4.000000,4.000000,4.000000,0.000000,0.000000,-1.570796,0
7,-53200.000000,7200.000000,400.000000,4.000000,4.000000,4.000000,0.000000,0.000000,-1.570796,0
7,-53200.000000,7600.000000,400.000000,4.000000,4.000000,4.000000,0.000000,0.000000,-1.570796,0
7,-53200.000000,8000.000000,400.000000,4.000000,4.000000,4.000000,0.000000,0.000000,-1.570796,0
7,-53200.000000,8400.000000,400.000000,4.000000,4.000000,4.000000,0.000000,0.000000,-1.570796,0
7,-53200.000000,8800.000000,400.000000,4.000000,4.000000,4.000000,0.000000,0.000000,-1.570796,0
7,-53200.000000,9200.000000,400.000000,4.000000,4.000000,4.000000,0.000000,0.000000,-1.570796,0
7,-53200.000000,9600.000000,400.000000,4.000000,4.000000,4.000000,0.000000,0.000000,-1.570796,0
7,-53200.000000,10000.000000,400.000000,4.000000,4.000000,4.000000,0.000000,0.000000,-1.570796,0
7,-53200.000000,10400.000000,400.000000,4.000000,4.000000,4.000000,0.000000,0.000000,-1.570796,0
7,-53200.000000,10800.000000,400.000000,4.000000,4.000000,4.000000,0.000000,0.000000,-1.570796,0
7,-53200.000000,11200.000000,400.000000,4.000000,4.000000,4.000000,0.000000,0.000000,-1.570796,0
7,-53200.000000,11600.000000,400.000000,4.000000,4.000000,4.000000,0.000000,0.000000,-1.570796,0
7,-53200.000000,12000.000000,400.000000,4.000000,4.000000,4.000000,0.000000,0.000000,-1.570796,0
7,-53200.000000,12400.000000,400.000000,4.000000,4.000000,4.000000,0.000000,0.000000,-1.570796,0
7,-53200.000000,12800.000000,400.000000,4.000000,4.000000,4.000000,0.000000,0.000000,-1.570796,0
7,-53200.000000,13200.000000,400.000000,4.000000,4.000000,4.000000,0.000000,0.000000,-1.570796,0
7,-53200.000000,13600.000000,400.000000,4.000000,4.000000,4.000000,0.000000,0.000000,-1.570796,0
7,-53200.000000,14000.000000,400.000000,4.000000,4.000000,4.000000,0.000000,0.000000,-1.570796,0
7,-53200.000000,14400.000000,400.000000,4.000000,4.000000,4.000000,0.000000,0.000000,-1.570796,0
7,-53200.000000,14800.000000,400.000000,4.000000,4.000000,4.000000,0.000000,0.000000,-1.570796,0
7,-53200.000000,15200.000000,400.000000,4.000000,4.000000,4.000000,0.000000,0.000000,-1.570796,0
7,-53200.000000,15600.000000,400.000000,4.000000,4.000000,4.000000,0.000000,0.000000,-1.570796,0
35,-24000.000000,-5600.000000,0.000000,34.000000,34.000000,4.000000,0.000000,0.000000,0.000000,0,0,0,1000,-1000
35,-27600.000000,-5600.000000,0.000000,34.000000,34.000000,4.000000,0.000000,0.000000,0.000000,0,0,0,1000,-1000
35,-30800.000000,-5600.000000,0.000000,34.000000,34.000000,4.000000,0.000000,0.000000,0.000000,0,0,0,1000,-1000
35,-26000.000000,11600.000000,0.000000,34.000000,34.000000,4.000000,0.000000,0.000000,0.000000,0,0,0,1000,-1000
35,-48800.000000,12000.000000,0.000000,34.000000,34.000000,4.000000,0.000000,0.000000,0.000000,0,0,0,1000,-1000
