0,-4800.000000,-1600.000000,0.000000,4.000000,4.000000,4.000000,0.000000,0.000000,0.000000,0
0,-4800.000000,-2000.000000,0.000000,4.000000,4.000000,4.000000,0.000000,0.000000,0.000000,0
0,-4800.000000,-2400.000000,0.000000,4.000000,4.000000,4.000000,0.000000,0.000000,0.000000,0
0,-4800.000000,-2800.000000,0.000000,4.000000,4.000000,4.000000,0.000000,0.000000,0.000000,0
0,-4800.000000,-3200.000000,0.000000,4.000000,4.000000,4.000000,0.000000,0.000000,0.000000,0
0,-4800.000000,-3600.000000,0.000000,4.000000,4.000000,4.000000,0.000000,0.000000,0.000000,0
0,-4400.000000,-3600.000000,0.000000,4.000000,4.000000,4.000000,0.000000,0.000000,0.000000,0
0,-4000.000000,-3600.000000,0.000000,4.000000,4.000000,4.000000,0.000000,0.000000,0.000000,0
0,-3600.000000,-3600.000000,0.000000,4.000000,4.000000,4.000000,0.000000,0.000000,0.000000,0
0,-3200.000000,-3600.000000,0.000000,4.000000,4.000000,4.000000,0.000000,0.000000,0.000000,0
0,-2800.000000,-3600.000000,0.000000,4.000000,4.000000,4.000000,0.000000,0.000000,0.000000,0
0,-2400.000000,-3600.000000,0.000000,4.000000,4.000000,4.000000,0.000000,0.000000,0.000000,0
0,-2000.000000,-3600.000000,0.000000,4.000000,4.000000,4.000000,0.000000,0.000000,0.000000,0
0,-1600.000000,-3600.000000,0.000000,4.000000,4.000000,4.000000,0.000000,0.000000,0.000000,0
0,-1200.000000,-3600.000000,0.000000,4.000000,4.000000,4.000000,0.000000,0.000000,0.000000,0
0,-800.000000,-3600.000000,0.000000,4.000000,4.000000,4.000000,0.000000,0.000000,0.000000,0
0,-400.000000,-3600.000000,0.000000,4.000000,4.000000,4.000000,0.000000,0.000000,0.000000,0
0,0.000000,-3600.000000,0.000000,4.000000,4.000000,4.000000,0.000000,0.000000,0.000000,0
0,-4800.000000,-1200.000000,0.000000,4.000000,4.000000,4.000000,0.000000,0.000000,0.000000,0
0,-4400.000000,-1200.000000,0.000000,4.000000,4.000000,4.000000,0.000000,0.000000,0.000000,0
0,-4000.000000,-1200.000000,0.000000,4.000000,4.000000,4.000000,0.000000,0.000000,0.000000,0
0,-3600.000000,-1200.000000,0.000000,4.000000,4.000000,4.000000,0.000000,0.000000,0.000000,0
0,-3200.000000,-1200.000000,0.000000,4.000000,4.000000,4.000000,0.000000,0.000000,0.000000,0
0,-2800.000000,-1200.000000,0.000000,4.000000,4.000000,4.000000,0.000000,0.000000,0.000000,0
0,-2400.000000,-1200.000000,0.000000,4.000000,4.000000,4.000000,0.000000,0.000000,0.000000,0
0,-2000.000000,-1200.000000,0.000000,4.000000,4.000000,4.000000,0.000000,0.000000,0.000000,0
0,-1600.000000,-1200.000000,0.000000,4.000000,4.000000,4.000000,0.000000,0.000000,0.000000,0
0,-1200.000000,-1200.000000,0.000000,4.000000,4.000000,4.000000,0.000000,0.000000,0.000000,0
0,-800.000000,-1200.000000,0.000000,4.000000,4.000000,4.000000,0.000000,0.000000,0.000000,0
0,8800.000000,-3600.000000,0.000000,4.000000,4.000000,4.000000,0.000000,0.000000,0.000000,0
0,9200.000000,-3600.000000,0.000000,4.000000,4.000000,4.000000,0.000000,0.000000,0.000000,0
0,9600.000000,-3600.000000,0.000000,4.000000,4.000000,4.000000,0.000000,0.000000,0.000000,0
0,-400.000000,-1200.000000,0.000000,4.000000,4.000000,4.000000,0.000000,0.000000,0.000000,0
0,0.000000,-1200.000000,0.000000,4.000000,4.000000,4.000000,0.000000,0.000000,0.000000,0
0,0.000000,-800.000000,0.000000,4.000000,4.000000,4.000000,0.000000,0.000000,0.000000,0
0,0.000000,-400.000000,0.000000,4.000000,4.000000,4.000000,0.000000,0.000000,0.000000,0
0,800.000000,-400.000000,0.000000,4.000000,4.000000,4.000000,0.000000,0.000000,0.000000,0
0,1200.000000,-400.000000,0.000000,4.000000,4.000000,4.000000,0.000000,0.000000,0.000000,0
0,1600.000000,-400.000000,0.000000,4.000000,4.000000,4.000000,0.000000,0.000000,0.000000,0
0,2000.000000,-400.000000,0.000000,4.000000,4.000000,4.000000,0.000000,0.000000,0.000000,0
0,2400.000000,-400.000000,0.000000,4.000000,4.000000,4.000000,0.000000,0.000000,0.000000,0
0,2800.000000,-400.000000,0.000000,4.000000,4.000000,4.000000,0.000000,0.000000,0.000000,0
0,3200.000000,-400.000000,0.000000,4.000000,4.000000,4.000000,0.000000,0.000000,0.000000,0
0,3600.000000,-400.000000,0.000000,4.000000,4.000000,4.000000,0.000000,0.000000,0.000000,0
0,4000.000000,-400.000000,0.000000,4.000000,4.000000,4.000000,0.000000,0.000000,0.000000,0
0,4400.000000,-400.000000,0.000000,4.000000,4.000000,4.000000,0.000000,0.000000,0.000000,0
0,400.000000,-400.000000,0.000000,4.000000,4.000000,4.000000,0.000000,0.000000,0.000000,0
0,4800.000000,-400.000000,0.000000,4.000000,4.000000,4.000000,0.000000,0.000000,0.000000,0
0,5200.000000,-400.000000,0.000000,4.000000,4.000000,4.000000,0.000000,0.000000,0.000000,0
0,5600.000000,-400.000000,0.000000,4.000000,4.000000,4.000000,0.000000,0.000000,0.000000,0
0,6000.000000,-400.000000,0.000000,4.000000,4.000000,4.000000,0.000000,0.000000,0.000000,0
0,6400.000000,-400.000000,0.000000,4.000000,4.000000,4.000000,0.000000,0.000000,0.000000,0
0,6800.000000,-400.000000,0.000000,4.000000,4.000000,4.000000,0.000000,0.000000,0.000000,0
0,7200.000000,-400.000000,0.000000,4.000000,4.000000,4.000000,0.000000,0.000000,0.000000,0
0,7600.000000,-400.000000,0.000000,4.000000,4.000000,4.000000,0.000000,0.000000,0.000000,0
0,8000.000000,-400.000000,0.000000,4.000000,4.000000,4.000000,0.000000,0.000000,0.000000,0
0,8400.000000,-400.000000,0.000000,4.000000,4.000000,4.000000,0.000000,0.000000,0.000000,0
0,8800.000000,-400.000000,0.000000,4.000000,4.000000,4.000000,0.000000,0.000000,0.000000,0
0,8800.000000,-800.000000,0.000000,4.000000,4.000000,4.000000,0.000000,0.000000,0.000000,0
0,8800.000000,-1200.000000,0.000000,4.000000,4.000000,4.000000,0.000000,0.000000,0.000000,0
0,9200.000000,-1200.000000,0.000000,4.000000,4.000000,4.000000,0.000000,0.000000,0.000000,0
0,9600.000000,-1200.000000,0.000000,4.000000,4.000000,4.000000,0.000000,0.000000,0.000000,0
0,10000.000000,-1200.000000,0.000000,4.000000,4.000000,4.000000,0.000000,0.000000,0.000000,0
0,10400.000000,-1200.000000,0.000000,4.000000,4.000000,4.000000,0.000000,0.000000,0.000000,0
0,10800.000000,-1200.000000,0.000000,4.000000,4.000000,4.000000,0.000000,0.000000,0.000000,0
0,11200.000000,-1200.000000,0.000000,4.000000,4.000000,4.000000,0.000000,0.000000,0.000000,0
0,0.000000,-4000.000000,0.000000,4.000000,4.000000,4.000000,0.000000,0.000000,0.000000,0
0,0.000000,-4400.000000,0.000000,4.000000,4.000000,4.000000,0.000000,0.000000,0.000000,0
0,0.000000,-4800.000000,0.000000,4.000000,4.000000,4.000000,0.000000,0.000000,0.000000,0
0,400.000000,-4800.000000,0.000000,4.000000,4.000000,4.000000,0.000000,0.000000,0.000000,0
0,800.000000,-4800.000000,0.000000,4.000000,4.000000,4.000000,0.000000,0.000000,0.000000,0
0,1200.000000,-4800.000000,0.000000,4.000000,4.000000,4.000000,0.000000,0.000000,0.000000,0
0,1600.000000,-4800.000000,0.000000,4.000000,4.000000,4.000000,0.000000,0.000000,0.000000,0
0,2000.000000,-4800.000000,0.000000,4.000000,4.000000,4.000000,0.000000,0.000000,0.000000,0
0,2400.000000,-4800.000000,0.000000,4.000000,4.000000,4.000000,0.000000,0.000000,0.000000,0
0,2800.000000,-4800.000000,0.000000,4.000000,4.000000,4.000000,0.000000,0.000000,0.000000,0
0,3200.000000,-4800.000000,0.000000,4.000000,4.000000,4.000000,0.000000,0.000000,0.000000,0
0,3600.000000,-4800.000000,0.000000,4.000000,4.000000,4.000000,0.000000,0.000000,0.000000,0
0,4000.000000,-4800.000000,0.000000,4.000000,4.000000,4.000000,0.000000,0.000000,0.000000,0
0,4400.000000,-4800.000000,0.000000,4.000000,4.000000,4.000000,0.000000,0.000000,0.000000,0
0,4800.000000,-4800.000000,0.000000,4.000000,4.000000,4.000000,0.000000,0.000000,0.000000,0
0,5200.000000,-4800.000000,0.000000,4.000000,4.000000,4.000000,0.000000,0.000000,0.000000,0
0,5600.000000,-4800.000000,0.000000,4.000000,4.000000,4.000000,0.000000,0.000000,0.000000,0
0,6000.000000,-4800.000000,0.000000,4.000000,4.000000,4.000000,0.000000,0.000000,0.000000,0
0,6400.000000,-4800.000000,0.000000,4.000000,4.000000,4.000000,0.000000,0.000000,0.000000,0
0,6800.000000,-4800.000000,0.000000,4.000000,4.000000,4.000000,0.000000,0.000000,0.000000,0
0,7200.000000,-4800.000000,0.000000,4.000000,4.000000,4.000000,0.000000,0.000000,0.000000,0
0,7600.000000,-4800.000000,0.000000,4.000000,4.000000,4.000000,0.000000,0.000000,0.000000,0
0,8000.000000,-4800.000000,0.000000,4.000000,4.000000,4.000000,0.000000,0.000000,0.000000,0
0,8400.000000,-4800.000000,0.000000,4.000000,4.000000,4.000000,0.000000,0.000000,0.000000,0
0,8800.000000,-4800.000000,0.000000,4.000000,4.000000,4.000000,0.000000,0.000000,0.000000,0
0,8800.000000,-4400.000000,0.000000,4.000000,4.000000,4.000000,0.000000,0.000000,0.000000,0
0,8800.000000,-4000.000000,0.000000,4.000000,4.000000,4.000000,0.000000,0.000000,0.000000,0
7,800.000000,-4400.000000,0.000000,4.000000,4.000000,4.000000,0.000000,0.000000,0.000000,0
7,1200.000000,-4400.000000,0.000000,4.000000,4.000000,4.000000,0.000000,0.000000,0.000000,0
7,1600.000000,-4400.000000,0.000000,4.000000,4.000000,4.000000,0.000000,0.000000,0.000000,0
7,2000.000000,-4400.000000,0.000000,4.000000,4.000000,4.000000,0.000000,0.000000,0.000000,0
7,2400.000000,-4400.000000,0.000000,4.000000,4.000000,4.000000,0.000000,0.000000,0.000000,0
7,2800.000000,-4400.000000,0.000000,4.000000,4.000000,4.000000,0.000000,0.000000,0.000000,0
7,3200.000000,-4400.000000,0.000000,4.000000,4.000000,4.000000,0.000000,0.000000,0.000000,0
7,3600.000000,-4400.000000,0.000000,4.000000,4.000000,4.000000,0.000000,0.000000,0.000000,0
7,4000.000000,-4400.000000,0.000000,4.000000,4.000000,4.000000,0.000000,0.000000,0.000000,0
7,4400.000000,-4400.000000,0.000000,4.000000,4.000000,4.000000,0.000000,0.000000,0.000000,0
7,4800.000000,-4400.000000,0.000000,4.000000,4.000000,4.000000,0.000000,0.000000,0.000000,0
7,5200.000000,-4400.000000,0.000000,4.000000,4.000000,4.000000,0.000000,0.000000,0.000000,0
7,5600.000000,-4400.000000,0.000000,4.000000,4.000000,4.000000,0.000000,0.000000,0.000000,0
7,6000.000000,-4400.000000,0.000000,4.000000,4.000000,4.000000,0.000000,0.000000,0.000000,0
7,6400.000000,-4400.000000,0.000000,4.000000,4.000000,4.000000,0.000000,0.000000,0.000000,0
7,6800.000000,-4400.000000,0.000000,4.000000,4.000000,4.000000,0.000000,0.000000,0.000000,0
7,7200.000000,-4400.000000,0.000000,4.000000,4.000000,4.000000,0.000000,0.000000,0.000000,0
7,7600.000000,-4400.000000,0.000000,4.000000,4.000000,4.000000,0.000000,0.000000,0.000000,0
7,8000.000000,-4400.000000,0.000000,4.000000,4.000000,4.000000,0.000000,0.000000,0.000000,0
7,400.000000,-4000.000000,0.000000,4.000000,4.000000,4.000000,0.000000,0.000000,-1.570796,0
7,400.000000,-3600.000000,0.000000,4.000000,4.000000,4.000000,0.000000,0.000000,-1.570796,0
7,400.000000,-1200.000000,0.000000,4.000000,4.000000,4.000000,0.000000,0.000000,-1.570796,0
7,8400.000000,-1200.000000,0.000000,4.000000,4.000000,4.000000,0.000000,0.000000,1.570796,0
7,8400.000000,-3600.000000,0.000000,4.000000,4.000000,4.000000,0.000000,0.000000,1.570796,0
7,8400.000000,-4000.000000,0.000000,4.000000,4.000000,4.000000,0.000000,0.000000,1.570796,0
7,8000.000000,-800.000000,0.000000,4.000000,4.000000,4.000000,0.000000,0.000000,3.141593,0
7,7600.000000,-800.000000,0.000000,4.000000,4.000000,4.000000,0.000000,0.000000,3.141593,0
7,7200.000000,-800.000000,0.000000,4.000000,4.000000,4.000000,0.000000,0.000000,3.141593,0
7,6800.000000,-800.000000,0.000000,4.000000,4.000000,4.000000,0.000000,0.000000,3.141593,0
7,6400.000000,-800.000000,0.000000,4.000000,4.000000,4.000000,0.000000,0.000000,3.141593,0
7,6000.000000,-800.000000,0.000000,4.000000,4.000000,4.000000,0.000000,0.000000,3.141593,0
7,5600.000000,-800.000000,0.000000,4.000000,4.000000,4.000000,0.000000,0.000000,3.141593,0
7,5200.000000,-800.000000,0.000000,4.000000,4.000000,4.000000,0.000000,0.000000,3.141593,0
7,4800.000000,-800.000000,0.000000,4.000000,4.000000,4.000000,0.000000,0.000000,3.141593,0
7,4400.000000,-800.000000,0.000000,4.000000,4.000000,4.000000,0.000000,0.000000,3.141593,0
7,4000.000000,-800.000000,0.000000,4.000000,4.000000,4.000000,0.000000,0.000000,3.141593,0
7,3600.000000,-800.000000,0.000000,4.000000,4.000000,4.000000,0.000000,0.000000,3.141593,0
7,3200.000000,-800.000000,0.000000,4.000000,4.000000,4.000000,0.000000,0.000000,3.141593,0
7,2800.000000,-800.000000,0.000000,4.000000,4.000000,4.000000,0.000000,0.000000,3.141593,0
7,2400.000000,-800.000000,0.000000,4.000000,4.000000,4.000000,0.000000,0.000000,3.141593,0
7,2000.000000,-800.000000,0.000000,4.000000,4.000000,4.000000,0.000000,0.000000,3.141593,0
7,1600.000000,-800.000000,0.000000,4.000000,4.000000,4.000000,0.000000,0.000000,3.141593,0
7,1200.000000,-800.000000,0.000000,4.000000,4.000000,4.000000,0.000000,0.000000,3.141593,0
7,800.000000,-800.000000,0.000000,4.000000,4.000000,4.000000,0.000000,0.000000,3.141593,0
0,10000.000000,-3600.000000,0.000000,4.000000,4.000000,4.000000,0.000000,0.000000,3.141593,0
0,10400.000000,-3600.000000,0.000000,4.000000,4.000000,4.000000,0.000000,0.000000,3.141593,0
0,10800.000000,-3600.000000,0.000000,4.000000,4.000000,4.000000,0.000000,0.000000,3.141593,0
0,11200.000000,-3600.000000,0.000000,4.000000,4.000000,4.000000,0.000000,0.000000,3.141593,0
0,11600.000000,-3600.000000,0.000000,4.000000,4.000000,4.000000,0.000000,0.000000,3.141593,0
0,11600.000000,-1200.000000,0.000000,4.000000,4.000000,4.000000,0.000000,0.000000,3.141593,0
0,12000.000000,-1200.000000,0.000000,4.000000,4.000000,4.000000,0.000000,0.000000,3.141593,0
0,12400.000000,-1200.000000,0.000000,4.000000,4.000000,4.000000,0.000000,0.000000,3.141593,0
0,12800.000000,-1200.000000,0.000000,4.000000,4.000000,4.000000,0.000000,0.000000,3.141593,0
0,13200.000000,-1200.000000,0.000000,4.000000,4.000000,4.000000,0.000000,0.000000,3.141593,0
0,12000.000000,-3600.000000,0.000000,4.000000,4.000000,4.000000,0.000000,0.000000,3.141593,0
0,12400.000000,-3600.000000,0.000000,4.000000,4.000000,4.000000,0.000000,0.000000,3.141593,0
0,12800.000000,-3600.000000,0.000000,4.000000,4.000000,4.000000,0.000000,0.000000,3.141593,0
0,13200.000000,-3600.000000,0.000000,4.000000,4.000000,4.000000,0.000000,0.000000,3.141593,0
3,10400.000000,-3200.000000,400.000000,4.000000,4.000000,4.000000,0.000000,0.000000,0.000000,0
0,13600.000000,-3600.000000,0.000000,4.000000,4.000000,4.000000,0.000000,0.000000,0.000000,0
0,14000.000000,-3600.000000,0.000000,4.000000,4.000000,4.000000,0.000000,0.000000,0.000000,0
0,14400.000000,-3600.000000,0.000000,4.000000,4.000000,4.000000,0.000000,0.000000,0.000000,0
0,14800.000000,-3600.000000,0.000000,4.000000,4.000000,4.000000,0.000000,0.000000,0.000000,0
0,15200.000000,-3600.000000,0.000000,4.000000,4.000000,4.000000,0.000000,0.000000,0.000000,0
0,13600.000000,-1200.000000,0.000000,4.000000,4.000000,4.000000,0.000000,0.000000,0.000000,0
0,14000.000000,-1200.000000,0.000000,4.000000,4.000000,4.000000,0.000000,0.000000,0.000000,0
0,14400.000000,-1200.000000,0.000000,4.000000,4.000000,4.000000,0.000000,0.000000,0.000000,0
0,14800.000000,-1200.000000,0.000000,4.000000,4.000000,4.000000,0.000000,0.000000,0.000000,0
0,15200.000000,-1200.000000,0.000000,4.000000,4.000000,4.000000,0.000000,0.000000,0.000000,0
0,15600.000000,-3600.000000,0.000000,4.000000,4.000000,4.000000,0.000000,0.000000,0.000000,0
0,15600.000000,-1200.000000,0.000000,4.000000,4.000000,4.000000,0.000000,0.000000,0.000000,0
0,16000.000000,-1200.000000,0.000000,4.000000,4.000000,4.000000,0.000000,0.000000,0.000000,0
0,16400.000000,-1200.000000,0.000000,4.000000,4.000000,4.000000,0.000000,0.000000,0.000000,0
0,16800.000000,-1200.000000,0.000000,4.000000,4.000000,4.000000,0.000000,0.000000,0.000000,0
0,17200.000000,-1200.000000,0.000000,4.000000,4.000000,4.000000,0.000000,0.000000,0.000000,0
0,17600.000000,-1200.000000,0.000000,4.000000,4.000000,4.000000,0.000000,0.000000,0.000000,0
0,18000.000000,-1200.000000,0.000000,4.000000,4.000000,4.000000,0.000000,0.000000,0.000000,0
0,19200.000000,-2400.000000,0.000000,4.000000,4.000000,4.000000,0.000000,0.000000,0.000000,0
0,19600.000000,-2800.000000,0.000000,4.000000,4.000000,4.000000,0.000000,0.000000,0.000000,0
0,20000.000000,-3200.000000,0.000000,4.000000,4.000000,4.000000,0.000000,0.000000,0.000000,0
0,20400.000000,-3600.000000,0.000000,4.000000,4.000000,4.000000,0.000000,0.000000,0.000000,0
0,18400.000000,-1600.000000,0.000000,4.000000,4.000000,4.000000,0.000000,0.000000,0.000000,0
0,18800.000000,-2000.000000,0.000000,4.000000,4.000000,4.000000,0.000000,0.000000,0.000000,0
0,20800.000000,-4000.000000,0.000000,4.000000,4.000000,4.000000,0.000000,0.000000,0.000000,0
0,21200.000000,-4400.000000,0.000000,4.000000,4.000000,4.000000,0.000000,0.000000,0.000000,0
0,16000.000000,-4000.000000,0.000000,4.000000,4.000000,4.000000,0.000000,0.000000,0.000000,0
0,16400.000000,-4400.000000,0.000000,4.000000,4.000000,4.000000,0.000000,0.000000,0.000000,0
0,16800.000000,-4800.000000,0.000000,4.000000,4.000000,4.000000,0.000000,0.000000,0.000000,0
0,17200.000000,-5200.000000,0.000000,4.000000,4.000000,4.000000,0.000000,0.000000,0.000000,0
0,17600.000000,-5600.000000,0.000000,4.000000,4.000000,4.000000,0.000000,0.000000,0.000000,0
0,18000.000000,-6000.000000,0.000000,4.000000,4.000000,4.000000,0.000000,0.000000,0.000000,0
0,18400.000000,-6400.000000,0.000000,4.000000,4.000000,4.000000,0.000000,0.000000,0.000000,0
0,18800.000000,-6800.000000,0.000000,4.000000,4.000000,4.000000,0.000000,0.000000,0.000000,0
0,19200.000000,-7200.000000,0.000000,4.000000,4.000000,4.000000,0.000000,0.000000,0.000000,0
0,19600.000000,-7600.000000,0.000000,4.000000,4.000000,4.000000,0.000000,0.000000,0.000000,0
0,21600.000000,-4400.000000,0.000000,4.000000,4.000000,4.000000,0.000000,0.000000,0.000000,0
0,22000.000000,-4400.000000,0.000000,4.000000,4.000000,4.000000,0.000000,0.000000,0.000000,0
0,22400.000000,-4400.000000,0.000000,4.000000,4.000000,4.000000,0.000000,0.000000,0.000000,0
0,22800.000000,-4400.000000,0.000000,4.000000,4.000000,4.000000,0.000000,0.000000,0.000000,0
0,23200.000000,-4400.000000,0.000000,4.000000,4.000000,4.000000,0.000000,0.000000,0.000000,0
0,23600.000000,-4400.000000,0.000000,4.000000,4.000000,4.000000,0.000000,0.000000,0.000000,0
0,24000.000000,-4400.000000,0.000000,4.000000,4.000000,4.000000,0.000000,0.000000,0.000000,0
0,24400.000000,-4400.000000,0.000000,4.000000,4.000000,4.000000,0.000000,0.000000,0.000000,0
0,24800.000000,-4400.000000,0.000000,4.000000,4.000000,4.000000,0.000000,0.000000,0.000000,0
0,25200.000000,-4400.000000,0.000000,4.000000,4.000000,4.000000,0.000000,0.000000,0.000000,0
0,25600.000000,-4400.000000,0.000000,4.000000,4.000000,4.000000,0.000000,0.000000,0.000000,0
0,26000.000000,-4400.000000,0.000000,4.000000,4.000000,4.000000,0.000000,0.000000,0.000000,0
0,26400.000000,-4400.000000,0.000000,4.000000,4.000000,4.000000,0.000000,0.000000,0.000000,0
0,26800.000000,-4400.000000,0.000000,4.000000,4.000000,4.000000,0.000000,0.000000,0.000000,0
0,27200.000000,-4400.000000,0.000000,4.000000,4.000000,4.000000,0.000000,0.000000,0.000000,0
0,27600.000000,-4400.000000,0.000000,4.000000,4.000000,4.000000,0.000000,0.000000,0.000000,0
0,28000.000000,-4400.000000,0.000000,4.000000,4.000000,4.000000,0.000000,0.000000,0.000000,0
0,28400.000000,-4400.000000,0.000000,4.000000,4.000000,4.000000,0.000000,0.000000,0.000000,0
0,31600.000000,-7600.000000,0.000000,4.000000,4.000000,4.000000,0.000000,0.000000,0.000000,0
0,31600.000000,-7200.000000,0.000000,4.000000,4.000000,4.000000,0.000000,0.000000,0.000000,0
0,31600.000000,-6800.000000,0.000000,4.000000,4.000000,4.000000,0.000000,0.000000,0.000000,0
0,31600.000000,-6400.000000,0.000000,4.000000,4.000000,4.000000,0.000000,0.000000,0.000000,0
0,31600.000000,-6000.000000,0.000000,4.000000,4.000000,4.000000,0.000000,0.000000,0.000000,0
0,31600.000000,-5600.000000,0.000000,4.000000,4.000000,4.000000,0.000000,0.000000,0.000000,0
0,31600.000000,-5200.000000,0.000000,4.000000,4.000000,4.000000,0.000000,0.000000,0.000000,0
0,31600.000000,-4800.000000,0.000000,4.000000,4.000000,4.000000,0.000000,0.000000,0.000000,0
0,31600.000000,-4400.000000,0.000000,4.000000,4.000000,4.000000,0.000000,0.000000,0.000000,0
0,31600.000000,-4000.000000,0.000000,4.000000,4.000000,4.000000,0.000000,0.000000,0.000000,0
0,31600.000000,-3600.000000,0.000000,4.000000,4.000000,4.000000,0.000000,0.000000,0.000000,0
0,31600.000000,-3200.000000,0.000000,4.000000,4.000000,4.000000,0.000000,0.000000,0.000000,0
0,31600.000000,-2800.000000,0.000000,4.000000,4.000000,4.000000,0.000000,0.000000,0.000000,0
0,31600.000000,-2400.000000,0.000000,4.000000,4.000000,4.000000,0.000000,0.000000,0.000000,0
0,31600.000000,-2000.000000,0.000000,4.000000,4.000000,4.000000,0.000000,0.000000,0.000000,0
0,28400.000000,-4000.000000,0.000000,4.000000,4.000000,4.000000,0.000000,0.000000,0.000000,0
0,28400.000000,-3600.000000,0.000000,4.000000,4.000000,4.000000,0.000000,0.000000,0.000000,0
0,28400.000000,-3200.000000,0.000000,4.000000,4.000000,4.000000,0.000000,0.000000,0.000000,0
0,28400.000000,-2800.000000,0.000000,4.000000,4.000000,4.000000,0.000000,0.000000,0.000000,0
0,28400.000000,-2400.000000,0.000000,4.000000,4.000000,4.000000,0.000000,0.000000,0.000000,0
0,28400.000000,-2000.000000,0.000000,4.000000,4.000000,4.000000,0.000000,0.000000,0.000000,0
0,28400.000000,-1600.000000,0.000000,4.000000,4.000000,4.000000,0.000000,0.000000,0.000000,0
0,28400.000000,-1200.000000,0.000000,4.000000,4.000000,4.000000,0.000000,0.000000,0.000000,0
0,28400.000000,-800.000000,0.000000,4.000000,4.000000,4.000000,0.000000,0.000000,0.000000,0
0,28400.000000,-400.000000,0.000000,4.000000,4.000000,4.000000,0.000000,0.000000,0.000000,0
0,28400.000000,0.000000,0.000000,4.000000,4.000000,4.000000,0.000000,0.000000,0.000000,0
0,28400.000000,400.000000,0.000000,4.000000,4.000000,4.000000,0.000000,0.000000,0.000000,0
0,28400.000000,800.000000,0.000000,4.000000,4.000000,4.000000,0.000000,0.000000,0.000000,0
0,28400.000000,1200.000000,0.000000,4.000000,4.000000,4.000000,0.000000,0.000000,0.000000,0
0,28800.000000,1200.000000,0.000000,4.000000,4.000000,4.000000,0.000000,0.000000,0.000000,0
0,29200.000000,1200.000000,0.000000,4.000000,4.000000,4.000000,0.000000,0.000000,0.000000,0
0,29600.000000,1200.000000,0.000000,4.000000,4.000000,4.000000,0.000000,0.000000,0.000000,0
0,30000.000000,1200.000000,0.000000,4.000000,4.000000,4.000000,0.000000,0.000000,0.000000,0
0,30400.000000,1200.000000,0.000000,4.000000,4.000000,4.000000,0.000000,0.000000,0.000000,0
0,30800.000000,1200.000000,0.000000,4.000000,4.000000,4.000000,0.000000,0.000000,0.000000,0
0,31200.000000,1200.000000,0.000000,4.000000,4.000000,4.000000,0.000000,0.000000,0.000000,0
0,31600.000000,1200.000000,0.000000,4.000000,4.000000,4.000000,0.000000,0.000000,0.000000,0
0,32000.000000,1200.000000,0.000000,4.000000,4.000000,4.000000,0.000000,0.000000,0.000000,0
0,32400.000000,1200.000000,0.000000,4.000000,4.000000,4.000000,0.000000,0.000000,0.000000,0
0,32800.000000,1200.000000,0.000000,4.000000,4.000000,4.000000,0.000000,0.000000,0.000000,0
0,33200.000000,1200.000000,0.000000,4.000000,4.000000,4.000000,0.000000,0.000000,0.000000,0
0,33600.000000,1200.000000,0.000000,4.000000,4.000000,4.000000,0.000000,0.000000,0.000000,0
0,31600.000000,-1600.000000,0.000000,4.000000,4.000000,4.000000,0.000000,0.000000,0.000000,0
0,32000.000000,-1600.000000,0.000000,4.000000,4.000000,4.000000,0.000000,0.000000,0.000000,0
0,32400.000000,-1600.000000,0.000000,4.000000,4.000000,4.000000,0.000000,0.000000,0.000000,0
0,32800.000000,-1600.000000,0.000000,4.000000,4.000000,4.000000,0.000000,0.000000,0.000000,0
0,33200.000000,-1600.000000,0.000000,4.000000,4.000000,4.000000,0.000000,0.000000,0.000000,0
0,33600.000000,-1600.000000,0.000000,4.000000,4.000000,4.000000,0.000000,0.000000,0.000000,0
0,34000.000000,-1600.000000,0.000000,4.000000,4.000000,4.000000,0.000000,0.000000,0.000000,0
0,34000.000000,1200.000000,0.000000,4.000000,4.000000,4.000000,0.000000,0.000000,0.000000,0
0,34400.000000,1200.000000,0.000000,4.000000,4.000000,4.000000,0.000000,0.000000,0.000000,0
0,34800.000000,1200.000000,0.000000,4.000000,4.000000,4.000000,0.000000,0.000000,0.000000,0
0,35200.000000,1200.000000,0.000000,4.000000,4.000000,4.000000,0.000000,0.000000,0.000000,0
0,35600.000000,1200.000000,0.000000,4.000000,4.000000,4.000000,0.000000,0.000000,0.000000,0
0,36000.000000,1200.000000,0.000000,4.000000,4.000000,4.000000,0.000000,0.000000,0.000000,0
0,36400.000000,1200.000000,0.000000,4.000000,4.000000,4.000000,0.000000,0.000000,0.000000,0
0,36400.000000,800.000000,0.000000,4.000000,4.000000,4.000000,0.000000,0.000000,0.000000,0
0,36400.000000,400.000000,0.000000,4.000000,4.000000,4.000000,0.000000,0.000000,0.000000,0
0,36400.000000,0.000000,0.000000,4.000000,4.000000,4.000000,0.000000,0.000000,0.000000,0
0,36400.000000,-400.000000,0.000000,4.000000,4.000000,4.000000,0.000000,0.000000,0.000000,0
0,36400.000000,-800.000000,0.000000,4.000000,4.000000,4.000000,0.000000,0.000000,0.000000,0
0,36400.000000,-1200.000000,0.000000,4.000000,4.000000,4.000000,0.000000,0.000000,0.000000,0
0,36400.000000,-1600.000000,0.000000,4.000000,4.000000,4.000000,0.000000,0.000000,0.000000,0
0,34400.000000,-1600.000000,0.000000,4.000000,4.000000,4.000000,0.000000,0.000000,0.000000,0
0,36400.000000,-2000.000000,0.000000,4.000000,4.000000,4.000000,0.000000,0.000000,0.000000,0
0,36400.000000,-2400.000000,0.000000,4.000000,4.000000,4.000000,0.000000,0.000000,0.000000,0
0,36400.000000,-2800.000000,0.000000,4.000000,4.000000,4.000000,0.000000,0.000000,0.000000,0
0,36800.000000,-2800.000000,0.000000,4.000000,4.000000,4.000000,0.000000,0.000000,0.000000,0
0,37200.000000,-2800.000000,0.000000,4.000000,4.000000,4.000000,0.000000,0.000000,0.000000,0
0,37600.000000,-2800.000000,0.000000,4.000000,4.000000,4.000000,0.000000,0.000000,0.000000,0
0,38000.000000,-2800.000000,0.000000,4.000000,4.000000,4.000000,0.000000,0.000000,0.000000,0
0,38400.000000,-2800.000000,0.000000,4.000000,4.000000,4.000000,0.000000,0.000000,0.000000,0
0,38800.000000,-2800.000000,0.000000,4.000000,4.000000,4.000000,0.000000,0.000000,0.000000,0
0,39200.000000,-2800.000000,0.000000,4.000000,4.000000,4.000000,0.000000,0.000000,0.000000,0
0,39600.000000,-2800.000000,0.000000,4.000000,4.000000,4.000000,0.000000,0.000000,0.000000,0
0,40000.000000,-2800.000000,0.000000,4.000000,4.000000,4.000000,0.000000,0.000000,0.000000,0
0,40400.000000,-2800.000000,0.000000,4.000000,4.000000,4.000000,0.000000,0.000000,0.000000,0
0,34400.000000,-6000.000000,0.000000,4.000000,4.000000,4.000000,0.000000,0.000000,0.000000,0
0,34400.000000,-5600.000000,0.000000,4.000000,4.000000,4.000000,0.000000,0.000000,0.000000,0
0,34400.000000,-5200.000000,0.000000,4.000000,4.000000,4.000000,0.000000,0.000000,0.000000,0
0,34400.000000,-4800.000000,0.000000,4.000000,4.000000,4.000000,0.000000,0.000000,0.000000,0
0,34400.000000,-4400.000000,0.000000,4.000000,4.000000,4.000000,0.000000,0.000000,0.000000,0
0,34400.000000,-4000.000000,0.000000,4.000000,4.000000,4.000000,0.000000,0.000000,0.000000,0
0,34400.000000,-3600.000000,0.000000,4.000000,4.000000,4.000000,0.000000,0.000000,0.000000,0
0,34400.000000,-3200.000000,0.000000,4.000000,4.000000,4.000000,0.000000,0.000000,0.000000,0
0,34400.000000,-2800.000000,0.000000,4.000000,4.000000,4.000000,0.000000,0.000000,0.000000,0
0,34400.000000,-2400.000000,0.000000,4.000000,4.000000,4.000000,0.000000,0.000000,0.000000,0
0,34400.000000,-2000.000000,0.000000,4.000000,4.000000,4.000000,0.000000,0.000000,0.000000,0
0,40800.000000,-2800.000000,0.000000,4.000000,4.000000,4.000000,0.000000,0.000000,0.000000,0
0,41200.000000,-2800.000000,0.000000,4.000000,4.000000,4.000000,0.000000,0.000000,0.000000,0
0,41600.000000,-2800.000000,0.000000,4.000000,4.000000,4.000000,0.000000,0.000000,0.000000,0
0,42000.000000,-2800.000000,0.000000,4.000000,4.000000,4.000000,0.000000,0.000000,0.000000,0
0,42400.000000,-2800.000000,0.000000,4.000000,4.000000,4.000000,0.000000,0.000000,0.000000,0
0,34400.000000,-6400.000000,0.000000,4.000000,4.000000,4.000000,0.000000,0.000000,0.000000,0
0,34400.000000,-6800.000000,0.000000,4.000000,4.000000,4.000000,0.000000,0.000000,0.000000,0
0,34400.000000,-7200.000000,0.000000,4.000000,4.000000,4.000000,0.000000,0.000000,0.000000,0
0,34400.000000,-7600.000000,0.000000,4.000000,4.000000,4.000000,0.000000,0.000000,0.000000,0
0,34800.000000,-7600.000000,0.000000,4.000000,4.000000,4.000000,0.000000,0.000000,0.000000,0
0,35200.000000,-7600.000000,0.000000,4.000000,4.000000,4.000000,0.000000,0.000000,0.000000,0
0,35600.000000,-7600.000000,0.000000,4.000000,4.000000,4.000000,0.000000,0.000000,0.000000,0
0,36000.000000,-7600.000000,0.000000,4.000000,4.000000,4.000000,0.000000,0.000000,0.000000,0
0,36400.000000,-7600.000000,0.000000,4.000000,4.000000,4.000000,0.000000,0.000000,0.000000,0
0,36800.000000,-7600.000000,0.000000,4.000000,4.000000,4.000000,0.000000,0.000000,0.000000,0
0,37200.000000,-7600.000000,0.000000,4.000000,4.000000,4.000000,0.000000,0.000000,0.000000,0
0,37600.000000,-7600.000000,0.000000,4.000000,4.000000,4.000000,0.000000,0.000000,0.000000,0
0,38000.000000,-7600.000000,0.000000,4.000000,4.000000,4.000000,0.000000,0.000000,0.000000,0
0,38400.000000,-7600.000000,0.000000,4.000000,4.000000,4.000000,0.000000,0.000000,0.000000,0
0,38800.000000,-7600.000000,0.000000,4.000000,4.000000,4.000000,0.000000,0.000000,0.000000,0
0,39200.000000,-7600.000000,0.000000,4.000000,4.000000,4.000000,0.000000,0.000000,0.000000,0
0,39600.000000,-7600.000000,0.000000,4.000000,4.000000,4.000000,0.000000,0.000000,0.000000,0
0,40000.000000,-7600.000000,0.000000,4.000000,4.000000,4.000000,0.000000,0.000000,0.000000,0
0,40400.000000,-7600.000000,0.000000,4.000000,4.000000,4.000000,0.000000,0.000000,0.000000,0
0,40800.000000,-7600.000000,0.000000,4.000000,4.000000,4.000000,0.000000,0.000000,0.000000,0
0,41200.000000,-7600.000000,0.000000,4.000000,4.000000,4.000000,0.000000,0.000000,0.000000,0
0,41600.000000,-7600.000000,0.000000,4.000000,4.000000,4.000000,0.000000,0.000000,0.000000,0
0,42000.000000,-7600.000000,0.000000,4.000000,4.000000,4.000000,0.000000,0.000000,0.000000,0
0,42400.000000,-7600.000000,0.000000,4.000000,4.000000,4.000000,0.000000,0.000000,0.000000,0
0,42800.000000,-7600.000000,0.000000,4.000000,4.000000,4.000000,0.000000,0.000000,0.000000,0
0,43200.000000,-7600.000000,0.000000,4.000000,4.000000,4.000000,0.000000,0.000000,0.000000,0
0,43600.000000,-7600.000000,0.000000,4.000000,4.000000,4.000000,0.000000,0.000000,0.000000,0
0,44000.000000,-7600.000000,0.000000,4.000000,4.000000,4.000000,0.000000,0.000000,0.000000,0
0,44400.000000,-7600.000000,0.000000,4.000000,4.000000,4.000000,0.000000,0.000000,0.000000,0
0,44800.000000,-7600.000000,0.000000,4.000000,4.000000,4.000000,0.000000,0.000000,0.000000,0
0,45200.000000,-7600.000000,0.000000,4.000000,4.000000,4.000000,0.000000,0.000000,0.000000,0
0,42800.000000,-2800.000000,0.000000,4.000000,4.000000,4.000000,0.000000,0.000000,0.000000,0
0,43200.000000,-2800.000000,0.000000,4.000000,4.000000,4.000000,0.000000,0.000000,0.000000,0
0,43600.000000,-2800.000000,0.000000,4.000000,4.000000,4.000000,0.000000,0.000000,0.000000,0
0,44000.000000,-2800.000000,0.000000,4.000000,4.000000,4.000000,0.000000,0.000000,0.000000,0
0,44400.000000,-2800.000000,0.000000,4.000000,4.000000,4.000000,0.000000,0.000000,0.000000,0
0,44800.000000,-2800.000000,0.000000,4.000000,4.000000,4.000000,0.000000,0.000000,0.000000,0
0,45200.000000,-2800.000000,0.000000,4.000000,4.000000,4.000000,0.000000,0.000000,0.000000,0
0,45600.000000,-2800.000000,0.000000,4.000000,4.000000,4.000000,0.000000,0.000000,0.000000,0
0,46000.000000,-2800.000000,0.000000,4.000000,4.000000,4.000000,0.000000,0.000000,0.000000,0
0,46400.000000,-2800.000000,0.000000,4.000000,4.000000,4.000000,0.000000,0.000000,0.000000,0
0,46800.000000,-2800.000000,0.000000,4.000000,4.000000,4.000000,0.000000,0.000000,0.000000,0
0,47200.000000,-2800.000000,0.000000,4.000000,4.000000,4.000000,0.000000,0.000000,0.000000,0
0,47600.000000,-2800.000000,0.000000,4.000000,4.000000,4.000000,0.000000,0.000000,0.000000,0
0,48000.000000,-2800.000000,0.000000,4.000000,4.000000,4.000000,0.000000,0.000000,0.000000,0
0,48400.000000,-2800.000000,0.000000,4.000000,4.000000,4.000000,0.000000,0.000000,0.000000,0
0,48800.000000,-2800.000000,0.000000,4.000000,4.000000,4.000000,0.000000,0.000000,0.000000,0
0,49200.000000,-2800.000000,0.000000,4.000000,4.000000,4.000000,0.000000,0.000000,0.000000,0
0,49600.000000,-2800.000000,0.000000,4.000000,4.000000,4.000000,0.000000,0.000000,0.000000,0
0,45600.000000,-7600.000000,0.000000,4.000000,4.000000,4.000000,0.000000,0.000000,0.000000,0
0,46000.000000,-7600.000000,0.000000,4.000000,4.000000,4.000000,0.000000,0.000000,0.000000,0
0,46400.000000,-7600.000000,0.000000,4.000000,4.000000,4.000000,0.000000,0.000000,0.000000,0
0,46800.000000,-7600.000000,0.000000,4.000000,4.000000,4.000000,0.000000,0.000000,0.000000,0
0,47200.000000,-7600.000000,0.000000,4.000000,4.000000,4.000000,0.000000,0.000000,0.000000,0
0,47600.000000,-7600.000000,0.000000,4.000000,4.000000,4.000000,0.000000,0.000000,0.000000,0
0,48000.000000,-7600.000000,0.000000,4.000000,4.000000,4.000000,0.000000,0.000000,0.000000,0
0,48400.000000,-7600.000000,0.000000,4.000000,4.000000,4.000000,0.000000,0.000000,0.000000,0
0,48800.000000,-7600.000000,0.000000,4.000000,4.000000,4.000000,0.000000,0.000000,0.000000,0
0,49200.000000,-7600.000000,0.000000,4.000000,4.000000,4.000000,0.000000,0.000000,0.000000,0
0,49200.000000,-7200.000000,0.000000,4.000000,4.000000,4.000000,0.000000,0.000000,0.000000,0
0,49200.000000,-6800.000000,0.000000,4.000000,4.000000,4.000000,0.000000,0.000000,0.000000,0
0,49200.000000,-6400.000000,0.000000,4.000000,4.000000,4.000000,0.000000,0.000000,0.000000,0
0,49200.000000,-6000.000000,0.000000,4.000000,4.000000,4.000000,0.000000,0.000000,0.000000,0
0,49200.000000,-5600.000000,0.000000,4.000000,4.000000,4.000000,0.000000,0.000000,0.000000,0
0,49200.000000,-5200.000000,0.000000,4.000000,4.000000,4.000000,0.000000,0.000000,0.000000,0
0,49600.000000,-5200.000000,0.000000,4.000000,4.000000,4.000000,0.000000,0.000000,0.000000,0
0,50000.000000,-5200.000000,0.000000,4.000000,4.000000,4.000000,0.000000,0.000000,0.000000,0
0,50400.000000,-5200.000000,0.000000,4.000000,4.000000,4.000000,0.000000,0.000000,0.000000,0
0,50800.000000,-5200.000000,0.000000,4.000000,4.000000,4.000000,0.000000,0.000000,0.000000,0
0,51200.000000,-5200.000000,0.000000,4.000000,4.000000,4.000000,0.000000,0.000000,0.000000,0
0,51600.000000,-5200.000000,0.000000,4.000000,4.000000,4.000000,0.000000,0.000000,0.000000,0
0,52000.000000,-5200.000000,0.000000,4.000000,4.000000,4.000000,0.000000,0.000000,0.000000,0
0,50000.000000,-2800.000000,0.000000,4.000000,4.000000,4.000000,0.000000,0.000000,0.000000,0
0,50400.000000,-2800.000000,0.000000,4.000000,4.000000,4.000000,0.000000,0.000000,0.000000,0
0,50800.000000,-2800.000000,0.000000,4.000000,4.000000,4.000000,0.000000,0.000000,0.000000,0
0,51200.000000,-2800.000000,0.000000,4.000000,4.000000,4.000000,0.000000,0.000000,0.000000,0
0,51600.000000,-2800.000000,0.000000,4.000000,4.000000,4.000000,0.000000,0.000000,0.000000,0
0,52000.000000,-2800.000000,0.000000,4.000000,4.000000,4.000000,0.000000,0.000000,0.000000,0
0,52400.000000,-2800.000000,0.000000,4.000000,4.000000,4.000000,0.000000,0.000000,0.000000,0
0,52400.000000,-3200.000000,0.000000,4.000000,4.000000,4.000000,0.000000,0.000000,0.000000,0
0,52400.000000,-3600.000000,0.000000,4.000000,4.000000,4.000000,0.000000,0.000000,0.000000,0
0,52400.000000,-4000.000000,0.000000,4.000000,4.000000,4.000000,0.000000,0.000000,0.000000,0
0,52400.000000,-4400.000000,0.000000,4.000000,4.000000,4.000000,0.000000,0.000000,0.000000,0
0,52400.000000,-4800.000000,0.000000,4.000000,4.000000,4.000000,0.000000,0.000000,0.000000,0
0,52400.000000,-5200.000000,0.000000,4.000000,4.000000,4.000000,0.000000,0.000000,0.000000,0
5,51600.000000,-4400.000000,400.000000,8.000000,8.000000,8.000000,0.000000,0.000000,0.000000,0
14,35600.000000,-4800.000000,0.000000,4.000000,4.000000,4.000000,0.000000,0.000000,0.000000,0
7,19600.000000,-7200.000000,0.000000,4.000000,4.000000,4.000000,0.000000,0.000000,0.000000,0
7,19200.000000,-6800.000000,0.000000,4.000000,4.000000,4.000000,0.000000,0.000000,0.000000,0
7,18800.000000,-6400.000000,0.000000,4.000000,4.000000,4.000000,0.000000,0.000000,0.000000,0
7,18400.000000,-6000.000000,0.000000,4.000000,4.000000,4.000000,0.000000,0.000000,0.000000,0
7,18000.000000,-5600.000000,0.000000,4.000000,4.000000,4.000000,0.000000,0.000000,0.000000,0
7,17600.000000,-5200.000000,0.000000,4.000000,4.000000,4.000000,0.000000,0.000000,0.000000,0
7,17200.000000,-4800.000000,0.000000,4.000000,4.000000,4.000000,0.000000,0.000000,0.000000,0
7,16800.000000,-4400.000000,0.000000,4.000000,4.000000,4.000000,0.000000,0.000000,0.000000,0
7,16400.000000,-4000.000000,0.000000,4.000000,4.000000,4.000000,0.000000,0.000000,0.000000,0
7,16000.000000,-3600.000000,0.000000,4.000000,4.000000,4.000000,0.000000,0.000000,0.000000,0
7,18000.000000,-1600.000000,0.000000,4.000000,4.000000,4.000000,0.000000,0.000000,3.141593,0
7,18400.000000,-2000.000000,0.000000,4.000000,4.000000,4.000000,0.000000,0.000000,3.141593,0
7,18800.000000,-2400.000000,0.000000,4.000000,4.000000,4.000000,0.000000,0.000000,3.141593,0
7,19200.000000,-2800.000000,0.000000,4.000000,4.000000,4.000000,0.000000,0.000000,3.141593,0
7,19600.000000,-3200.000000,0.000000,4.000000,4.000000,4.000000,0.000000,0.000000,3.141593,0
7,20000.000000,-3600.000000,0.000000,4.000000,4.000000,4.000000,0.000000,0.000000,3.141593,0
7,20400.000000,-4000.000000,0.000000,4.000000,4.000000,4.000000,0.000000,0.000000,3.141593,0
7,20800.000000,-4400.000000,0.000000,4.000000,4.000000,4.000000,0.000000,0.000000,3.141593,0
7,21200.000000,-4800.000000,0.000000,4.000000,4.000000,4.000000,0.000000,0.000000,3.141593,0
7,21600.000000,-4800.000000,0.000000,4.000000,4.000000,4.000000,0.000000,0.000000,3.141593,0
7,22000.000000,-4800.000000,0.000000,4.000000,4.000000,4.000000,0.000000,0.000000,3.141593,0
7,22400.000000,-4800.000000,0.000000,4.000000,4.000000,4.000000,0.000000,0.000000,3.141593,0
7,22800.000000,-4800.000000,0.000000,4.000000,4.000000,4.000000,0.000000,0.000000,3.141593,0
7,23200.000000,-4800.000000,0.000000,4.000000,4.000000,4.000000,0.000000,0.000000,3.141593,0
7,23600.000000,-4800.000000,0.000000,4.000000,4.000000,4.000000,0.000000,0.000000,3.141593,0
7,24000.000000,-4800.000000,0.000000,4.000000,4.000000,4.000000,0.000000,0.000000,3.141593,0
7,24400.000000,-4800.000000,0.000000,4.000000,4.000000,4.000000,0.000000,0.000000,3.141593,0
7,24800.000000,-4800.000000,0.000000,4.000000,4.000000,4.000000,0.000000,0.000000,3.141593,0
7,25200.000000,-4800.000000,0.000000,4.000000,4.000000,4.000000,0.000000,0.000000,3.141593,0
7,25600.000000,-4800.000000,0.000000,4.000000,4.000000,4.000000,0.000000,0.000000,3.141593,0
7,26000.000000,-4800.000000,0.000000,4.000000,4.000000,4.000000,0.000000,0.000000,3.141593,0
7,26400.000000,-4800.000000,0.000000,4.000000,4.000000,4.000000,0.000000,0.000000,3.141593,0
7,26800.000000,-4800.000000,0.000000,4.000000,4.000000,4.000000,0.000000,0.000000,3.141593,0
7,27200.000000,-4800.000000,0.000000,4.000000,4.000000,4.000000,0.000000,0.000000,3.141593,0
7,27600.000000,-4800.000000,0.000000,4.000000,4.000000,4.000000,0.000000,0.000000,3.141593,0
7,28000.000000,-4800.000000,0.000000,4.000000,4.000000,4.000000,0.000000,0.000000,3.141593,0
7,28400.000000,-4800.000000,0.000000,4.000000,4.000000,4.000000,0.000000,0.000000,3.141593,0
7,36400.000000,-3200.000000,0.000000,4.000000,4.000000,4.000000,0.000000,0.000000,3.141593,0
7,36800.000000,-3200.000000,0.000000,4.000000,4.000000,4.000000,0.000000,0.000000,3.141593,0
7,37200.000000,-3200.000000,0.000000,4.000000,4.000000,4.000000,0.000000,0.000000,3.141593,0
7,37600.000000,-3200.000000,0.000000,4.000000,4.000000,4.000000,0.000000,0.000000,3.141593,0
7,38000.000000,-3200.000000,0.000000,4.000000,4.000000,4.000000,0.000000,0.000000,3.141593,0
7,38400.000000,-3200.000000,0.000000,4.000000,4.000000,4.000000,0.000000,0.000000,3.141593,0
7,38800.000000,-3200.000000,0.000000,4.000000,4.000000,4.000000,0.000000,0.000000,3.141593,0
7,39200.000000,-3200.000000,0.000000,4.000000,4.000000,4.000000,0.000000,0.000000,3.141593,0
7,39600.000000,-3200.000000,0.000000,4.000000,4.000000,4.000000,0.000000,0.000000,3.141593,0
7,40000.000000,-3200.000000,0.000000,4.000000,4.000000,4.000000,0.000000,0.000000,3.141593,0
7,40400.000000,-3200.000000,0.000000,4.000000,4.000000,4.000000,0.000000,0.000000,3.141593,0
7,40800.000000,-3200.000000,0.000000,4.000000,4.000000,4.000000,0.000000,0.000000,3.141593,0
7,41200.000000,-3200.000000,0.000000,4.000000,4.000000,4.000000,0.000000,0.000000,3.141593,0
7,41600.000000,-3200.000000,0.000000,4.000000,4.000000,4.000000,0.000000,0.000000,3.141593,0
7,42000.000000,-3200.000000,0.000000,4.000000,4.000000,4.000000,0.000000,0.000000,3.141593,0
7,42400.000000,-3200.000000,0.000000,4.000000,4.000000,4.000000,0.000000,0.000000,3.141593,0
7,42800.000000,-3200.000000,0.000000,4.000000,4.000000,4.000000,0.000000,0.000000,3.141593,0
7,43200.000000,-3200.000000,0.000000,4.000000,4.000000,4.000000,0.000000,0.000000,3.141593,0
7,43600.000000,-3200.000000,0.000000,4.000000,4.000000,4.000000,0.000000,0.000000,3.141593,0
7,44000.000000,-3200.000000,0.000000,4.000000,4.000000,4.000000,0.000000,0.000000,3.141593,0
7,44400.000000,-3200.000000,0.000000,4.000000,4.000000,4.000000,0.000000,0.000000,3.141593,0
7,44800.000000,-3200.000000,0.000000,4.000000,4.000000,4.000000,0.000000,0.000000,3.141593,0
7,45200.000000,-3200.000000,0.000000,4.000000,4.000000,4.000000,0.000000,0.000000,3.141593,0
7,45600.000000,-3200.000000,0.000000,4.000000,4.000000,4.000000,0.000000,0.000000,3.141593,0
7,46000.000000,-3200.000000,0.000000,4.000000,4.000000,4.000000,0.000000,0.000000,3.141593,0
7,46400.000000,-3200.000000,0.000000,4.000000,4.000000,4.000000,0.000000,0.000000,3.141593,0
7,46800.000000,-3200.000000,0.000000,4.000000,4.000000,4.000000,0.000000,0.000000,3.141593,0
7,47200.000000,-3200.000000,0.000000,4.000000,4.000000,4.000000,0.000000,0.000000,3.141593,0
7,47600.000000,-3200.000000,0.000000,4.000000,4.000000,4.000000,0.000000,0.000000,3.141593,0
7,48000.000000,-3200.000000,0.000000,4.000000,4.000000,4.000000,0.000000,0.000000,3.141593,0
7,48400.000000,-3200.000000,0.000000,4.000000,4.000000,4.000000,0.000000,0.000000,3.141593,0
7,48800.000000,-3200.000000,0.000000,4.000000,4.000000,4.000000,0.000000,0.000000,3.141593,0
7,49200.000000,-3200.000000,0.000000,4.000000,4.000000,4.000000,0.000000,0.000000,3.141593,0
7,34800.000000,-6800.000000,0.000000,4.000000,4.000000,4.000000,0.000000,0.000000,-1.570796,0
7,34800.000000,-6400.000000,0.000000,4.000000,4.000000,4.000000,0.000000,0.000000,-1.570796,0
7,34800.000000,-6000.000000,0.000000,4.000000,4.000000,4.000000,0.000000,0.000000,-1.570796,0
7,34800.000000,-5600.000000,0.000000,4.000000,4.000000,4.000000,0.000000,0.000000,-1.570796,0
7,34800.000000,-5200.000000,0.000000,4.000000,4.000000,4.000000,0.000000,0.000000,-1.570796,0
7,34800.000000,-4800.000000,0.000000,4.000000,4.000000,4.000000,0.000000,0.000000,-1.570796,0
7,34800.000000,-4400.000000,0.000000,4.000000,4.000000,4.000000,0.000000,0.000000,-1.570796,0
7,34800.000000,-4000.000000,0.000000,4.000000,4.000000,4.000000,0.000000,0.000000,-1.570796,0
7,34800.000000,-3600.000000,0.000000,4.000000,4.000000,4.000000,0.000000,0.000000,-1.570796,0
7,34800.000000,-3200.000000,0.000000,4.000000,4.000000,4.000000,0.000000,0.000000,-1.570796,0
7,34800.000000,-2800.000000,0.000000,4.000000,4.000000,4.000000,0.000000,0.000000,-1.570796,0
7,34800.000000,-2400.000000,0.000000,4.000000,4.000000,4.000000,0.000000,0.000000,-1.570796,0
7,34800.000000,-2000.000000,0.000000,4.000000,4.000000,4.000000,0.000000,0.000000,-1.570796,0
7,28800.000000,-4400.000000,0.000000,4.000000,4.000000,4.000000,0.000000,0.000000,-1.570796,0
7,28800.000000,-4000.000000,0.000000,4.000000,4.000000,4.000000,0.000000,0.000000,-1.570796,0
7,28800.000000,-3600.000000,0.000000,4.000000,4.000000,4.000000,0.000000,0.000000,-1.570796,0
7,28800.000000,-3200.000000,0.000000,4.000000,4.000000,4.000000,0.000000,0.000000,-1.570796,0
7,28800.000000,-2800.000000,0.000000,4.000000,4.000000,4.000000,0.000000,0.000000,-1.570796,0
7,28800.000000,-2400.000000,0.000000,4.000000,4.000000,4.000000,0.000000,0.000000,-1.570796,0
7,28800.000000,-2000.000000,0.000000,4.000000,4.000000,4.000000,0.000000,0.000000,-1.570796,0
7,28800.000000,-1600.000000,0.000000,4.000000,4.000000,4.000000,0.000000,0.000000,-1.570796,0
7,28800.000000,-1200.000000,0.000000,4.000000,4.000000,4.000000,0.000000,0.000000,-1.570796,0
7,28800.000000,-800.000000,0.000000,4.000000,4.000000,4.000000,0.000000,0.000000,-1.570796,0
7,28800.000000,-400.000000,0.000000,4.000000,4.000000,4.000000,0.000000,0.000000,-1.570796,0
7,28800.000000,0.000000,0.000000,4.000000,4.000000,4.000000,0.000000,0.000000,-1.570796,0
7,28800.000000,400.000000,0.000000,4.000000,4.000000,4.000000,0.000000,0.000000,-1.570796,0
7,28800.000000,800.000000,0.000000,4.000000,4.000000,4.000000,0.000000,0.000000,-1.570796,0
7,34800.000000,-7200.000000,0.000000,4.000000,4.000000,4.000000,0.000000,0.000000,-1.570796,0
7,36000.000000,-2800.000000,0.000000,4.000000,4.000000,4.000000,0.000000,0.000000,1.570796,0
7,36000.000000,-2400.000000,0.000000,4.000000,4.000000,4.000000,0.000000,0.000000,1.570796,0
7,36000.000000,-2000.000000,0.000000,4.000000,4.000000,4.000000,0.000000,0.000000,1.570796,0
7,36000.000000,-1600.000000,0.000000,4.000000,4.000000,4.000000,0.000000,0.000000,1.570796,0
7,36000.000000,-1200.000000,0.000000,4.000000,4.000000,4.000000,0.000000,0.000000,1.570796,0
7,36000.000000,-800.000000,0.000000,4.000000,4.000000,4.000000,0.000000,0.000000,1.570796,0
7,36000.000000,-400.000000,0.000000,4.000000,4.000000,4.000000,0.000000,0.000000,1.570796,0
7,36000.000000,0.000000,0.000000,4.000000,4.000000,4.000000,0.000000,0.000000,1.570796,0
7,36000.000000,400.000000,0.000000,4.000000,4.000000,4.000000,0.000000,0.000000,1.570796,0
7,36000.000000,800.000000,0.000000,4.000000,4.000000,4.000000,0.000000,0.000000,1.570796,0
7,31200.000000,-6800.000000,0.000000,4.000000,4.000000,4.000000,0.000000,0.000000,1.570796,0
7,31200.000000,-6400.000000,0.000000,4.000000,4.000000,4.000000,0.000000,0.000000,1.570796,0
7,31200.000000,-6000.000000,0.000000,4.000000,4.000000,4.000000,0.000000,0.000000,1.570796,0
7,31200.000000,-5600.000000,0.000000,4.000000,4.000000,4.000000,0.000000,0.000000,1.570796,0
7,31200.000000,-5200.000000,0.000000,4.000000,4.000000,4.000000,0.000000,0.000000,1.570796,0
7,31200.000000,-4800.000000,0.000000,4.000000,4.000000,4.000000,0.000000,0.000000,1.570796,0
7,31200.000000,-4400.000000,0.000000,4.000000,4.000000,4.000000,0.000000,0.000000,1.570796,0
7,31200.000000,-4000.000000,0.000000,4.000000,4.000000,4.000000,0.000000,0.000000,1.570796,0
7,31200.000000,-3600.000000,0.000000,4.000000,4.000000,4.000000,0.000000,0.000000,1.570796,0
7,31200.000000,-3200.000000,0.000000,4.000000,4.000000,4.000000,0.000000,0.000000,1.570796,0
7,31200.000000,-2800.000000,0.000000,4.000000,4.000000,4.000000,0.000000,0.000000,1.570796,0
7,31200.000000,-2400.000000,0.000000,4.000000,4.000000,4.000000,0.000000,0.000000,1.570796,0
7,31200.000000,-2000.000000,0.000000,4.000000,4.000000,4.000000,0.000000,0.000000,1.570796,0
7,31200.000000,-1600.000000,0.000000,4.000000,4.000000,4.000000,0.000000,0.000000,1.570796,0
13,14000.000000,-3200.000000,0.000000,4.000000,4.000000,4.000000,0.000000,0.000000,0.000000,0
13,33200.000000,-1200.000000,0.000000,4.000000,4.000000,4.000000,0.000000,0.000000,0.000000,0
0,31600.000000,-8000.000000,0.000000,4.000000,4.000000,4.000000,0.000000,0.000000,0.000000,0
0,31600.000000,-8400.000000,0.000000,4.000000,4.000000,4.000000,0.000000,0.000000,0.000000,0
0,31600.000000,-8800.000000,0.000000,4.000000,4.000000,4.000000,0.000000,0.000000,0.000000,0
0,31600.000000,-9200.000000,0.000000,4.000000,4.000000,4.000000,0.000000,0.000000,0.000000,0
0,31600.000000,-9600.000000,0.000000,4.000000,4.000000,4.000000,0.000000,0.000000,0.000000,0
0,31200.000000,-9600.000000,0.000000,4.000000,4.000000,4.000000,0.000000,0.000000,0.000000,0
0,30800.000000,-9600.000000,0.000000,4.000000,4.000000,4.000000,0.000000,0.000000,0.000000,0
0,30400.000000,-9600.000000,0.000000,4.000000,4.000000,4.000000,0.000000,0.000000,0.000000,0
0,30000.000000,-9600.000000,0.000000,4.000000,4.000000,4.000000,0.000000,0.000000,0.000000,0
0,29600.000000,-9600.000000,0.000000,4.000000,4.000000,4.000000,0.000000,0.000000,0.000000,0
0,29200.000000,-9600.000000,0.000000,4.000000,4.000000,4.000000,0.000000,0.000000,0.000000,0
0,28800.000000,-9600.000000,0.000000,4.000000,4.000000,4.000000,0.000000,0.000000,0.000000,0
0,28400.000000,-9600.000000,0.000000,4.000000,4.000000,4.000000,0.000000,0.000000,0.000000,0
0,28000.000000,-9600.000000,0.000000,4.000000,4.000000,4.000000,0.000000,0.000000,0.000000,0
0,27600.000000,-9600.000000,0.000000,4.000000,4.000000,4.000000,0.000000,0.000000,0.000000,0
0,27200.000000,-9600.000000,0.000000,4.000000,4.000000,4.000000,0.000000,0.000000,0.000000,0
0,26800.000000,-9600.000000,0.000000,4.000000,4.000000,4.000000,0.000000,0.000000,0.000000,0
0,26400.000000,-9600.000000,0.000000,4.000000,4.000000,4.000000,0.000000,0.000000,0.000000,0
0,26000.000000,-9600.000000,0.000000,4.000000,4.000000,4.000000,0.000000,0.000000,0.000000,0
0,25600.000000,-9600.000000,0.000000,4.000000,4.000000,4.000000,0.000000,0.000000,0.000000,0
0,25200.000000,-9600.000000,0.000000,4.000000,4.000000,4.000000,0.000000,0.000000,0.000000,0
0,24800.000000,-9600.000000,0.000000,4.000000,4.000000,4.000000,0.000000,0.000000,0.000000,0
0,24400.000000,-9600.000000,0.000000,4.000000,4.000000,4.000000,0.000000,0.000000,0.000000,0
0,24000.000000,-9600.000000,0.000000,4.000000,4.000000,4.000000,0.000000,0.000000,0.000000,0
0,23600.000000,-9600.000000,0.000000,4.000000,4.000000,4.000000,0.000000,0.000000,0.000000,0
0,23200.000000,-9600.000000,0.000000,4.000000,4.000000,4.000000,0.000000,0.000000,0.000000,0
0,22800.000000,-9600.000000,0.000000,4.000000,4.000000,4.000000,0.000000,0.000000,0.000000,0
0,22400.000000,-9600.000000,0.000000,4.000000,4.000000,4.000000,0.000000,0.000000,0.000000,0
0,22000.000000,-9600.000000,0.000000,4.000000,4.000000,4.000000,0.000000,0.000000,0.000000,0
0,20000.000000,-8000.000000,0.000000,4.000000,4.000000,4.000000,0.000000,0.000000,0.000000,0
0,20400.000000,-8400.000000,0.000000,4.000000,4.000000,4.000000,0.000000,0.000000,0.000000,0
0,20800.000000,-8800.000000,0.000000,4.000000,4.000000,4.000000,0.000000,0.000000,0.000000,0
7,20000.000000,-7600.000000,0.000000,4.000000,4.000000,4.000000,0.000000,0.000000,0.000000,0
7,20400.000000,-8000.000000,0.000000,4.000000,4.000000,4.000000,0.000000,0.000000,0.000000,0
7,20800.000000,-8400.000000,0.000000,4.000000,4.000000,4.000000,0.000000,0.000000,0.000000,0
7,21200.000000,-8800.000000,0.000000,4.000000,4.000000,4.000000,0.000000,0.000000,0.000000,0
7,31200.000000,-7200.000000,0.000000,4.000000,4.000000,4.000000,0.000000,0.000000,1.570796,0
7,31200.000000,-7600.000000,0.000000,4.000000,4.000000,4.000000,0.000000,0.000000,1.570796,0
7,31200.000000,-8000.000000,0.000000,4.000000,4.000000,4.000000,0.000000,0.000000,1.570796,0
7,31200.000000,-8400.000000,0.000000,4.000000,4.000000,4.000000,0.000000,0.000000,1.570796,0
7,31200.000000,-8800.000000,0.000000,4.000000,4.000000,4.000000,0.000000,0.000000,1.570796,0
3,32400.000000,-1200.000000,400.000000,4.000000,4.000000,4.000000,0.000000,0.000000,0.000000,0
14,22400.000000,-6800.000000,0.000000,4.000000,4.000000,4.000000,0.000000,0.000000,0.000000,0
14,27600.000000,-6800.000000,0.000000,4.000000,4.000000,4.000000,0.000000,0.000000,0.000000,0
13,25200.000000,-6800.000000,0.000000,4.000000,4.000000,4.000000,0.000000,0.000000,0.000000,0
0,37600.000000,-4400.000000,0.000000,4.000000,4.000000,4.000000,0.000000,0.000000,0.000000,0
0,37600.000000,-4800.000000,0.000000,4.000000,4.000000,4.000000,0.000000,0.000000,0.000000,0
0,37600.000000,-5200.000000,0.000000,4.000000,4.000000,4.000000,0.000000,0.000000,0.000000,0
0,37600.000000,-4000.000000,0.000000,4.000000,4.000000,4.000000,0.000000,0.000000,0.000000,0
0,42000.000000,-5200.000000,0.000000,4.000000,4.000000,4.000000,0.000000,0.000000,0.000000,0
0,42000.000000,-5600.000000,0.000000,4.000000,4.000000,4.000000,0.000000,0.000000,0.000000,0
0,42000.000000,-6000.000000,0.000000,4.000000,4.000000,4.000000,0.000000,0.000000,0.000000,0
0,42000.000000,-6400.000000,0.000000,4.000000,4.000000,4.000000,0.000000,0.000000,0.000000,0
0,46800.000000,-4000.000000,0.000000,4.000000,4.000000,4.000000,0.000000,0.000000,0.000000,0
0,46800.000000,-4400.000000,0.000000,4.000000,4.000000,4.000000,0.000000,0.000000,0.000000,0
0,46800.000000,-4800.000000,0.000000,4.000000,4.000000,4.000000,0.000000,0.000000,0.000000,0
0,46800.000000,-5200.000000,0.000000,4.000000,4.000000,4.000000,0.000000,0.000000,0.000000,0
7,37200.000000,-4000.000000,0.000000,4.000000,4.000000,4.000000,0.000000,0.000000,1.570796,0
7,37200.000000,-4400.000000,0.000000,4.000000,4.000000,4.000000,0.000000,0.000000,1.570796,0
7,37200.000000,-4800.000000,0.000000,4.000000,4.000000,4.000000,0.000000,0.000000,1.570796,0
7,37200.000000,-5200.000000,0.000000,4.000000,4.000000,4.000000,0.000000,0.000000,1.570796,0
7,41600.000000,-5200.000000,0.000000,4.000000,4.000000,4.000000,0.000000,0.000000,1.570796,0
7,41600.000000,-5600.000000,0.000000,4.000000,4.000000,4.000000,0.000000,0.000000,1.570796,0
7,41600.000000,-6000.000000,0.000000,4.000000,4.000000,4.000000,0.000000,0.000000,1.570796,0
7,41600.000000,-6400.000000,0.000000,4.000000,4.000000,4.000000,0.000000,0.000000,1.570796,0
7,46400.000000,-4000.000000,0.000000,4.000000,4.000000,4.000000,0.000000,0.000000,1.570796,0
7,46400.000000,-4400.000000,0.000000,4.000000,4.000000,4.000000,0.000000,0.000000,1.570796,0
7,46400.000000,-4800.000000,0.000000,4.000000,4.000000,4.000000,0.000000,0.000000,1.570796,0
7,46400.000000,-5200.000000,0.000000,4.000000,4.000000,4.000000,0.000000,0.000000,1.570796,0
7,37600.000000,-3600.000000,0.000000,4.000000,4.000000,4.000000,0.000000,0.000000,0.000000,0
7,42000.000000,-4800.000000,0.000000,4.000000,4.000000,4.000000,0.000000,0.000000,0.000000,0
7,46800.000000,-3600.000000,0.000000,4.000000,4.000000,4.000000,0.000000,0.000000,0.000000,0
7,46800.000000,-5600.000000,0.000000,4.000000,4.000000,4.000000,0.000000,0.000000,3.141593,0
7,42000.000000,-6800.000000,0.000000,4.000000,4.000000,4.000000,0.000000,0.000000,3.141593,0
7,37600.000000,-5600.000000,0.000000,4.000000,4.000000,4.000000,0.000000,0.000000,3.141593,0
13,42000.000000,-4000.000000,0.000000,4.000000,4.000000,4.000000,0.000000,0.000000,0.000000,0
14,39600.000000,-5200.000000,0.000000,4.000000,4.000000,4.000000,0.000000,0.000000,0.000000,0
14,44800.000000,-5200.000000,0.000000,4.000000,4.000000,4.000000,0.000000,0.000000,0.000000,0
4,24000.000000,-6800.000000,0.000000,3.000000,3.000000,3.000000,0.000000,0.000000,0.000000,0
4,26800.000000,-6800.000000,0.000000,3.000000,3.000000,3.000000,0.000000,0.000000,0.000000,0
4,16400.000000,-2400.000000,0.000000,3.000000,3.000000,3.000000,0.000000,0.000000,0.000000,0
4,0.000000,-2800.000000,0.000000,3.000000,3.000000,3.000000,0.000000,0.000000,0.000000,0
4,30000.000000,-6800.000000,0.000000,3.000000,3.000000,3.000000,0.000000,0.000000,0.000000,0
4,37600.000000,-6400.000000,0.000000,3.000000,3.000000,3.000000,0.000000,0.000000,0.000000,0
4,38000.000000,-6400.000000,0.000000,3.000000,3.000000,3.000000,0.000000,0.000000,0.000000,0
4,37200.000000,-6400.000000,0.000000,3.000000,3.000000,3.000000,0.000000,0.000000,0.000000,0
4,46400.000000,-6400.000000,0.000000,3.000000,3.000000,3.000000,0.000000,0.000000,0.000000,0
4,46800.000000,-6400.000000,0.000000,3.000000,3.000000,3.000000,0.000000,0.000000,0.000000,0
4,47200.000000,-6400.000000,0.000000,3.000000,3.000000,3.000000,0.000000,0.000000,0.000000,0
0,12400.000000,1200.000000,4000.000000,4.000000,4.000000,4.000000,0.000000,0.000000,0.000000,0
0,12400.000000,1600.000000,4000.000000,4.000000,4.000000,4.000000,0.000000,0.000000,0.000000,0
0,12800.000000,2000.000000,4000.000000,4.000000,4.000000,4.000000,0.000000,0.000000,0.000000,0
0,13200.000000,2000.000000,4000.000000,4.000000,4.000000,4.000000,0.000000,0.000000,0.000000,0
0,13600.000000,2000.000000,4000.000000,4.000000,4.000000,4.000000,0.000000,0.000000,0.000000,0
0,14000.000000,2000.000000,4000.000000,4.000000,4.000000,4.000000,0.000000,0.000000,0.000000,0
0,14400.000000,2000.000000,4000.000000,4.000000,4.000000,4.000000,0.000000,0.000000,0.000000,0
0,12400.000000,2000.000000,4000.000000,4.000000,4.000000,4.000000,0.000000,0.000000,0.000000,0
0,14800.000000,2000.000000,4000.000000,4.000000,4.000000,4.000000,0.000000,0.000000,0.000000,0
0,15200.000000,2000.000000,4000.000000,4.000000,4.000000,4.000000,0.000000,0.000000,0.000000,0
0,15600.000000,2000.000000,4000.000000,4.000000,4.000000,4.000000,0.000000,0.000000,0.000000,0
0,16000.000000,2000.000000,4000.000000,4.000000,4.000000,4.000000,0.000000,0.000000,0.000000,0
0,16400.000000,2000.000000,4000.000000,4.000000,4.000000,4.000000,0.000000,0.000000,0.000000,0
0,16800.000000,2000.000000,4000.000000,4.000000,4.000000,4.000000,0.000000,0.000000,0.000000,0
0,17200.000000,2000.000000,4000.000000,4.000000,4.000000,4.000000,0.000000,0.000000,0.000000,0
0,17600.000000,2000.000000,4000.000000,4.000000,4.000000,4.000000,0.000000,0.000000,0.000000,0
0,18000.000000,2000.000000,4000.000000,4.000000,4.000000,4.000000,0.000000,0.000000,0.000000,0
0,18400.000000,2000.000000,4000.000000,4.000000,4.000000,4.000000,0.000000,0.000000,0.000000,0
0,18800.000000,2000.000000,4000.000000,4.000000,4.000000,4.000000,0.000000,0.000000,0.000000,0
0,19200.000000,2000.000000,4000.000000,4.000000,4.000000,4.000000,0.000000,0.000000,0.000000,0
0,19600.000000,2000.000000,4000.000000,4.000000,4.000000,4.000000,0.000000,0.000000,0.000000,0
0,20000.000000,2000.000000,4000.000000,4.000000,4.000000,4.000000,0.000000,0.000000,0.000000,0
0,20400.000000,2000.000000,4000.000000,4.000000,4.000000,4.000000,0.000000,0.000000,0.000000,0
0,20800.000000,2000.000000,4000.000000,4.000000,4.000000,4.000000,0.000000,0.000000,0.000000,0
0,21200.000000,2000.000000,4000.000000,4.000000,4.000000,4.000000,0.000000,0.000000,0.000000,0
0,21600.000000,2000.000000,4000.000000,4.000000,4.000000,4.000000,0.000000,0.000000,0.000000,0
0,22000.000000,2000.000000,4000.000000,4.000000,4.000000,4.000000,0.000000,0.000000,0.000000,0
0,22400.000000,2000.000000,4000.000000,4.000000,4.000000,4.000000,0.000000,0.000000,0.000000,0
0,22800.000000,2000.000000,4000.000000,4.000000,4.000000,4.000000,0.000000,0.000000,0.000000,0
0,23200.000000,2000.000000,4000.000000,4.000000,4.000000,4.000000,0.000000,0.000000,0.000000,0
0,23600.000000,2000.000000,4000.000000,4.000000,4.000000,4.000000,0.000000,0.000000,0.000000,0
0,24000.000000,2000.000000,4000.000000,4.000000,4.000000,4.000000,0.000000,0.000000,0.000000,0
0,24400.000000,2000.000000,4000.000000,4.000000,4.000000,4.000000,0.000000,0.000000,0.000000,0
0,24800.000000,2000.000000,4000.000000,4.000000,4.000000,4.000000,0.000000,0.000000,0.000000,0
0,25200.000000,2000.000000,4000.000000,4.000000,4.000000,4.000000,0.000000,0.000000,0.000000,0
0,25600.000000,2000.000000,4000.000000,4.000000,4.000000,4.000000,0.000000,0.000000,0.000000,0
0,26000.000000,2000.000000,4000.000000,4.000000,4.000000,4.000000,0.000000,0.000000,0.000000,0
0,26400.000000,2000.000000,4000.000000,4.000000,4.000000,4.000000,0.000000,0.000000,0.000000,0
0,26800.000000,2000.000000,4000.000000,4.000000,4.000000,4.000000,0.000000,0.000000,0.000000,0
0,27200.000000,2000.000000,4000.000000,4.000000,4.000000,4.000000,0.000000,0.000000,0.000000,0
0,27600.000000,2000.000000,4000.000000,4.000000,4.000000,4.000000,0.000000,0.000000,0.000000,0
0,28000.000000,2000.000000,4000.000000,4.000000,4.000000,4.000000,0.000000,0.000000,0.000000,0
0,28400.000000,2000.000000,4000.000000,4.000000,4.000000,4.000000,0.000000,0.000000,0.000000,0
0,28800.000000,2000.000000,4000.000000,4.000000,4.000000,4.000000,0.000000,0.000000,0.000000,0
0,29200.000000,2000.000000,4000.000000,4.000000,4.000000,4.000000,0.000000,0.000000,0.000000,0
0,29600.000000,2000.000000,4000.000000,4.000000,4.000000,4.000000,0.000000,0.000000,0.000000,0
0,30000.000000,2000.000000,4000.000000,4.000000,4.000000,4.000000,0.000000,0.000000,0.000000,0
0,30400.000000,2000.000000,4000.000000,4.000000,4.000000,4.000000,0.000000,0.000000,0.000000,0
0,30800.000000,2000.000000,4000.000000,4.000000,4.000000,4.000000,0.000000,0.000000,0.000000,0
0,31200.000000,2000.000000,4000.000000,4.000000,4.000000,4.000000,0.000000,0.000000,0.000000,0
0,31600.000000,2000.000000,4000.000000,4.000000,4.000000,4.000000,0.000000,0.000000,0.000000,0
0,32000.000000,2000.000000,4000.000000,4.000000,4.000000,4.000000,0.000000,0.000000,0.000000,0
0,32400.000000,2000.000000,4000.000000,4.000000,4.000000,4.000000,0.000000,0.000000,0.000000,0
0,32800.000000,2000.000000,4000.000000,4.000000,4.000000,4.000000,0.000000,0.000000,0.000000,0
0,33200.000000,2000.000000,4000.000000,4.000000,4.000000,4.000000,0.000000,0.000000,0.000000,0
0,33600.000000,2000.000000,4000.000000,4.000000,4.000000,4.000000,0.000000,0.000000,0.000000,0
0,34000.000000,2000.000000,4000.000000,4.000000,4.000000,4.000000,0.000000,0.000000,0.000000,0
0,34400.000000,2000.000000,4000.000000,4.000000,4.000000,4.000000,0.000000,0.000000,0.000000,0
0,34800.000000,2000.000000,4000.000000,4.000000,4.000000,4.000000,0.000000,0.000000,0.000000,0
0,35200.000000,2000.000000,4000.000000,4.000000,4.000000,4.000000,0.000000,0.000000,0.000000,0
0,35600.000000,2000.000000,4000.000000,4.000000,4.000000,4.000000,0.000000,0.000000,0.000000,0
0,36000.000000,2000.000000,4000.000000,4.000000,4.000000,4.000000,0.000000,0.000000,0.000000,0
0,36400.000000,2000.000000,4000.000000,4.000000,4.000000,4.000000,0.000000,0.000000,0.000000,0
0,36800.000000,2000.000000,4000.000000,4.000000,4.000000,4.000000,0.000000,0.000000,0.000000,0
0,37200.000000,2000.000000,4000.000000,4.000000,4.000000,4.000000,0.000000,0.000000,0.000000,0
0,37600.000000,2000.000000,4000.000000,4.000000,4.000000,4.000000,0.000000,0.000000,0.000000,0
0,38000.000000,2000.000000,4000.000000,4.000000,4.000000,4.000000,0.000000,0.000000,0.000000,0
0,38400.000000,2000.000000,4000.000000,4.000000,4.000000,4.000000,0.000000,0.000000,0.000000,0
0,38800.000000,2000.000000,4000.000000,4.000000,4.000000,4.000000,0.000000,0.000000,0.000000,0
0,39200.000000,2000.000000,4000.000000,4.000000,4.000000,4.000000,0.000000,0.000000,0.000000,0
0,39600.000000,2000.000000,4000.000000,4.000000,4.000000,4.000000,0.000000,0.000000,0.000000,0
0,40000.000000,2000.000000,4000.000000,4.000000,4.000000,4.000000,0.000000,0.000000,0.000000,0
0,40400.000000,2000.000000,4000.000000,4.000000,4.000000,4.000000,0.000000,0.000000,0.000000,0
0,40800.000000,2000.000000,4000.000000,4.000000,4.000000,4.000000,0.000000,0.000000,0.000000,0
0,41200.000000,2000.000000,4000.000000,4.000000,4.000000,4.000000,0.000000,0.000000,0.000000,0
0,41600.000000,2000.000000,4000.000000,4.000000,4.000000,4.000000,0.000000,0.000000,0.000000,0
0,42000.000000,2000.000000,4000.000000,4.000000,4.000000,4.000000,0.000000,0.000000,0.000000,0
0,42400.000000,2000.000000,4000.000000,4.000000,4.000000,4.000000,0.000000,0.000000,0.000000,0
0,42800.000000,2000.000000,4000.000000,4.000000,4.000000,4.000000,0.000000,0.000000,0.000000,0
0,43200.000000,2000.000000,4000.000000,4.000000,4.000000,4.000000,0.000000,0.000000,0.000000,0
0,43600.000000,2000.000000,4000.000000,4.000000,4.000000,4.000000,0.000000,0.000000,0.000000,0
0,44000.000000,2000.000000,4000.000000,4.000000,4.000000,4.000000,0.000000,0.000000,0.000000,0
0,44400.000000,2000.000000,4000.000000,4.000000,4.000000,4.000000,0.000000,0.000000,0.000000,0
0,44800.000000,2000.000000,4000.000000,4.000000,4.000000,4.000000,0.000000,0.000000,0.000000,0
0,45200.000000,2000.000000,4000.000000,4.000000,4.000000,4.000000,0.000000,0.000000,0.000000,0
0,45600.000000,2000.000000,4000.000000,4.000000,4.000000,4.000000,0.000000,0.000000,0.000000,0
0,46000.000000,2000.000000,4000.000000,4.000000,4.000000,4.000000,0.000000,0.000000,0.000000,0
0,46400.000000,2000.000000,4000.000000,4.000000,4.000000,4.000000,0.000000,0.000000,0.000000,0
0,46800.000000,2000.000000,4000.000000,4.000000,4.000000,4.000000,0.000000,0.000000,0.000000,0
0,47200.000000,2000.000000,4000.000000,4.000000,4.000000,4.000000,0.000000,0.000000,0.000000,0
0,47600.000000,2000.000000,4000.000000,4.000000,4.000000,4.000000,0.000000,0.000000,0.000000,0
0,48000.000000,2000.000000,4000.000000,4.000000,4.000000,4.000000,0.000000,0.000000,0.000000,0
0,12400.000000,800.000000,4000.000000,4.000000,4.000000,4.000000,0.000000,0.000000,0.000000,0
0,12000.000000,800.000000,4000.000000,4.000000,4.000000,4.000000,0.000000,0.000000,0.000000,0
0,11600.000000,800.000000,4000.000000,4.000000,4.000000,4.000000,0.000000,0.000000,0.000000,0
0,11200.000000,800.000000,4000.000000,4.000000,4.000000,4.000000,0.000000,0.000000,0.000000,0
0,10800.000000,800.000000,4000.000000,4.000000,4.000000,4.000000,0.000000,0.000000,0.000000,0
0,10400.000000,800.000000,4000.000000,4.000000,4.000000,4.000000,0.000000,0.000000,0.000000,0
0,10000.000000,800.000000,4000.000000,4.000000,4.000000,4.000000,0.000000,0.000000,0.000000,0
0,9600.000000,800.000000,4000.000000,4.000000,4.000000,4.000000,0.000000,0.000000,0.000000,0
0,9200.000000,800.000000,4000.000000,4.000000,4.000000,4.000000,0.000000,0.000000,0.000000,0
0,8800.000000,800.000000,4000.000000,4.000000,4.000000,4.000000,0.000000,0.000000,0.000000,0
0,8400.000000,800.000000,4000.000000,4.000000,4.000000,4.000000,0.000000,0.000000,0.000000,0
0,8000.000000,800.000000,4000.000000,4.000000,4.000000,4.000000,0.000000,0.000000,0.000000,0
0,7600.000000,800.000000,4000.000000,4.000000,4.000000,4.000000,0.000000,0.000000,0.000000,0
0,7200.000000,800.000000,4000.000000,4.000000,4.000000,4.000000,0.000000,0.000000,0.000000,0
0,6800.000000,800.000000,4000.000000,4.000000,4.000000,4.000000,0.000000,0.000000,0.000000,0
0,6400.000000,800.000000,4000.000000,4.000000,4.000000,4.000000,0.000000,0.000000,0.000000,0
0,6000.000000,800.000000,4000.000000,4.000000,4.000000,4.000000,0.000000,0.000000,0.000000,0
0,5600.000000,800.000000,4000.000000,4.000000,4.000000,4.000000,0.000000,0.000000,0.000000,0
0,5200.000000,800.000000,4000.000000,4.000000,4.000000,4.000000,0.000000,0.000000,0.000000,0
0,4800.000000,800.000000,4000.000000,4.000000,4.000000,4.000000,0.000000,0.000000,0.000000,0
0,4400.000000,800.000000,4000.000000,4.000000,4.000000,4.000000,0.000000,0.000000,0.000000,0
0,4000.000000,800.000000,4000.000000,4.000000,4.000000,4.000000,0.000000,0.000000,0.000000,0
0,3600.000000,800.000000,4000.000000,4.000000,4.000000,4.000000,0.000000,0.000000,0.000000,0
0,3200.000000,800.000000,4000.000000,4.000000,4.000000,4.000000,0.000000,0.000000,0.000000,0
0,2800.000000,800.000000,4000.000000,4.000000,4.000000,4.000000,0.000000,0.000000,0.000000,0
0,2400.000000,800.000000,4000.000000,4.000000,4.000000,4.000000,0.000000,0.000000,0.000000,0
0,2000.000000,800.000000,4000.000000,4.000000,4.000000,4.000000,0.000000,0.000000,0.000000,0
0,1600.000000,800.000000,4000.000000,4.000000,4.000000,4.000000,0.000000,0.000000,0.000000,0
0,1200.000000,800.000000,4000.000000,4.000000,4.000000,4.000000,0.000000,0.000000,0.000000,0
0,800.000000,800.000000,4000.000000,4.000000,4.000000,4.000000,0.000000,0.000000,0.000000,0
0,400.000000,800.000000,4000.000000,4.000000,4.000000,4.000000,0.000000,0.000000,0.000000,0
0,0.000000,800.000000,4000.000000,4.000000,4.000000,4.000000,0.000000,0.000000,0.000000,0
0,-400.000000,800.000000,4000.000000,4.000000,4.000000,4.000000,0.000000,0.000000,0.000000,0
0,-800.000000,800.000000,4000.000000,4.000000,4.000000,4.000000,0.000000,0.000000,0.000000,0
0,-1200.000000,800.000000,4000.000000,4.000000,4.000000,4.000000,0.000000,0.000000,0.000000,0
0,-1600.000000,800.000000,4000.000000,4.000000,4.000000,4.000000,0.000000,0.000000,0.000000,0
0,-2000.000000,800.000000,4000.000000,4.000000,4.000000,4.000000,0.000000,0.000000,0.000000,0
0,-2400.000000,800.000000,4000.000000,4.000000,4.000000,4.000000,0.000000,0.000000,0.000000,0
0,-2800.000000,800.000000,4000.000000,4.000000,4.000000,4.000000,0.000000,0.000000,0.000000,0
0,-3200.000000,800.000000,4000.000000,4.000000,4.000000,4.000000,0.000000,0.000000,0.000000,0
0,-3600.000000,800.000000,4000.000000,4.000000,4.000000,4.000000,0.000000,0.000000,0.000000,0
0,-4000.000000,800.000000,4000.000000,4.000000,4.000000,4.000000,0.000000,0.000000,0.000000,0
0,-4400.000000,800.000000,4000.000000,4.000000,4.000000,4.000000,0.000000,0.000000,0.000000,0
0,-4800.000000,800.000000,4000.000000,4.000000,4.000000,4.000000,0.000000,0.000000,0.000000,0
0,-5200.000000,800.000000,4000.000000,4.000000,4.000000,4.000000,0.000000,0.000000,0.000000,0
0,-5600.000000,800.000000,4000.000000,4.000000,4.000000,4.000000,0.000000,0.000000,0.000000,0
0,-6000.000000,800.000000,4000.000000,4.000000,4.000000,4.000000,0.000000,0.000000,0.000000,0
0,-6400.000000,1200.000000,4000.000000,4.000000,4.000000,4.000000,0.000000,0.000000,0.000000,0
0,-6400.000000,1600.000000,4000.000000,4.000000,4.000000,4.000000,0.000000,0.000000,0.000000,0
0,-6400.000000,2000.000000,4000.000000,4.000000,4.000000,4.000000,0.000000,0.000000,0.000000,0
0,-6400.000000,2400.000000,4000.000000,4.000000,4.000000,4.000000,0.000000,0.000000,0.000000,0
0,-6400.000000,2800.000000,4000.000000,4.000000,4.000000,4.000000,0.000000,0.000000,0.000000,0
0,-6400.000000,3200.000000,4000.000000,4.000000,4.000000,4.000000,0.000000,0.000000,0.000000,0
0,-6000.000000,3200.000000,4000.000000,4.000000,4.000000,4.000000,0.000000,0.000000,0.000000,0
0,-5600.000000,3200.000000,4000.000000,4.000000,4.000000,4.000000,0.000000,0.000000,0.000000,0
0,-5200.000000,3200.000000,4000.000000,4.000000,4.000000,4.000000,0.000000,0.000000,0.000000,0
0,-4800.000000,3200.000000,4000.000000,4.000000,4.000000,4.000000,0.000000,0.000000,0.000000,0
0,-4400.000000,3200.000000,4000.000000,4.000000,4.000000,4.000000,0.000000,0.000000,0.000000,0
0,-4000.000000,3200.000000,4000.000000,4.000000,4.000000,4.000000,0.000000,0.000000,0.000000,0
0,-3600.000000,3200.000000,4000.000000,4.000000,4.000000,4.000000,0.000000,0.000000,0.000000,0
0,-3200.000000,3200.000000,4000.000000,4.000000,4.000000,4.000000,0.000000,0.000000,0.000000,0
0,-2800.000000,3200.000000,4000.000000,4.000000,4.000000,4.000000,0.000000,0.000000,0.000000,0
0,-2400.000000,3200.000000,4000.000000,4.000000,4.000000,4.000000,0.000000,0.000000,0.000000,0
0,-2000.000000,3200.000000,4000.000000,4.000000,4.000000,4.000000,0.000000,0.000000,0.000000,0
0,-1600.000000,3200.000000,4000.000000,4.000000,4.000000,4.000000,0.000000,0.000000,0.000000,0
0,-1200.000000,3200.000000,4000.000000,4.000000,4.000000,4.000000,0.000000,0.000000,0.000000,0
0,-800.000000,3200.000000,4000.000000,4.000000,4.000000,4.000000,0.000000,0.000000,0.000000,0
0,-400.000000,3200.000000,4000.000000,4.000000,4.000000,4.000000,0.000000,0.000000,0.000000,0
0,0.000000,3200.000000,4000.000000,4.000000,4.000000,4.000000,0.000000,0.000000,0.000000,0
0,400.000000,3200.000000,4000.000000,4.000000,4.000000,4.000000,0.000000,0.000000,0.000000,0
0,800.000000,3200.000000,4000.000000,4.000000,4.000000,4.000000,0.000000,0.000000,0.000000,0
0,1200.000000,3200.000000,4000.000000,4.000000,4.000000,4.000000,0.000000,0.000000,0.000000,0
0,1600.000000,3200.000000,4000.000000,4.000000,4.000000,4.000000,0.000000,0.000000,0.000000,0
0,2000.000000,3200.000000,4000.000000,4.000000,4.000000,4.000000,0.000000,0.000000,0.000000,0
0,2400.000000,3200.000000,4000.000000,4.000000,4.000000,4.000000,0.000000,0.000000,0.000000,0
0,2800.000000,3200.000000,4000.000000,4.000000,4.000000,4.000000,0.000000,0.000000,0.000000,0
0,3200.000000,3200.000000,4000.000000,4.000000,4.000000,4.000000,0.000000,0.000000,0.000000,0
0,3600.000000,3200.000000,4000.000000,4.000000,4.000000,4.000000,0.000000,0.000000,0.000000,0
0,4000.000000,3200.000000,4000.000000,4.000000,4.000000,4.000000,0.000000,0.000000,0.000000,0
0,4400.000000,3200.000000,4000.000000,4.000000,4.000000,4.000000,0.000000,0.000000,0.000000,0
0,4800.000000,3200.000000,4000.000000,4.000000,4.000000,4.000000,0.000000,0.000000,0.000000,0
0,5200.000000,3200.000000,4000.000000,4.000000,4.000000,4.000000,0.000000,0.000000,0.000000,0
0,5600.000000,3200.000000,4000.000000,4.000000,4.000000,4.000000,0.000000,0.000000,0.000000,0
0,6000.000000,3200.000000,4000.000000,4.000000,4.000000,4.000000,0.000000,0.000000,0.000000,0
0,6400.000000,3200.000000,4000.000000,4.000000,4.000000,4.000000,0.000000,0.000000,0.000000,0
0,6800.000000,3200.000000,4000.000000,4.000000,4.000000,4.000000,0.000000,0.000000,0.000000,0
0,7200.000000,3200.000000,4000.000000,4.000000,4.000000,4.000000,0.000000,0.000000,0.000000,0
0,7600.000000,3200.000000,4000.000000,4.000000,4.000000,4.000000,0.000000,0.000000,0.000000,0
0,8000.000000,3200.000000,4000.000000,4.000000,4.000000,4.000000,0.000000,0.000000,0.000000,0
0,8400.000000,3200.000000,4000.000000,4.000000,4.000000,4.000000,0.000000,0.000000,0.000000,0
0,8800.000000,3200.000000,4000.000000,4.000000,4.000000,4.000000,0.000000,0.000000,0.000000,0
0,9200.000000,3200.000000,4000.000000,4.000000,4.000000,4.000000,0.000000,0.000000,0.000000,0
0,9600.000000,3200.000000,4000.000000,4.000000,4.000000,4.000000,0.000000,0.000000,0.000000,0
0,10000.000000,3200.000000,4000.000000,4.000000,4.000000,4.000000,0.000000,0.000000,0.000000,0
0,10400.000000,3200.000000,4000.000000,4.000000,4.000000,4.000000,0.000000,0.000000,0.000000,0
0,10800.000000,3200.000000,4000.000000,4.000000,4.000000,4.000000,0.000000,0.000000,0.000000,0
0,11200.000000,3200.000000,4000.000000,4.000000,4.000000,4.000000,0.000000,0.000000,0.000000,0
0,11600.000000,3200.000000,4000.000000,4.000000,4.000000,4.000000,0.000000,0.000000,0.000000,0
0,12000.000000,3200.000000,4000.000000,4.000000,4.000000,4.000000,0.000000,0.000000,0.000000,0
0,12400.000000,3200.000000,4000.000000,4.000000,4.000000,4.000000,0.000000,0.000000,0.000000,0
0,12800.000000,3200.000000,4000.000000,4.000000,4.000000,4.000000,0.000000,0.000000,0.000000,0
0,13200.000000,3200.000000,4000.000000,4.000000,4.000000,4.000000,0.000000,0.000000,0.000000,0
0,13600.000000,3200.000000,4000.000000,4.000000,4.000000,4.000000,0.000000,0.000000,0.000000,0
0,14000.000000,3200.000000,4000.000000,4.000000,4.000000,4.000000,0.000000,0.000000,0.000000,0
0,14400.000000,3200.000000,4000.000000,4.000000,4.000000,4.000000,0.000000,0.000000,0.000000,0
0,14800.000000,3200.000000,4000.000000,4.000000,4.000000,4.000000,0.000000,0.000000,0.000000,0
0,15200.000000,3200.000000,4000.000000,4.000000,4.000000,4.000000,0.000000,0.000000,0.000000,0
0,15600.000000,3200.000000,4000.000000,4.000000,4.000000,4.000000,0.000000,0.000000,0.000000,0
0,16000.000000,3200.000000,4000.000000,4.000000,4.000000,4.000000,0.000000,0.000000,0.000000,0
0,16400.000000,3200.000000,4000.000000,4.000000,4.000000,4.000000,0.000000,0.000000,0.000000,0
0,16800.000000,3200.000000,4000.000000,4.000000,4.000000,4.000000,0.000000,0.000000,0.000000,0
0,17200.000000,3200.000000,4000.000000,4.000000,4.000000,4.000000,0.000000,0.000000,0.000000,0
0,17600.000000,3200.000000,4000.000000,4.000000,4.000000,4.000000,0.000000,0.000000,0.000000,0
0,18000.000000,3200.000000,4000.000000,4.000000,4.000000,4.000000,0.000000,0.000000,0.000000,0
0,18400.000000,3200.000000,4000.000000,4.000000,4.000000,4.000000,0.000000,0.000000,0.000000,0
0,18800.000000,3200.000000,4000.000000,4.000000,4.000000,4.000000,0.000000,0.000000,0.000000,0
0,19200.000000,3200.000000,4000.000000,4.000000,4.000000,4.000000,0.000000,0.000000,0.000000,0
0,19600.000000,3200.000000,4000.000000,4.000000,4.000000,4.000000,0.000000,0.000000,0.000000,0
0,20000.000000,3200.000000,4000.000000,4.000000,4.000000,4.000000,0.000000,0.000000,0.000000,0
0,20400.000000,3200.000000,4000.000000,4.000000,4.000000,4.000000,0.000000,0.000000,0.000000,0
0,20800.000000,3200.000000,4000.000000,4.000000,4.000000,4.000000,0.000000,0.000000,0.000000,0
0,21200.000000,3200.000000,4000.000000,4.000000,4.000000,4.000000,0.000000,0.000000,0.000000,0
0,21600.000000,3200.000000,4000.000000,4.000000,4.000000,4.000000,0.000000,0.000000,0.000000,0
0,22000.000000,3200.000000,4000.000000,4.000000,4.000000,4.000000,0.000000,0.000000,0.000000,0
0,22400.000000,3200.000000,4000.000000,4.000000,4.000000,4.000000,0.000000,0.000000,0.000000,0
0,22800.000000,3200.000000,4000.000000,4.000000,4.000000,4.000000,0.000000,0.000000,0.000000,0
0,23200.000000,3200.000000,4000.000000,4.000000,4.000000,4.000000,0.000000,0.000000,0.000000,0
0,23600.000000,3200.000000,4000.000000,4.000000,4.000000,4.000000,0.000000,0.000000,0.000000,0
0,24000.000000,3200.000000,4000.000000,4.000000,4.000000,4.000000,0.000000,0.000000,0.000000,0
0,24400.000000,3200.000000,4000.000000,4.000000,4.000000,4.000000,0.000000,0.000000,0.000000,0
0,24800.000000,3200.000000,4000.000000,4.000000,4.000000,4.000000,0.000000,0.000000,0.000000,0
0,25200.000000,3200.000000,4000.000000,4.000000,4.000000,4.000000,0.000000,0.000000,0.000000,0
0,25600.000000,3200.000000,4000.000000,4.000000,4.000000,4.000000,0.000000,0.000000,0.000000,0
0,26000.000000,3200.000000,4000.000000,4.000000,4.000000,4.000000,0.000000,0.000000,0.000000,0
0,26400.000000,3200.000000,4000.000000,4.000000,4.000000,4.000000,0.000000,0.000000,0.000000,0
0,26800.000000,3200.000000,4000.000000,4.000000,4.000000,4.000000,0.000000,0.000000,0.000000,0
0,27200.000000,3200.000000,4000.000000,4.000000,4.000000,4.000000,0.000000,0.000000,0.000000,0
0,27600.000000,3200.000000,4000.000000,4.000000,4.000000,4.000000,0.000000,0.000000,0.000000,0
0,28000.000000,3200.000000,4000.000000,4.000000,4.000000,4.000000,0.000000,0.000000,0.000000,0
0,28400.000000,3200.000000,4000.000000,4.000000,4.000000,4.000000,0.000000,0.000000,0.000000,0
0,28800.000000,3200.000000,4000.000000,4.000000,4.000000,4.000000,0.000000,0.000000,0.000000,0
0,29200.000000,3200.000000,4000.000000,4.000000,4.000000,4.000000,0.000000,0.000000,0.000000,0
0,29600.000000,3200.000000,4000.000000,4.000000,4.000000,4.000000,0.000000,0.000000,0.000000,0
0,30000.000000,3200.000000,4000.000000,4.000000,4.000000,4.000000,0.000000,0.000000,0.000000,0
0,30400.000000,3200.000000,4000.000000,4.000000,4.000000,4.000000,0.000000,0.000000,0.000000,0
0,30800.000000,3200.000000,4000.000000,4.000000,4.000000,4.000000,0.000000,0.000000,0.000000,0
0,31200.000000,3200.000000,4000.000000,4.000000,4.000000,4.000000,0.000000,0.000000,0.000000,0
0,31600.000000,3200.000000,4000.000000,4.000000,4.000000,4.000000,0.000000,0.000000,0.000000,0
0,32000.000000,3200.000000,4000.000000,4.000000,4.000000,4.000000,0.000000,0.000000,0.000000,0
0,32400.000000,3200.000000,4000.000000,4.000000,4.000000,4.000000,0.000000,0.000000,0.000000,0
0,32800.000000,3200.000000,4000.000000,4.000000,4.000000,4.000000,0.000000,0.000000,0.000000,0
0,33200.000000,3200.000000,4000.000000,4.000000,4.000000,4.000000,0.000000,0.000000,0.000000,0
0,33600.000000,3200.000000,4000.000000,4.000000,4.000000,4.000000,0.000000,0.000000,0.000000,0
0,34000.000000,3200.000000,4000.000000,4.000000,4.000000,4.000000,0.000000,0.000000,0.000000,0
0,34400.000000,3200.000000,4000.000000,4.000000,4.000000,4.000000,0.000000,0.000000,0.000000,0
0,34800.000000,3200.000000,4000.000000,4.000000,4.000000,4.000000,0.000000,0.000000,0.000000,0
0,35200.000000,3200.000000,4000.000000,4.000000,4.000000,4.000000,0.000000,0.000000,0.000000,0
0,35600.000000,3200.000000,4000.000000,4.000000,4.000000,4.000000,0.000000,0.000000,0.000000,0
0,36000.000000,3200.000000,4000.000000,4.000000,4.000000,4.000000,0.000000,0.000000,0.000000,0
0,36400.000000,3200.000000,4000.000000,4.000000,4.000000,4.000000,0.000000,0.000000,0.000000,0
0,36800.000000,3200.000000,4000.000000,4.000000,4.000000,4.000000,0.000000,0.000000,0.000000,0
0,37200.000000,3200.000000,4000.000000,4.000000,4.000000,4.000000,0.000000,0.000000,0.000000,0
0,37600.000000,3200.000000,4000.000000,4.000000,4.000000,4.000000,0.000000,0.000000,0.000000,0
0,38000.000000,3200.000000,4000.000000,4.000000,4.000000,4.000000,0.000000,0.000000,0.000000,0
0,38400.000000,3200.000000,4000.000000,4.000000,4.000000,4.000000,0.000000,0.000000,0.000000,0
0,38800.000000,3200.000000,4000.000000,4.000000,4.000000,4.000000,0.000000,0.000000,0.000000,0
0,39200.000000,3200.000000,4000.000000,4.000000,4.000000,4.000000,0.000000,0.000000,0.000000,0
0,39600.000000,3200.000000,4000.000000,4.000000,4.000000,4.000000,0.000000,0.000000,0.000000,0
0,40000.000000,3200.000000,4000.000000,4.000000,4.000000,4.000000,0.000000,0.000000,0.000000,0
0,40400.000000,3200.000000,4000.000000,4.000000,4.000000,4.000000,0.000000,0.000000,0.000000,0
0,40800.000000,3200.000000,4000.000000,4.000000,4.000000,4.000000,0.000000,0.000000,0.000000,0
0,41200.000000,3200.000000,4000.000000,4.000000,4.000000,4.000000,0.000000,0.000000,0.000000,0
0,41600.000000,3200.000000,4000.000000,4.000000,4.000000,4.000000,0.000000,0.000000,0.000000,0
0,42000.000000,3200.000000,4000.000000,4.000000,4.000000,4.000000,0.000000,0.000000,0.000000,0
0,42400.000000,3200.000000,4000.000000,4.000000,4.000000,4.000000,0.000000,0.000000,0.000000,0
0,42800.000000,3200.000000,4000.000000,4.000000,4.000000,4.000000,0.000000,0.000000,0.000000,0
0,43200.000000,3200.000000,4000.000000,4.000000,4.000000,4.000000,0.000000,0.000000,0.000000,0
0,43600.000000,3200.000000,4000.000000,4.000000,4.000000,4.000000,0.000000,0.000000,0.000000,0
0,44000.000000,3200.000000,4000.000000,4.000000,4.000000,4.000000,0.000000,0.000000,0.000000,0
0,44400.000000,3200.000000,4000.000000,4.000000,4.000000,4.000000,0.000000,0.000000,0.000000,0
0,44800.000000,3200.000000,4000.000000,4.000000,4.000000,4.000000,0.000000,0.000000,0.000000,0
0,45200.000000,3200.000000,4000.000000,4.000000,4.000000,4.000000,0.000000,0.000000,0.000000,0
0,45600.000000,3200.000000,4000.000000,4.000000,4.000000,4.000000,0.000000,0.000000,0.000000,0
0,46000.000000,3200.000000,4000.000000,4.000000,4.000000,4.000000,0.000000,0.000000,0.000000,0
0,46400.000000,3200.000000,4000.000000,4.000000,4.000000,4.000000,0.000000,0.000000,0.000000,0
0,46800.000000,3200.000000,4000.000000,4.000000,4.000000,4.000000,0.000000,0.000000,0.000000,0
0,47200.000000,3200.000000,4000.000000,4.000000,4.000000,4.000000,0.000000,0.000000,0.000000,0
0,47600.000000,3200.000000,4000.000000,4.000000,4.000000,4.000000,0.000000,0.000000,0.000000,0
0,48000.000000,3200.000000,4000.000000,4.000000,4.000000,4.000000,0.000000,0.000000,0.000000,0
0,48000.000000,2800.000000,4000.000000,4.000000,4.000000,4.000000,0.000000,0.000000,0.000000,0
0,48000.000000,2400.000000,4000.000000,4.000000,4.000000,4.000000,0.000000,0.000000,0.000000,0
34,-4000.000000,1600.000000,4000.000000,4.000000,4.000000,4.000000,0.000000,0.000000,0.000000,0
34,9200.000000,1600.000000,4000.000000,4.000000,4.000000,4.000000,0.000000,0.000000,0.000000,0
28,-2400.000000,1200.000000,4000.000000,4.000000,4.000000,4.000000,0.000000,0.000000,0.000000,0
28,0.000000,1200.000000,4000.000000,4.000000,4.000000,4.000000,0.000000,0.000000,0.000000,0
28,3600.000000,1200.000000,4000.000000,4.000000,4.000000,4.000000,0.000000,0.000000,0.000000,0
28,2000.000000,1200.000000,4000.000000,4.000000,4.000000,4.000000,0.000000,0.000000,0.000000,0
28,6400.000000,1200.000000,4000.000000,4.000000,4.000000,4.000000,0.000000,0.000000,0.000000,0
28,11200.000000,1200.000000,4000.000000,4.000000,4.000000,4.000000,0.000000,0.000000,0.000000,0
32,3600.000000,2400.000000,4000.000000,4.000000,4.000000,4.000000,0.000000,0.000000,0.000000,0
32,1200.000000,2400.000000,4000.000000,4.000000,4.000000,4.000000,0.000000,0.000000,0.000000,0
32,-5200.000000,2400.000000,4000.000000,4.000000,4.000000,4.000000,0.000000,0.000000,0.000000,0
32,-3600.000000,2400.000000,4000.000000,4.000000,4.000000,4.000000,0.000000,0.000000,0.000000,0
32,-2000.000000,2400.000000,4000.000000,4.000000,4.000000,4.000000,0.000000,0.000000,0.000000,0
32,-400.000000,2400.000000,4000.000000,4.000000,4.000000,4.000000,0.000000,0.000000,0.000000,0
32,6800.000000,2400.000000,4000.000000,4.000000,4.000000,4.000000,0.000000,0.000000,0.000000,0
0,-400.000000,-3600.000000,400.000000,4.000000,4.000000,4.000000,0.000000,0.000000,0.000000,0
0,-800.000000,-3600.000000,400.000000,4.000000,4.000000,4.000000,0.000000,0.000000,0.000000,0
0,-1200.000000,-3600.000000,400.000000,4.000000,4.000000,4.000000,0.000000,0.000000,0.000000,0
0,-1600.000000,-3600.000000,400.000000,4.000000,4.000000,4.000000,0.000000,0.000000,0.000000,0
0,-2000.000000,-3600.000000,400.000000,4.000000,4.000000,4.000000,0.000000,0.000000,0.000000,0
0,-2400.000000,-3600.000000,400.000000,4.000000,4.000000,4.000000,0.000000,0.000000,0.000000,0
0,-2800.000000,-3600.000000,400.000000,4.000000,4.000000,4.000000,0.000000,0.000000,0.000000,0
0,-3200.000000,-3600.000000,400.000000,4.000000,4.000000,4.000000,0.000000,0.000000,0.000000,0
0,-3600.000000,-3600.000000,400.000000,4.000000,4.000000,4.000000,0.000000,0.000000,0.000000,0
0,-4000.000000,-3600.000000,400.000000,4.000000,4.000000,4.000000,0.000000,0.000000,0.000000,0
0,-4400.000000,-3600.000000,400.000000,4.000000,4.000000,4.000000,0.000000,0.000000,0.000000,0
0,-4800.000000,-3600.000000,400.000000,4.000000,4.000000,4.000000,0.000000,0.000000,0.000000,0
0,-4800.000000,-3200.000000,400.000000,4.000000,4.000000,4.000000,0.000000,0.000000,0.000000,0
0,-4800.000000,-2800.000000,400.000000,4.000000,4.000000,4.000000,0.000000,0.000000,0.000000,0
0,-4800.000000,-2400.000000,400.000000,4.000000,4.000000,4.000000,0.000000,0.000000,0.000000,0
0,-4800.000000,-2000.000000,400.000000,4.000000,4.000000,4.000000,0.000000,0.000000,0.000000,0
0,-4800.000000,-1600.000000,400.000000,4.000000,4.000000,4.000000,0.000000,0.000000,0.000000,0
0,-4800.000000,-1200.000000,400.000000,4.000000,4.000000,4.000000,0.000000,0.000000,0.000000,0
0,-4400.000000,-1200.000000,400.000000,4.000000,4.000000,4.000000,0.000000,0.000000,0.000000,0
0,-4000.000000,-1200.000000,400.000000,4.000000,4.000000,4.000000,0.000000,0.000000,0.000000,0
0,-3600.000000,-1200.000000,400.000000,4.000000,4.000000,4.000000,0.000000,0.000000,0.000000,0
0,-3200.000000,-1200.000000,400.000000,4.000000,4.000000,4.000000,0.000000,0.000000,0.000000,0
0,-2800.000000,-1200.000000,400.000000,4.000000,4.000000,4.000000,0.000000,0.000000,0.000000,0
0,-2400.000000,-1200.000000,400.000000,4.000000,4.000000,4.000000,0.000000,0.000000,0.000000,0
0,-2000.000000,-1200.000000,400.000000,4.000000,4.000000,4.000000,0.000000,0.000000,0.000000,0
0,-1600.000000,-1200.000000,400.000000,4.000000,4.000000,4.000000,0.000000,0.000000,0.000000,0
0,-1200.000000,-1200.000000,400.000000,4.000000,4.000000,4.000000,0.000000,0.000000,0.000000,0
0,-800.000000,-1200.000000,400.000000,4.000000,4.000000,4.000000,0.000000,0.000000,0.000000,0
0,-400.000000,-1200.000000,400.000000,4.000000,4.000000,4.000000,0.000000,0.000000,0.000000,0
0,0.000000,-800.000000,400.000000,4.000000,4.000000,4.000000,0.000000,0.000000,0.000000,0
0,0.000000,-400.000000,400.000000,4.000000,4.000000,4.000000,0.000000,0.000000,0.000000,0
0,400.000000,-400.000000,400.000000,4.000000,4.000000,4.000000,0.000000,0.000000,0.000000,0
0,800.000000,-400.000000,400.000000,4.000000,4.000000,4.000000,0.000000,0.000000,0.000000,0
0,1200.000000,-400.000000,400.000000,4.000000,4.000000,4.000000,0.000000,0.000000,0.000000,0
0,1600.000000,-400.000000,400.000000,4.000000,4.000000,4.000000,0.000000,0.000000,0.000000,0
0,2000.000000,-400.000000,400.000000,4.000000,4.000000,4.000000,0.000000,0.000000,0.000000,0
0,2400.000000,-400.000000,400.000000,4.000000,4.000000,4.000000,0.000000,0.000000,0.000000,0
0,2800.000000,-400.000000,400.000000,4.000000,4.000000,4.000000,0.000000,0.000000,0.000000,0
0,3200.000000,-400.000000,400.000000,4.000000,4.000000,4.000000,0.000000,0.000000,0.000000,0
0,3600.000000,-400.000000,400.000000,4.000000,4.000000,4.000000,0.000000,0.000000,0.000000,0
0,4000.000000,-400.000000,400.000000,4.000000,4.000000,4.000000,0.000000,0.000000,0.000000,0
0,4400.000000,-400.000000,400.000000,4.000000,4.000000,4.000000,0.000000,0.000000,0.000000,0
0,4800.000000,-400.000000,400.000000,4.000000,4.000000,4.000000,0.000000,0.000000,0.000000,0
0,5200.000000,-400.000000,400.000000,4.000000,4.000000,4.000000,0.000000,0.000000,0.000000,0
0,5600.000000,-400.000000,400.000000,4.000000,4.000000,4.000000,0.000000,0.000000,0.000000,0
0,6000.000000,-400.000000,400.000000,4.000000,4.000000,4.000000,0.000000,0.000000,0.000000,0
0,6400.000000,-400.000000,400.000000,4.000000,4.000000,4.000000,0.000000,0.000000,0.000000,0
0,6800.000000,-400.000000,400.000000,4.000000,4.000000,4.000000,0.000000,0.000000,0.000000,0
0,7200.000000,-400.000000,400.000000,4.000000,4.000000,4.000000,0.000000,0.000000,0.000000,0
0,7600.000000,-400.000000,400.000000,4.000000,4.000000,4.000000,0.000000,0.000000,0.000000,0
0,8000.000000,-400.000000,400.000000,4.000000,4.000000,4.000000,0.000000,0.000000,0.000000,0
0,8400.000000,-400.000000,400.000000,4.000000,4.000000,4.000000,0.000000,0.000000,0.000000,0
0,8800.000000,-400.000000,400.000000,4.000000,4.000000,4.000000,0.000000,0.000000,0.000000,0
0,8800.000000,-800.000000,400.000000,4.000000,4.000000,4.000000,0.000000,0.000000,0.000000,0
0,8800.000000,-1200.000000,400.000000,4.000000,4.000000,4.000000,0.000000,0.000000,0.000000,0
0,9200.000000,-1200.000000,400.000000,4.000000,4.000000,4.000000,0.000000,0.000000,0.000000,0
0,9600.000000,-1200.000000,400.000000,4.000000,4.000000,4.000000,0.000000,0.000000,0.000000,0
0,10000.000000,-1200.000000,400.000000,4.000000,4.000000,4.000000,0.000000,0.000000,0.000000,0
0,10400.000000,-1200.000000,400.000000,4.000000,4.000000,4.000000,0.000000,0.000000,0.000000,0
0,10800.000000,-1200.000000,400.000000,4.000000,4.000000,4.000000,0.000000,0.000000,0.000000,0
0,11200.000000,-1200.000000,400.000000,4.000000,4.000000,4.000000,0.000000,0.000000,0.000000,0
0,11600.000000,-1200.000000,400.000000,4.000000,4.000000,4.000000,0.000000,0.000000,0.000000,0
0,12000.000000,-1200.000000,400.000000,4.000000,4.000000,4.000000,0.000000,0.000000,0.000000,0
0,12400.000000,-1200.000000,400.000000,4.000000,4.000000,4.000000,0.000000,0.000000,0.000000,0
0,12800.000000,-1200.000000,400.000000,4.000000,4.000000,4.000000,0.000000,0.000000,0.000000,0
0,13200.000000,-1200.000000,400.000000,4.000000,4.000000,4.000000,0.000000,0.000000,0.000000,0
0,13600.000000,-1200.000000,400.000000,4.000000,4.000000,4.000000,0.000000,0.000000,0.000000,0
0,14000.000000,-1200.000000,400.000000,4.000000,4.000000,4.000000,0.000000,0.000000,0.000000,0
0,14400.000000,-1200.000000,400.000000,4.000000,4.000000,4.000000,0.000000,0.000000,0.000000,0
0,14800.000000,-1200.000000,400.000000,4.000000,4.000000,4.000000,0.000000,0.000000,0.000000,0
0,15200.000000,-1200.000000,400.000000,4.000000,4.000000,4.000000,0.000000,0.000000,0.000000,0
0,15600.000000,-1200.000000,400.000000,4.000000,4.000000,4.000000,0.000000,0.000000,0.000000,0
0,16000.000000,-1200.000000,400.000000,4.000000,4.000000,4.000000,0.000000,0.000000,0.000000,0
0,16400.000000,-1200.000000,400.000000,4.000000,4.000000,4.000000,0.000000,0.000000,0.000000,0
0,16800.000000,-1200.000000,400.000000,4.000000,4.000000,4.000000,0.000000,0.000000,0.000000,0
0,17200.000000,-1200.000000,400.000000,4.000000,4.000000,4.000000,0.000000,0.000000,0.000000,0
0,17600.000000,-1200.000000,400.000000,4.000000,4.000000,4.000000,0.000000,0.000000,0.000000,0
0,18000.000000,-1200.000000,400.000000,4.000000,4.000000,4.000000,0.000000,0.000000,0.000000,0
0,18400.000000,-1600.000000,400.000000,4.000000,4.000000,4.000000,0.000000,0.000000,0.000000,0
0,18800.000000,-2000.000000,400.000000,4.000000,4.000000,4.000000,0.000000,0.000000,0.000000,0
0,19200.000000,-2400.000000,400.000000,4.000000,4.000000,4.000000,0.000000,0.000000,0.000000,0
0,19600.000000,-2800.000000,400.000000,4.000000,4.000000,4.000000,0.000000,0.000000,0.000000,0
0,20000.000000,-3200.000000,400.000000,4.000000,4.000000,4.000000,0.000000,0.000000,0.000000,0
0,20400.000000,-3600.000000,400.000000,4.000000,4.000000,4.000000,0.000000,0.000000,0.000000,0
0,20800.000000,-4000.000000,400.000000,4.000000,4.000000,4.000000,0.000000,0.000000,0.000000,0
0,21200.000000,-4400.000000,400.000000,4.000000,4.000000,4.000000,0.000000,0.000000,0.000000,0
0,21600.000000,-4400.000000,400.000000,4.000000,4.000000,4.000000,0.000000,0.000000,0.000000,0
0,22000.000000,-4400.000000,400.000000,4.000000,4.000000,4.000000,0.000000,0.000000,0.000000,0
0,22400.000000,-4400.000000,400.000000,4.000000,4.000000,4.000000,0.000000,0.000000,0.000000,0
0,22800.000000,-4400.000000,400.000000,4.000000,4.000000,4.000000,0.000000,0.000000,0.000000,0
0,23200.000000,-4400.000000,400.000000,4.000000,4.000000,4.000000,0.000000,0.000000,0.000000,0
0,23600.000000,-4400.000000,400.000000,4.000000,4.000000,4.000000,0.000000,0.000000,0.000000,0
0,24000.000000,-4400.000000,400.000000,4.000000,4.000000,4.000000,0.000000,0.000000,0.000000,0
0,24400.000000,-4400.000000,400.000000,4.000000,4.000000,4.000000,0.000000,0.000000,0.000000,0
0,24800.000000,-4400.000000,400.000000,4.000000,4.000000,4.000000,0.000000,0.000000,0.000000,0
0,25200.000000,-4400.000000,400.000000,4.000000,4.000000,4.000000,0.000000,0.000000,0.000000,0
0,25600.000000,-4400.000000,400.000000,4.000000,4.000000,4.000000,0.000000,0.000000,0.000000,0
0,26000.000000,-4400.000000,400.000000,4.000000,4.000000,4.000000,0.000000,0.000000,0.000000,0
0,26400.000000,-4400.000000,400.000000,4.000000,4.000000,4.000000,0.000000,0.000000,0.000000,0
0,26800.000000,-4400.000000,400.000000,4.000000,4.000000,4.000000,0.000000,0.000000,0.000000,0
0,27200.000000,-4400.000000,400.000000,4.000000,4.000000,4.000000,0.000000,0.000000,0.000000,0
0,27600.000000,-4400.000000,400.000000,4.000000,4.000000,4.000000,0.000000,0.000000,0.000000,0
0,28000.000000,-4400.000000,400.000000,4.000000,4.000000,4.000000,0.000000,0.000000,0.000000,0
0,28400.000000,-4400.000000,400.000000,4.000000,4.000000,4.000000,0.000000,0.000000,0.000000,0
0,28400.000000,-4000.000000,400.000000,4.000000,4.000000,4.000000,0.000000,0.000000,0.000000,0
0,28400.000000,-3600.000000,400.000000,4.000000,4.000000,4.000000,0.000000,0.000000,0.000000,0
0,28400.000000,-3200.000000,400.000000,4.000000,4.000000,4.000000,0.000000,0.000000,0.000000,0
0,28400.000000,-2800.000000,400.000000,4.000000,4.000000,4.000000,0.000000,0.000000,0.000000,0
0,28400.000000,-2400.000000,400.000000,4.000000,4.000000,4.000000,0.000000,0.000000,0.000000,0
0,28400.000000,-2000.000000,400.000000,4.000000,4.000000,4.000000,0.000000,0.000000,0.000000,0
0,28400.000000,-1600.000000,400.000000,4.000000,4.000000,4.000000,0.000000,0.000000,0.000000,0
0,28400.000000,-1200.000000,400.000000,4.000000,4.000000,4.000000,0.000000,0.000000,0.000000,0
0,28400.000000,-800.000000,400.000000,4.000000,4.000000,4.000000,0.000000,0.000000,0.000000,0
0,28400.000000,-400.000000,400.000000,4.000000,4.000000,4.000000,0.000000,0.000000,0.000000,0
0,28400.000000,0.000000,400.000000,4.000000,4.000000,4.000000,0.000000,0.000000,0.000000,0
0,28400.000000,400.000000,400.000000,4.000000,4.000000,4.000000,0.000000,0.000000,0.000000,0
0,28400.000000,800.000000,400.000000,4.000000,4.000000,4.000000,0.000000,0.000000,0.000000,0
0,28400.000000,1200.000000,400.000000,4.000000,4.000000,4.000000,0.000000,0.000000,0.000000,0
0,28800.000000,1200.000000,400.000000,4.000000,4.000000,4.000000,0.000000,0.000000,0.000000,0
0,29200.000000,1200.000000,400.000000,4.000000,4.000000,4.000000,0.000000,0.000000,0.000000,0
0,29600.000000,1200.000000,400.000000,4.000000,4.000000,4.000000,0.000000,0.000000,0.000000,0
0,30000.000000,1200.000000,400.000000,4.000000,4.000000,4.000000,0.000000,0.000000,0.000000,0
0,30400.000000,1200.000000,400.000000,4.000000,4.000000,4.000000,0.000000,0.000000,0.000000,0
0,30800.000000,1200.000000,400.000000,4.000000,4.000000,4.000000,0.000000,0.000000,0.000000,0
0,31200.000000,1200.000000,400.000000,4.000000,4.000000,4.000000,0.000000,0.000000,0.000000,0
0,31600.000000,1200.000000,400.000000,4.000000,4.000000,4.000000,0.000000,0.000000,0.000000,0
0,32000.000000,1200.000000,400.000000,4.000000,4.000000,4.000000,0.000000,0.000000,0.000000,0
0,32400.000000,1200.000000,400.000000,4.000000,4.000000,4.000000,0.000000,0.000000,0.000000,0
0,32800.000000,1200.000000,400.000000,4.000000,4.000000,4.000000,0.000000,0.000000,0.000000,0
0,33200.000000,1200.000000,400.000000,4.000000,4.000000,4.000000,0.000000,0.000000,0.000000,0
0,33600.000000,1200.000000,400.000000,4.000000,4.000000,4.000000,0.000000,0.000000,0.000000,0
0,34000.000000,1200.000000,400.000000,4.000000,4.000000,4.000000,0.000000,0.000000,0.000000,0
0,34400.000000,1200.000000,400.000000,4.000000,4.000000,4.000000,0.000000,0.000000,0.000000,0
0,34800.000000,1200.000000,400.000000,4.000000,4.000000,4.000000,0.000000,0.000000,0.000000,0
0,35200.000000,1200.000000,400.000000,4.000000,4.000000,4.000000,0.000000,0.000000,0.000000,0
0,35600.000000,1200.000000,400.000000,4.000000,4.000000,4.000000,0.000000,0.000000,0.000000,0
0,36400.000000,1200.000000,400.000000,4.000000,4.000000,4.000000,0.000000,0.000000,0.000000,0
0,36400.000000,800.000000,400.000000,4.000000,4.000000,4.000000,0.000000,0.000000,0.000000,0
0,36400.000000,400.000000,400.000000,4.000000,4.000000,4.000000,0.000000,0.000000,0.000000,0
0,36400.000000,0.000000,400.000000,4.000000,4.000000,4.000000,0.000000,0.000000,0.000000,0
0,36400.000000,-400.000000,400.000000,4.000000,4.000000,4.000000,0.000000,0.000000,0.000000,0
0,36400.000000,-800.000000,400.000000,4.000000,4.000000,4.000000,0.000000,0.000000,0.000000,0
0,36400.000000,-1200.000000,400.000000,4.000000,4.000000,4.000000,0.000000,0.000000,0.000000,0
0,36400.000000,-1600.000000,400.000000,4.000000,4.000000,4.000000,0.000000,0.000000,0.000000,0
0,36400.000000,-2000.000000,400.000000,4.000000,4.000000,4.000000,0.000000,0.000000,0.000000,0
0,36400.000000,-2400.000000,400.000000,4.000000,4.000000,4.000000,0.000000,0.000000,0.000000,0
0,36400.000000,-2800.000000,400.000000,4.000000,4.000000,4.000000,0.000000,0.000000,0.000000,0
0,36800.000000,-2800.000000,400.000000,4.000000,4.000000,4.000000,0.000000,0.000000,0.000000,0
0,37200.000000,-2800.000000,400.000000,4.000000,4.000000,4.000000,0.000000,0.000000,0.000000,0
0,37600.000000,-2800.000000,400.000000,4.000000,4.000000,4.000000,0.000000,0.000000,0.000000,0
0,38000.000000,-2800.000000,400.000000,4.000000,4.000000,4.000000,0.000000,0.000000,0.000000,0
0,38400.000000,-2800.000000,400.000000,4.000000,4.000000,4.000000,0.000000,0.000000,0.000000,0
0,38800.000000,-2800.000000,400.000000,4.000000,4.000000,4.000000,0.000000,0.000000,0.000000,0
0,39200.000000,-2800.000000,400.000000,4.000000,4.000000,4.000000,0.000000,0.000000,0.000000,0
0,39600.000000,-2800.000000,400.000000,4.000000,4.000000,4.000000,0.000000,0.000000,0.000000,0
0,40000.000000,-2800.000000,400.000000,4.000000,4.000000,4.000000,0.000000,0.000000,0.000000,0
0,40400.000000,-2800.000000,400.000000,4.000000,4.000000,4.000000,0.000000,0.000000,0.000000,0
0,40800.000000,-2800.000000,400.000000,4.000000,4.000000,4.000000,0.000000,0.000000,0.000000,0
0,41200.000000,-2800.000000,400.000000,4.000000,4.000000,4.000000,0.000000,0.000000,0.000000,0
0,41600.000000,-2800.000000,400.000000,4.000000,4.000000,4.000000,0.000000,0.000000,0.000000,0
0,42000.000000,-2800.000000,400.000000,4.000000,4.000000,4.000000,0.000000,0.000000,0.000000,0
0,42400.000000,-2800.000000,400.000000,4.000000,4.000000,4.000000,0.000000,0.000000,0.000000,0
0,42800.000000,-2800.000000,400.000000,4.000000,4.000000,4.000000,0.000000,0.000000,0.000000,0
0,43200.000000,-2800.000000,400.000000,4.000000,4.000000,4.000000,0.000000,0.000000,0.000000,0
0,43600.000000,-2800.000000,400.000000,4.000000,4.000000,4.000000,0.000000,0.000000,0.000000,0
0,44000.000000,-2800.000000,400.000000,4.000000,4.000000,4.000000,0.000000,0.000000,0.000000,0
0,44400.000000,-2800.000000,400.000000,4.000000,4.000000,4.000000,0.000000,0.000000,0.000000,0
0,44800.000000,-2800.000000,400.000000,4.000000,4.000000,4.000000,0.000000,0.000000,0.000000,0
0,45200.000000,-2800.000000,400.000000,4.000000,4.000000,4.000000,0.000000,0.000000,0.000000,0
0,45600.000000,-2800.000000,400.000000,4.000000,4.000000,4.000000,0.000000,0.000000,0.000000,0
0,46000.000000,-2800.000000,400.000000,4.000000,4.000000,4.000000,0.000000,0.000000,0.000000,0
0,46400.000000,-2800.000000,400.000000,4.000000,4.000000,4.000000,0.000000,0.000000,0.000000,0
0,46800.000000,-2800.000000,400.000000,4.000000,4.000000,4.000000,0.000000,0.000000,0.000000,0
0,47200.000000,-2800.000000,400.000000,4.000000,4.000000,4.000000,0.000000,0.000000,0.000000,0
0,47600.000000,-2800.000000,400.000000,4.000000,4.000000,4.000000,0.000000,0.000000,0.000000,0
0,48000.000000,-2800.000000,400.000000,4.000000,4.000000,4.000000,0.000000,0.000000,0.000000,0
0,48400.000000,-2800.000000,400.000000,4.000000,4.000000,4.000000,0.000000,0.000000,0.000000,0
0,48800.000000,-2800.000000,400.000000,4.000000,4.000000,4.000000,0.000000,0.000000,0.000000,0
0,49200.000000,-2800.000000,400.000000,4.000000,4.000000,4.000000,0.000000,0.000000,0.000000,0
0,49600.000000,-2800.000000,400.000000,4.000000,4.000000,4.000000,0.000000,0.000000,0.000000,0
0,50000.000000,-2800.000000,400.000000,4.000000,4.000000,4.000000,0.000000,0.000000,0.000000,0
0,50400.000000,-2800.000000,400.000000,4.000000,4.000000,4.000000,0.000000,0.000000,0.000000,0
0,50800.000000,-2800.000000,400.000000,4.000000,4.000000,4.000000,0.000000,0.000000,0.000000,0
0,51200.000000,-2800.000000,400.000000,4.000000,4.000000,4.000000,0.000000,0.000000,0.000000,0
0,51600.000000,-2800.000000,400.000000,4.000000,4.000000,4.000000,0.000000,0.000000,0.000000,0
0,52000.000000,-2800.000000,400.000000,4.000000,4.000000,4.000000,0.000000,0.000000,0.000000,0
0,52400.000000,-2800.000000,400.000000,4.000000,4.000000,4.000000,0.000000,0.000000,0.000000,0
0,52400.000000,-3200.000000,400.000000,4.000000,4.000000,4.000000,0.000000,0.000000,0.000000,0
0,52400.000000,-3600.000000,400.000000,4.000000,4.000000,4.000000,0.000000,0.000000,0.000000,0
0,52400.000000,-4000.000000,400.000000,4.000000,4.000000,4.000000,0.000000,0.000000,0.000000,0
0,52400.000000,-4400.000000,400.000000,4.000000,4.000000,4.000000,0.000000,0.000000,0.000000,0
0,52400.000000,-4800.000000,400.000000,4.000000,4.000000,4.000000,0.000000,0.000000,0.000000,0
0,52000.000000,-5200.000000,400.000000,4.000000,4.000000,4.000000,0.000000,0.000000,0.000000,0
0,51600.000000,-5200.000000,400.000000,4.000000,4.000000,4.000000,0.000000,0.000000,0.000000,0
0,51200.000000,-5200.000000,400.000000,4.000000,4.000000,4.000000,0.000000,0.000000,0.000000,0
0,50800.000000,-5200.000000,400.000000,4.000000,4.000000,4.000000,0.000000,0.000000,0.000000,0
0,50400.000000,-5200.000000,400.000000,4.000000,4.000000,4.000000,0.000000,0.000000,0.000000,0
0,50000.000000,-5200.000000,400.000000,4.000000,4.000000,4.000000,0.000000,0.000000,0.000000,0
0,49600.000000,-5200.000000,400.000000,4.000000,4.000000,4.000000,0.000000,0.000000,0.000000,0
0,49200.000000,-5200.000000,400.000000,4.000000,4.000000,4.000000,0.000000,0.000000,0.000000,0
0,49200.000000,-5600.000000,400.000000,4.000000,4.000000,4.000000,0.000000,0.000000,0.000000,0
0,49200.000000,-6000.000000,400.000000,4.000000,4.000000,4.000000,0.000000,0.000000,0.000000,0
0,49200.000000,-6400.000000,400.000000,4.000000,4.000000,4.000000,0.000000,0.000000,0.000000,0
0,49200.000000,-6800.000000,400.000000,4.000000,4.000000,4.000000,0.000000,0.000000,0.000000,0
0,49200.000000,-7200.000000,400.000000,4.000000,4.000000,4.000000,0.000000,0.000000,0.000000,0
0,49200.000000,-7600.000000,400.000000,4.000000,4.000000,4.000000,0.000000,0.000000,0.000000,0
0,46800.000000,-4000.000000,400.000000,4.000000,4.000000,4.000000,0.000000,0.000000,0.000000,0
0,46800.000000,-4400.000000,400.000000,4.000000,4.000000,4.000000,0.000000,0.000000,0.000000,0
0,46800.000000,-4800.000000,400.000000,4.000000,4.000000,4.000000,0.000000,0.000000,0.000000,0
0,46800.000000,-5200.000000,400.000000,4.000000,4.000000,4.000000,0.000000,0.000000,0.000000,0
0,42000.000000,-5200.000000,400.000000,4.000000,4.000000,4.000000,0.000000,0.000000,0.000000,0
0,42000.000000,-5600.000000,400.000000,4.000000,4.000000,4.000000,0.000000,0.000000,0.000000,0
0,42000.000000,-6000.000000,400.000000,4.000000,4.000000,4.000000,0.000000,0.000000,0.000000,0
0,42000.000000,-6400.000000,400.000000,4.000000,4.000000,4.000000,0.000000,0.000000,0.000000,0
0,37600.000000,-4000.000000,400.000000,4.000000,4.000000,4.000000,0.000000,0.000000,0.000000,0
0,37600.000000,-4400.000000,400.000000,4.000000,4.000000,4.000000,0.000000,0.000000,0.000000,0
0,37600.000000,-4800.000000,400.000000,4.000000,4.000000,4.000000,0.000000,0.000000,0.000000,0
0,37600.000000,-5200.000000,400.000000,4.000000,4.000000,4.000000,0.000000,0.000000,0.000000,0
0,48800.000000,-7600.000000,400.000000,4.000000,4.000000,4.000000,0.000000,0.000000,0.000000,0
0,48400.000000,-7600.000000,400.000000,4.000000,4.000000,4.000000,0.000000,0.000000,0.000000,0
0,48000.000000,-7600.000000,400.000000,4.000000,4.000000,4.000000,0.000000,0.000000,0.000000,0
0,47600.000000,-7600.000000,400.000000,4.000000,4.000000,4.000000,0.000000,0.000000,0.000000,0
0,47200.000000,-7600.000000,400.000000,4.000000,4.000000,4.000000,0.000000,0.000000,0.000000,0
0,46800.000000,-7600.000000,400.000000,4.000000,4.000000,4.000000,0.000000,0.000000,0.000000,0
0,46400.000000,-7600.000000,400.000000,4.000000,4.000000,4.000000,0.000000,0.000000,0.000000,0
0,46000.000000,-7600.000000,400.000000,4.000000,4.000000,4.000000,0.000000,0.000000,0.000000,0
0,45600.000000,-7600.000000,400.000000,4.000000,4.000000,4.000000,0.000000,0.000000,0.000000,0
0,45200.000000,-7600.000000,400.000000,4.000000,4.000000,4.000000,0.000000,0.000000,0.000000,0
0,44800.000000,-7600.000000,400.000000,4.000000,4.000000,4.000000,0.000000,0.000000,0.000000,0
0,44400.000000,-7600.000000,400.000000,4.000000,4.000000,4.000000,0.000000,0.000000,0.000000,0
0,44000.000000,-7600.000000,400.000000,4.000000,4.000000,4.000000,0.000000,0.000000,0.000000,0
0,43600.000000,-7600.000000,400.000000,4.000000,4.000000,4.000000,0.000000,0.000000,0.000000,0
0,43200.000000,-7600.000000,400.000000,4.000000,4.000000,4.000000,0.000000,0.000000,0.000000,0
0,42800.000000,-7600.000000,400.000000,4.000000,4.000000,4.000000,0.000000,0.000000,0.000000,0
0,42400.000000,-7600.000000,400.000000,4.000000,4.000000,4.000000,0.000000,0.000000,0.000000,0
0,42000.000000,-7600.000000,400.000000,4.000000,4.000000,4.000000,0.000000,0.000000,0.000000,0
0,41600.000000,-7600.000000,400.000000,4.000000,4.000000,4.000000,0.000000,0.000000,0.000000,0
0,41200.000000,-7600.000000,400.000000,4.000000,4.000000,4.000000,0.000000,0.000000,0.000000,0
0,40800.000000,-7600.000000,400.000000,4.000000,4.000000,4.000000,0.000000,0.000000,0.000000,0
0,40400.000000,-7600.000000,400.000000,4.000000,4.000000,4.000000,0.000000,0.000000,0.000000,0
0,40000.000000,-7600.000000,400.000000,4.000000,4.000000,4.000000,0.000000,0.000000,0.000000,0
0,39600.000000,-7600.000000,400.000000,4.000000,4.000000,4.000000,0.000000,0.000000,0.000000,0
0,39200.000000,-7600.000000,400.000000,4.000000,4.000000,4.000000,0.000000,0.000000,0.000000,0
0,38800.000000,-7600.000000,400.000000,4.000000,4.000000,4.000000,0.000000,0.000000,0.000000,0
0,38400.000000,-7600.000000,400.000000,4.000000,4.000000,4.000000,0.000000,0.000000,0.000000,0
0,38000.000000,-7600.000000,400.000000,4.000000,4.000000,4.000000,0.000000,0.000000,0.000000,0
0,37600.000000,-7600.000000,400.000000,4.000000,4.000000,4.000000,0.000000,0.000000,0.000000,0
0,37200.000000,-7600.000000,400.000000,4.000000,4.000000,4.000000,0.000000,0.000000,0.000000,0
0,36800.000000,-7600.000000,400.000000,4.000000,4.000000,4.000000,0.000000,0.000000,0.000000,0
0,36400.000000,-7600.000000,400.000000,4.000000,4.000000,4.000000,0.000000,0.000000,0.000000,0
0,36000.000000,-7600.000000,400.000000,4.000000,4.000000,4.000000,0.000000,0.000000,0.000000,0
0,35600.000000,-7600.000000,400.000000,4.000000,4.000000,4.000000,0.000000,0.000000,0.000000,0
0,35200.000000,-7600.000000,400.000000,4.000000,4.000000,4.000000,0.000000,0.000000,0.000000,0
0,34800.000000,-7600.000000,400.000000,4.000000,4.000000,4.000000,0.000000,0.000000,0.000000,0
0,34400.000000,-7600.000000,400.000000,4.000000,4.000000,4.000000,0.000000,0.000000,0.000000,0
0,34400.000000,-7200.000000,400.000000,4.000000,4.000000,4.000000,0.000000,0.000000,0.000000,0
0,34400.000000,-6800.000000,400.000000,4.000000,4.000000,4.000000,0.000000,0.000000,0.000000,0
0,34400.000000,-6400.000000,400.000000,4.000000,4.000000,4.000000,0.000000,0.000000,0.000000,0
0,34400.000000,-6000.000000,400.000000,4.000000,4.000000,4.000000,0.000000,0.000000,0.000000,0
0,34400.000000,-5600.000000,400.000000,4.000000,4.000000,4.000000,0.000000,0.000000,0.000000,0
0,34400.000000,-5200.000000,400.000000,4.000000,4.000000,4.000000,0.000000,0.000000,0.000000,0
0,34400.000000,-4800.000000,400.000000,4.000000,4.000000,4.000000,0.000000,0.000000,0.000000,0
0,34400.000000,-4400.000000,400.000000,4.000000,4.000000,4.000000,0.000000,0.000000,0.000000,0
0,34400.000000,-4000.000000,400.000000,4.000000,4.000000,4.000000,0.000000,0.000000,0.000000,0
0,34400.000000,-3600.000000,400.000000,4.000000,4.000000,4.000000,0.000000,0.000000,0.000000,0
0,34400.000000,-3200.000000,400.000000,4.000000,4.000000,4.000000,0.000000,0.000000,0.000000,0
0,34400.000000,-2800.000000,400.000000,4.000000,4.000000,4.000000,0.000000,0.000000,0.000000,0
0,34400.000000,-2400.000000,400.000000,4.000000,4.000000,4.000000,0.000000,0.000000,0.000000,0
0,34400.000000,-2000.000000,400.000000,4.000000,4.000000,4.000000,0.000000,0.000000,0.000000,0
0,34400.000000,-1600.000000,400.000000,4.000000,4.000000,4.000000,0.000000,0.000000,0.000000,0
0,34000.000000,-1600.000000,400.000000,4.000000,4.000000,4.000000,0.000000,0.000000,0.000000,0
0,33600.000000,-1600.000000,400.000000,4.000000,4.000000,4.000000,0.000000,0.000000,0.000000,0
0,33200.000000,-1600.000000,400.000000,4.000000,4.000000,4.000000,0.000000,0.000000,0.000000,0
0,32800.000000,-1600.000000,400.000000,4.000000,4.000000,4.000000,0.000000,0.000000,0.000000,0
0,32400.000000,-1600.000000,400.000000,4.000000,4.000000,4.000000,0.000000,0.000000,0.000000,0
0,32000.000000,-1600.000000,400.000000,4.000000,4.000000,4.000000,0.000000,0.000000,0.000000,0
0,31600.000000,-1600.000000,400.000000,4.000000,4.000000,4.000000,0.000000,0.000000,0.000000,0
0,31600.000000,-2000.000000,400.000000,4.000000,4.000000,4.000000,0.000000,0.000000,0.000000,0
0,31600.000000,-2400.000000,400.000000,4.000000,4.000000,4.000000,0.000000,0.000000,0.000000,0
0,31600.000000,-2800.000000,400.000000,4.000000,4.000000,4.000000,0.000000,0.000000,0.000000,0
0,31600.000000,-3200.000000,400.000000,4.000000,4.000000,4.000000,0.000000,0.000000,0.000000,0
0,31600.000000,-3600.000000,400.000000,4.000000,4.000000,4.000000,0.000000,0.000000,0.000000,0
0,31600.000000,-4000.000000,400.000000,4.000000,4.000000,4.000000,0.000000,0.000000,0.000000,0
0,31600.000000,-4400.000000,400.000000,4.000000,4.000000,4.000000,0.000000,0.000000,0.000000,0
0,31600.000000,-4800.000000,400.000000,4.000000,4.000000,4.000000,0.000000,0.000000,0.000000,0
0,31600.000000,-5200.000000,400.000000,4.000000,4.000000,4.000000,0.000000,0.000000,0.000000,0
0,31600.000000,-5600.000000,400.000000,4.000000,4.000000,4.000000,0.000000,0.000000,0.000000,0
0,31600.000000,-6000.000000,400.000000,4.000000,4.000000,4.000000,0.000000,0.000000,0.000000,0
0,31600.000000,-6400.000000,400.000000,4.000000,4.000000,4.000000,0.000000,0.000000,0.000000,0
0,31600.000000,-6800.000000,400.000000,4.000000,4.000000,4.000000,0.000000,0.000000,0.000000,0
0,31600.000000,-7200.000000,400.000000,4.000000,4.000000,4.000000,0.000000,0.000000,0.000000,0
0,31600.000000,-7600.000000,400.000000,4.000000,4.000000,4.000000,0.000000,0.000000,0.000000,0
0,31600.000000,-8000.000000,400.000000,4.000000,4.000000,4.000000,0.000000,0.000000,0.000000,0
0,31600.000000,-8400.000000,400.000000,4.000000,4.000000,4.000000,0.000000,0.000000,0.000000,0
0,31600.000000,-8800.000000,400.000000,4.000000,4.000000,4.000000,0.000000,0.000000,0.000000,0
0,31600.000000,-9200.000000,400.000000,4.000000,4.000000,4.000000,0.000000,0.000000,0.000000,0
0,31600.000000,-9600.000000,400.000000,4.000000,4.000000,4.000000,0.000000,0.000000,0.000000,0
0,31200.000000,-9600.000000,400.000000,4.000000,4.000000,4.000000,0.000000,0.000000,0.000000,0
0,30800.000000,-9600.000000,400.000000,4.000000,4.000000,4.000000,0.000000,0.000000,0.000000,0
0,30400.000000,-9600.000000,400.000000,4.000000,4.000000,4.000000,0.000000,0.000000,0.000000,0
0,30000.000000,-9600.000000,400.000000,4.000000,4.000000,4.000000,0.000000,0.000000,0.000000,0
0,29600.000000,-9600.000000,400.000000,4.000000,4.000000,4.000000,0.000000,0.000000,0.000000,0
0,29200.000000,-9600.000000,400.000000,4.000000,4.000000,4.000000,0.000000,0.000000,0.000000,0
0,28800.000000,-9600.000000,400.000000,4.000000,4.000000,4.000000,0.000000,0.000000,0.000000,0
0,28400.000000,-9600.000000,400.000000,4.000000,4.000000,4.000000,0.000000,0.000000,0.000000,0
0,28000.000000,-9600.000000,400.000000,4.000000,4.000000,4.000000,0.000000,0.000000,0.000000,0
0,27600.000000,-9600.000000,400.000000,4.000000,4.000000,4.000000,0.000000,0.000000,0.000000,0
0,27200.000000,-9600.000000,400.000000,4.000000,4.000000,4.000000,0.000000,0.000000,0.000000,0
0,26800.000000,-9600.000000,400.000000,4.000000,4.000000,4.000000,0.000000,0.000000,0.000000,0
0,26400.000000,-9600.000000,400.000000,4.000000,4.000000,4.000000,0.000000,0.000000,0.000000,0
0,25600.000000,-9600.000000,400.000000,4.000000,4.000000,4.000000,0.000000,0.000000,0.000000,0
0,25200.000000,-9600.000000,400.000000,4.000000,4.000000,4.000000,0.000000,0.000000,0.000000,0
0,24800.000000,-9600.000000,400.000000,4.000000,4.000000,4.000000,0.000000,0.000000,0.000000,0
0,24400.000000,-9600.000000,400.000000,4.000000,4.000000,4.000000,0.000000,0.000000,0.000000,0
0,24000.000000,-9600.000000,400.000000,4.000000,4.000000,4.000000,0.000000,0.000000,0.000000,0
0,23600.000000,-9600.000000,400.000000,4.000000,4.000000,4.000000,0.000000,0.000000,0.000000,0
0,23200.000000,-9600.000000,400.000000,4.000000,4.000000,4.000000,0.000000,0.000000,0.000000,0
0,22800.000000,-9600.000000,400.000000,4.000000,4.000000,4.000000,0.000000,0.000000,0.000000,0
0,22400.000000,-9600.000000,400.000000,4.000000,4.000000,4.000000,0.000000,0.000000,0.000000,0
0,22000.000000,-9600.000000,400.000000,4.000000,4.000000,4.000000,0.000000,0.000000,0.000000,0
0,21600.000000,-9600.000000,400.000000,4.000000,4.000000,4.000000,0.000000,0.000000,0.000000,0
0,21200.000000,-9200.000000,400.000000,4.000000,4.000000,4.000000,0.000000,0.000000,0.000000,0
0,20800.000000,-8800.000000,400.000000,4.000000,4.000000,4.000000,0.000000,0.000000,0.000000,0
0,20400.000000,-8400.000000,400.000000,4.000000,4.000000,4.000000,0.000000,0.000000,0.000000,0
0,20000.000000,-8000.000000,400.000000,4.000000,4.000000,4.000000,0.000000,0.000000,0.000000,0
0,19600.000000,-7600.000000,400.000000,4.000000,4.000000,4.000000,0.000000,0.000000,0.000000,0
0,19200.000000,-7200.000000,400.000000,4.000000,4.000000,4.000000,0.000000,0.000000,0.000000,0
0,18800.000000,-6800.000000,400.000000,4.000000,4.000000,4.000000,0.000000,0.000000,0.000000,0
0,18400.000000,-6400.000000,400.000000,4.000000,4.000000,4.000000,0.000000,0.000000,0.000000,0
0,18000.000000,-6000.000000,400.000000,4.000000,4.000000,4.000000,0.000000,0.000000,0.000000,0
0,17600.000000,-5600.000000,400.000000,4.000000,4.000000,4.000000,0.000000,0.000000,0.000000,0
0,17200.000000,-5200.000000,400.000000,4.000000,4.000000,4.000000,0.000000,0.000000,0.000000,0
0,16800.000000,-4800.000000,400.000000,4.000000,4.000000,4.000000,0.000000,0.000000,0.000000,0
0,16400.000000,-4400.000000,400.000000,4.000000,4.000000,4.000000,0.000000,0.000000,0.000000,0
0,16000.000000,-4000.000000,400.000000,4.000000,4.000000,4.000000,0.000000,0.000000,0.000000,0
0,15600.000000,-3600.000000,400.000000,4.000000,4.000000,4.000000,0.000000,0.000000,0.000000,0
0,15200.000000,-3600.000000,400.000000,4.000000,4.000000,4.000000,0.000000,0.000000,0.000000,0
0,14800.000000,-3600.000000,400.000000,4.000000,4.000000,4.000000,0.000000,0.000000,0.000000,0
0,14400.000000,-3600.000000,400.000000,4.000000,4.000000,4.000000,0.000000,0.000000,0.000000,0
0,14000.000000,-3600.000000,400.000000,4.000000,4.000000,4.000000,0.000000,0.000000,0.000000,0
0,13600.000000,-3600.000000,400.000000,4.000000,4.000000,4.000000,0.000000,0.000000,0.000000,0
0,13200.000000,-3600.000000,400.000000,4.000000,4.000000,4.000000,0.000000,0.000000,0.000000,0
0,12800.000000,-3600.000000,400.000000,4.000000,4.000000,4.000000,0.000000,0.000000,0.000000,0
0,12400.000000,-3600.000000,400.000000,4.000000,4.000000,4.000000,0.000000,0.000000,0.000000,0
0,12000.000000,-3600.000000,400.000000,4.000000,4.000000,4.000000,0.000000,0.000000,0.000000,0
0,11600.000000,-3600.000000,400.000000,4.000000,4.000000,4.000000,0.000000,0.000000,0.000000,0
0,11200.000000,-3600.000000,400.000000,4.000000,4.000000,4.000000,0.000000,0.000000,0.000000,0
0,10800.000000,-3600.000000,400.000000,4.000000,4.000000,4.000000,0.000000,0.000000,0.000000,0
0,10400.000000,-3600.000000,400.000000,4.000000,4.000000,4.000000,0.000000,0.000000,0.000000,0
0,10000.000000,-3600.000000,400.000000,4.000000,4.000000,4.000000,0.000000,0.000000,0.000000,0
0,9600.000000,-3600.000000,400.000000,4.000000,4.000000,4.000000,0.000000,0.000000,0.000000,0
0,9200.000000,-3600.000000,400.000000,4.000000,4.000000,4.000000,0.000000,0.000000,0.000000,0
0,8800.000000,-3600.000000,400.000000,4.000000,4.000000,4.000000,0.000000,0.000000,0.000000,0
0,8800.000000,-4400.000000,400.000000,4.000000,4.000000,4.000000,0.000000,0.000000,0.000000,0
0,8800.000000,-4800.000000,400.000000,4.000000,4.000000,4.000000,0.000000,0.000000,0.000000,0
0,8800.000000,-4000.000000,400.000000,4.000000,4.000000,4.000000,0.000000,0.000000,0.000000,0
0,8400.000000,-4800.000000,400.000000,4.000000,4.000000,4.000000,0.000000,0.000000,0.000000,0
0,8000.000000,-4800.000000,400.000000,4.000000,4.000000,4.000000,0.000000,0.000000,0.000000,0
0,7600.000000,-4800.000000,400.000000,4.000000,4.000000,4.000000,0.000000,0.000000,0.000000,0
0,7200.000000,-4800.000000,400.000000,4.000000,4.000000,4.000000,0.000000,0.000000,0.000000,0
0,6800.000000,-4800.000000,400.000000,4.000000,4.000000,4.000000,0.000000,0.000000,0.000000,0
0,6400.000000,-4800.000000,400.000000,4.000000,4.000000,4.000000,0.000000,0.000000,0.000000,0
0,6000.000000,-4800.000000,400.000000,4.000000,4.000000,4.000000,0.000000,0.000000,0.000000,0
0,5600.000000,-4800.000000,400.000000,4.000000,4.000000,4.000000,0.000000,0.000000,0.000000,0
0,5200.000000,-4800.000000,400.000000,4.000000,4.000000,4.000000,0.000000,0.000000,0.000000,0
0,4800.000000,-4800.000000,400.000000,4.000000,4.000000,4.000000,0.000000,0.000000,0.000000,0
0,4400.000000,-4800.000000,400.000000,4.000000,4.000000,4.000000,0.000000,0.000000,0.000000,0
0,4000.000000,-4800.000000,400.000000,4.000000,4.000000,4.000000,0.000000,0.000000,0.000000,0
0,3600.000000,-4800.000000,400.000000,4.000000,4.000000,4.000000,0.000000,0.000000,0.000000,0
0,3200.000000,-4800.000000,400.000000,4.000000,4.000000,4.000000,0.000000,0.000000,0.000000,0
0,2800.000000,-4800.000000,400.000000,4.000000,4.000000,4.000000,0.000000,0.000000,0.000000,0
0,2400.000000,-4800.000000,400.000000,4.000000,4.000000,4.000000,0.000000,0.000000,0.000000,0
0,2000.000000,-4800.000000,400.000000,4.000000,4.000000,4.000000,0.000000,0.000000,0.000000,0
0,1600.000000,-4800.000000,400.000000,4.000000,4.000000,4.000000,0.000000,0.000000,0.000000,0
0,1200.000000,-4800.000000,400.000000,4.000000,4.000000,4.000000,0.000000,0.000000,0.000000,0
0,800.000000,-4800.000000,400.000000,4.000000,4.000000,4.000000,0.000000,0.000000,0.000000,0
0,400.000000,-4800.000000,400.000000,4.000000,4.000000,4.000000,0.000000,0.000000,0.000000,0
0,0.000000,-4800.000000,400.000000,4.000000,4.000000,4.000000,0.000000,0.000000,0.000000,0
0,0.000000,-4400.000000,400.000000,4.000000,4.000000,4.000000,0.000000,0.000000,0.000000,0
0,0.000000,-4000.000000,400.000000,4.000000,4.000000,4.000000,0.000000,0.000000,0.000000,0
0,0.000000,-3600.000000,400.000000,4.000000,4.000000,4.000000,0.000000,0.000000,0.000000,0
0,-6400.000000,800.000000,4000.000000,4.000000,4.000000,4.000000,0.000000,0.000000,0.000000,0
0,-6400.000000,-1200.000000,4000.000000,4.000000,4.000000,4.000000,0.000000,0.000000,0.000000,0
0,-6400.000000,-1600.000000,4000.000000,4.000000,4.000000,4.000000,0.000000,0.000000,0.000000,0
0,-6400.000000,-2000.000000,4000.000000,4.000000,4.000000,4.000000,0.000000,0.000000,0.000000,0
0,-6400.000000,-2400.000000,4000.000000,4.000000,4.000000,4.000000,0.000000,0.000000,0.000000,0
0,-6400.000000,-2800.000000,4000.000000,4.000000,4.000000,4.000000,0.000000,0.000000,0.000000,0
0,-6400.000000,-3200.000000,4000.000000,4.000000,4.000000,4.000000,0.000000,0.000000,0.000000,0
0,-6400.000000,-3600.000000,4000.000000,4.000000,4.000000,4.000000,0.000000,0.000000,0.000000,0
0,-6400.000000,-4000.000000,4000.000000,4.000000,4.000000,4.000000,0.000000,0.000000,0.000000,0
0,-6400.000000,-4400.000000,4000.000000,4.000000,4.000000,4.000000,0.000000,0.000000,0.000000,0
0,-6000.000000,-4400.000000,4000.000000,4.000000,4.000000,4.000000,0.000000,0.000000,0.000000,0
0,-6000.000000,-4800.000000,4000.000000,4.000000,4.000000,4.000000,0.000000,0.000000,0.000000,0
0,-6000.000000,-5200.000000,4000.000000,4.000000,4.000000,4.000000,0.000000,0.000000,0.000000,0
0,-6000.000000,-1200.000000,4000.000000,4.000000,4.000000,4.000000,0.000000,0.000000,0.000000,0
0,-5600.000000,-1200.000000,4000.000000,4.000000,4.000000,4.000000,0.000000,0.000000,0.000000,0
0,-5200.000000,-1200.000000,4000.000000,4.000000,4.000000,4.000000,0.000000,0.000000,0.000000,0
0,-4800.000000,-1200.000000,4000.000000,4.000000,4.000000,4.000000,0.000000,0.000000,0.000000,0
0,-4400.000000,-1200.000000,4000.000000,4.000000,4.000000,4.000000,0.000000,0.000000,0.000000,0
0,-4000.000000,-1200.000000,4000.000000,4.000000,4.000000,4.000000,0.000000,0.000000,0.000000,0
0,-3600.000000,-1200.000000,4000.000000,4.000000,4.000000,4.000000,0.000000,0.000000,0.000000,0
0,-3200.000000,-1200.000000,4000.000000,4.000000,4.000000,4.000000,0.000000,0.000000,0.000000,0
0,-2800.000000,-1200.000000,4000.000000,4.000000,4.000000,4.000000,0.000000,0.000000,0.000000,0
0,-2400.000000,-1200.000000,4000.000000,4.000000,4.000000,4.000000,0.000000,0.000000,0.000000,0
0,-2000.000000,-1200.000000,4000.000000,4.000000,4.000000,4.000000,0.000000,0.000000,0.000000,0
0,-1600.000000,-1200.000000,4000.000000,4.000000,4.000000,4.000000,0.000000,0.000000,0.000000,0
0,-1200.000000,-1200.000000,4000.000000,4.000000,4.000000,4.000000,0.000000,0.000000,0.000000,0
0,-800.000000,-1200.000000,4000.000000,4.000000,4.000000,4.000000,0.000000,0.000000,0.000000,0
0,-400.000000,-1200.000000,4000.000000,4.000000,4.000000,4.000000,0.000000,0.000000,0.000000,0
0,0.000000,-1200.000000,4000.000000,4.000000,4.000000,4.000000,0.000000,0.000000,0.000000,0
0,400.000000,-1200.000000,4000.000000,4.000000,4.000000,4.000000,0.000000,0.000000,0.000000,0
0,800.000000,-1200.000000,4000.000000,4.000000,4.000000,4.000000,0.000000,0.000000,0.000000,0
0,1200.000000,-1200.000000,4000.000000,4.000000,4.000000,4.000000,0.000000,0.000000,0.000000,0
0,1600.000000,-1200.000000,4000.000000,4.000000,4.000000,4.000000,0.000000,0.000000,0.000000,0
0,2000.000000,-1200.000000,4000.000000,4.000000,4.000000,4.000000,0.000000,0.000000,0.000000,0
0,2400.000000,-1200.000000,4000.000000,4.000000,4.000000,4.000000,0.000000,0.000000,0.000000,0
0,2800.000000,-1200.000000,4000.000000,4.000000,4.000000,4.000000,0.000000,0.000000,0.000000,0
0,3200.000000,-1200.000000,4000.000000,4.000000,4.000000,4.000000,0.000000,0.000000,0.000000,0
0,3600.000000,-1200.000000,4000.000000,4.000000,4.000000,4.000000,0.000000,0.000000,0.000000,0
0,4000.000000,-1200.000000,4000.000000,4.000000,4.000000,4.000000,0.000000,0.000000,0.000000,0
0,4400.000000,-1200.000000,4000.000000,4.000000,4.000000,4.000000,0.000000,0.000000,0.000000,0
0,4800.000000,-1200.000000,4000.000000,4.000000,4.000000,4.000000,0.000000,0.000000,0.000000,0
0,5200.000000,-1200.000000,4000.000000,4.000000,4.000000,4.000000,0.000000,0.000000,0.000000,0
0,5600.000000,-1200.000000,4000.000000,4.000000,4.000000,4.000000,0.000000,0.000000,0.000000,0
0,6000.000000,-1200.000000,4000.000000,4.000000,4.000000,4.000000,0.000000,0.000000,0.000000,0
0,6400.000000,-1200.000000,4000.000000,4.000000,4.000000,4.000000,0.000000,0.000000,0.000000,0
0,-5600.000000,-4400.000000,4000.000000,4.000000,4.000000,4.000000,0.000000,0.000000,0.000000,0
0,-5200.000000,-4400.000000,4000.000000,4.000000,4.000000,4.000000,0.000000,0.000000,0.000000,0
0,-4800.000000,-4400.000000,4000.000000,4.000000,4.000000,4.000000,0.000000,0.000000,0.000000,0
0,-4400.000000,-4400.000000,4000.000000,4.000000,4.000000,4.000000,0.000000,0.000000,0.000000,0
0,-4000.000000,-4400.000000,4000.000000,4.000000,4.000000,4.000000,0.000000,0.000000,0.000000,0
0,-3600.000000,-4400.000000,4000.000000,4.000000,4.000000,4.000000,0.000000,0.000000,0.000000,0
0,-3200.000000,-4400.000000,4000.000000,4.000000,4.000000,4.000000,0.000000,0.000000,0.000000,0
0,-2800.000000,-4400.000000,4000.000000,4.000000,4.000000,4.000000,0.000000,0.000000,0.000000,0
0,-2400.000000,-4400.000000,4000.000000,4.000000,4.000000,4.000000,0.000000,0.000000,0.000000,0
0,-2000.000000,-4400.000000,4000.000000,4.000000,4.000000,4.000000,0.000000,0.000000,0.000000,0
0,-1600.000000,-4400.000000,4000.000000,4.000000,4.000000,4.000000,0.000000,0.000000,0.000000,0
0,-1200.000000,-4400.000000,4000.000000,4.000000,4.000000,4.000000,0.000000,0.000000,0.000000,0
0,-800.000000,-4400.000000,4000.000000,4.000000,4.000000,4.000000,0.000000,0.000000,0.000000,0
0,-400.000000,-4400.000000,4000.000000,4.000000,4.000000,4.000000,0.000000,0.000000,0.000000,0
0,0.000000,-4400.000000,4000.000000,4.000000,4.000000,4.000000,0.000000,0.000000,0.000000,0
0,400.000000,-4400.000000,4000.000000,4.000000,4.000000,4.000000,0.000000,0.000000,0.000000,0
0,800.000000,-4400.000000,4000.000000,4.000000,4.000000,4.000000,0.000000,0.000000,0.000000,0
0,1200.000000,-4400.000000,4000.000000,4.000000,4.000000,4.000000,0.000000,0.000000,0.000000,0
0,1600.000000,-4400.000000,4000.000000,4.000000,4.000000,4.000000,0.000000,0.000000,0.000000,0
0,2000.000000,-4400.000000,4000.000000,4.000000,4.000000,4.000000,0.000000,0.000000,0.000000,0
0,2400.000000,-4400.000000,4000.000000,4.000000,4.000000,4.000000,0.000000,0.000000,0.000000,0
0,2800.000000,-4400.000000,4000.000000,4.000000,4.000000,4.000000,0.000000,0.000000,0.000000,0
0,3200.000000,-4400.000000,4000.000000,4.000000,4.000000,4.000000,0.000000,0.000000,0.000000,0
0,3600.000000,-4400.000000,4000.000000,4.000000,4.000000,4.000000,0.000000,0.000000,0.000000,0
0,4000.000000,-4400.000000,4000.000000,4.000000,4.000000,4.000000,0.000000,0.000000,0.000000,0
0,4400.000000,-4400.000000,4000.000000,4.000000,4.000000,4.000000,0.000000,0.000000,0.000000,0
0,4800.000000,-4400.000000,4000.000000,4.000000,4.000000,4.000000,0.000000,0.000000,0.000000,0
0,5200.000000,-4400.000000,4000.000000,4.000000,4.000000,4.000000,0.000000,0.000000,0.000000,0
0,5600.000000,-4400.000000,4000.000000,4.000000,4.000000,4.000000,0.000000,0.000000,0.000000,0
0,6000.000000,-4400.000000,4000.000000,4.000000,4.000000,4.000000,0.000000,0.000000,0.000000,0
0,6400.000000,-4400.000000,4000.000000,4.000000,4.000000,4.000000,0.000000,0.000000,0.000000,0
0,6800.000000,-4400.000000,4000.000000,4.000000,4.000000,4.000000,0.000000,0.000000,0.000000,0
0,7200.000000,-4400.000000,4000.000000,4.000000,4.000000,4.000000,0.000000,0.000000,0.000000,0
0,7600.000000,-4400.000000,4000.000000,4.000000,4.000000,4.000000,0.000000,0.000000,0.000000,0
0,8000.000000,-4400.000000,4000.000000,4.000000,4.000000,4.000000,0.000000,0.000000,0.000000,0
0,8400.000000,-4400.000000,4000.000000,4.000000,4.000000,4.000000,0.000000,0.000000,0.000000,0
0,8800.000000,-4400.000000,4000.000000,4.000000,4.000000,4.000000,0.000000,0.000000,0.000000,0
0,9200.000000,-4400.000000,4000.000000,4.000000,4.000000,4.000000,0.000000,0.000000,0.000000,0
0,9600.000000,-4400.000000,4000.000000,4.000000,4.000000,4.000000,0.000000,0.000000,0.000000,0
0,10000.000000,-4400.000000,4000.000000,4.000000,4.000000,4.000000,0.000000,0.000000,0.000000,0
0,10400.000000,-4400.000000,4000.000000,4.000000,4.000000,4.000000,0.000000,0.000000,0.000000,0
0,10800.000000,-4400.000000,4000.000000,4.000000,4.000000,4.000000,0.000000,0.000000,0.000000,0
0,11200.000000,-4400.000000,4000.000000,4.000000,4.000000,4.000000,0.000000,0.000000,0.000000,0
0,11600.000000,-4400.000000,4000.000000,4.000000,4.000000,4.000000,0.000000,0.000000,0.000000,0
0,12000.000000,-4400.000000,4000.000000,4.000000,4.000000,4.000000,0.000000,0.000000,0.000000,0
0,12400.000000,-4400.000000,4000.000000,4.000000,4.000000,4.000000,0.000000,0.000000,0.000000,0
0,12800.000000,-4400.000000,4000.000000,4.000000,4.000000,4.000000,0.000000,0.000000,0.000000,0
0,13200.000000,-4400.000000,4000.000000,4.000000,4.000000,4.000000,0.000000,0.000000,0.000000,0
0,13600.000000,-4400.000000,4000.000000,4.000000,4.000000,4.000000,0.000000,0.000000,0.000000,0
0,6800.000000,-1200.000000,4000.000000,4.000000,4.000000,4.000000,0.000000,0.000000,0.000000,0
0,7200.000000,-1200.000000,4000.000000,4.000000,4.000000,4.000000,0.000000,0.000000,0.000000,0
0,7600.000000,-1200.000000,4000.000000,4.000000,4.000000,4.000000,0.000000,0.000000,0.000000,0
0,8000.000000,-1200.000000,4000.000000,4.000000,4.000000,4.000000,0.000000,0.000000,0.000000,0
0,8400.000000,-1200.000000,4000.000000,4.000000,4.000000,4.000000,0.000000,0.000000,0.000000,0
0,8800.000000,-1200.000000,4000.000000,4.000000,4.000000,4.000000,0.000000,0.000000,0.000000,0
0,9200.000000,-1200.000000,4000.000000,4.000000,4.000000,4.000000,0.000000,0.000000,0.000000,0
0,9600.000000,-1200.000000,4000.000000,4.000000,4.000000,4.000000,0.000000,0.000000,0.000000,0
0,10000.000000,-1200.000000,4000.000000,4.000000,4.000000,4.000000,0.000000,0.000000,0.000000,0
0,10400.000000,-1200.000000,4000.000000,4.000000,4.000000,4.000000,0.000000,0.000000,0.000000,0
0,10800.000000,-1200.000000,4000.000000,4.000000,4.000000,4.000000,0.000000,0.000000,0.000000,0
0,11200.000000,-1200.000000,4000.000000,4.000000,4.000000,4.000000,0.000000,0.000000,0.000000,0
0,11600.000000,-1200.000000,4000.000000,4.000000,4.000000,4.000000,0.000000,0.000000,0.000000,0
0,12000.000000,-1200.000000,4000.000000,4.000000,4.000000,4.000000,0.000000,0.000000,0.000000,0
0,12400.000000,-1200.000000,4000.000000,4.000000,4.000000,4.000000,0.000000,0.000000,0.000000,0
0,12800.000000,-1200.000000,4000.000000,4.000000,4.000000,4.000000,0.000000,0.000000,0.000000,0
0,13200.000000,-1200.000000,4000.000000,4.000000,4.000000,4.000000,0.000000,0.000000,0.000000,0
0,13600.000000,-1200.000000,4000.000000,4.000000,4.000000,4.000000,0.000000,0.000000,0.000000,0
0,14000.000000,-1200.000000,4000.000000,4.000000,4.000000,4.000000,0.000000,0.000000,0.000000,0
0,14400.000000,-1200.000000,4000.000000,4.000000,4.000000,4.000000,0.000000,0.000000,0.000000,0
0,14000.000000,-4400.000000,4000.000000,4.000000,4.000000,4.000000,0.000000,0.000000,0.000000,0
0,14400.000000,-4400.000000,4000.000000,4.000000,4.000000,4.000000,0.000000,0.000000,0.000000,0
0,14800.000000,-4400.000000,4000.000000,4.000000,4.000000,4.000000,0.000000,0.000000,0.000000,0
0,15200.000000,-4400.000000,4000.000000,4.000000,4.000000,4.000000,0.000000,0.000000,0.000000,0
0,15600.000000,-4400.000000,4000.000000,4.000000,4.000000,4.000000,0.000000,0.000000,0.000000,0
0,16000.000000,-4400.000000,4000.000000,4.000000,4.000000,4.000000,0.000000,0.000000,0.000000,0
0,16400.000000,-4400.000000,4000.000000,4.000000,4.000000,4.000000,0.000000,0.000000,0.000000,0
0,16800.000000,-4400.000000,4000.000000,4.000000,4.000000,4.000000,0.000000,0.000000,0.000000,0
0,17200.000000,-4400.000000,4000.000000,4.000000,4.000000,4.000000,0.000000,0.000000,0.000000,0
0,14800.000000,-1200.000000,4000.000000,4.000000,4.000000,4.000000,0.000000,0.000000,0.000000,0
0,15200.000000,-1200.000000,4000.000000,4.000000,4.000000,4.000000,0.000000,0.000000,0.000000,0
0,15600.000000,-1200.000000,4000.000000,4.000000,4.000000,4.000000,0.000000,0.000000,0.000000,0
0,16000.000000,-1200.000000,4000.000000,4.000000,4.000000,4.000000,0.000000,0.000000,0.000000,0
0,16400.000000,-1200.000000,4000.000000,4.000000,4.000000,4.000000,0.000000,0.000000,0.000000,0
0,16800.000000,-1200.000000,4000.000000,4.000000,4.000000,4.000000,0.000000,0.000000,0.000000,0
0,17200.000000,-1200.000000,4000.000000,4.000000,4.000000,4.000000,0.000000,0.000000,0.000000,0
0,17600.000000,-1200.000000,4000.000000,4.000000,4.000000,4.000000,0.000000,0.000000,0.000000,0
0,18000.000000,-1200.000000,4000.000000,4.000000,4.000000,4.000000,0.000000,0.000000,0.000000,0
0,18400.000000,-1200.000000,4000.000000,4.000000,4.000000,4.000000,0.000000,0.000000,0.000000,0
0,18800.000000,-1200.000000,4000.000000,4.000000,4.000000,4.000000,0.000000,0.000000,0.000000,0
0,19200.000000,-1200.000000,4000.000000,4.000000,4.000000,4.000000,0.000000,0.000000,0.000000,0
0,19600.000000,-1200.000000,4000.000000,4.000000,4.000000,4.000000,0.000000,0.000000,0.000000,0
0,17200.000000,-4800.000000,4000.000000,4.000000,4.000000,4.000000,0.000000,0.000000,0.000000,0
0,17200.000000,-5200.000000,4000.000000,4.000000,4.000000,4.000000,0.000000,0.000000,0.000000,0
0,17200.000000,-5600.000000,4000.000000,4.000000,4.000000,4.000000,0.000000,0.000000,0.000000,0
0,17200.000000,-6000.000000,4000.000000,4.000000,4.000000,4.000000,0.000000,0.000000,0.000000,0
0,17200.000000,-6400.000000,4000.000000,4.000000,4.000000,4.000000,0.000000,0.000000,0.000000,0
0,17200.000000,-6800.000000,4000.000000,4.000000,4.000000,4.000000,0.000000,0.000000,0.000000,0
0,17200.000000,-7200.000000,4000.000000,4.000000,4.000000,4.000000,0.000000,0.000000,0.000000,0
0,17200.000000,-7600.000000,4000.000000,4.000000,4.000000,4.000000,0.000000,0.000000,0.000000,0
0,17200.000000,-8000.000000,4000.000000,4.000000,4.000000,4.000000,0.000000,0.000000,0.000000,0
0,17200.000000,-8400.000000,4000.000000,4.000000,4.000000,4.000000,0.000000,0.000000,0.000000,0
0,17200.000000,-8800.000000,4000.000000,4.000000,4.000000,4.000000,0.000000,0.000000,0.000000,0
0,17200.000000,-9200.000000,4000.000000,4.000000,4.000000,4.000000,0.000000,0.000000,0.000000,0
0,17200.000000,-9600.000000,4000.000000,4.000000,4.000000,4.000000,0.000000,0.000000,0.000000,0
0,17200.000000,-10000.000000,4000.000000,4.000000,4.000000,4.000000,0.000000,0.000000,0.000000,0
0,17200.000000,-10400.000000,4000.000000,4.000000,4.000000,4.000000,0.000000,0.000000,0.000000,0
0,17600.000000,-10400.000000,4000.000000,4.000000,4.000000,4.000000,0.000000,0.000000,0.000000,0
0,18000.000000,-10400.000000,4000.000000,4.000000,4.000000,4.000000,0.000000,0.000000,0.000000,0
0,18400.000000,-10400.000000,4000.000000,4.000000,4.000000,4.000000,0.000000,0.000000,0.000000,0
0,18800.000000,-10400.000000,4000.000000,4.000000,4.000000,4.000000,0.000000,0.000000,0.000000,0
0,19200.000000,-10400.000000,4000.000000,4.000000,4.000000,4.000000,0.000000,0.000000,0.000000,0
0,19600.000000,-10400.000000,4000.000000,4.000000,4.000000,4.000000,0.000000,0.000000,0.000000,0
0,20000.000000,-10400.000000,4000.000000,4.000000,4.000000,4.000000,0.000000,0.000000,0.000000,0
0,20400.000000,-10400.000000,4000.000000,4.000000,4.000000,4.000000,0.000000,0.000000,0.000000,0
0,20800.000000,-10400.000000,4000.000000,4.000000,4.000000,4.000000,0.000000,0.000000,0.000000,0
0,21200.000000,-10400.000000,4000.000000,4.000000,4.000000,4.000000,0.000000,0.000000,0.000000,0
0,21600.000000,-10400.000000,4000.000000,4.000000,4.000000,4.000000,0.000000,0.000000,0.000000,0
0,22000.000000,-10400.000000,4000.000000,4.000000,4.000000,4.000000,0.000000,0.000000,0.000000,0
0,22400.000000,-10400.000000,4000.000000,4.000000,4.000000,4.000000,0.000000,0.000000,0.000000,0
0,22800.000000,-10400.000000,4000.000000,4.000000,4.000000,4.000000,0.000000,0.000000,0.000000,0
0,23200.000000,-10400.000000,4000.000000,4.000000,4.000000,4.000000,0.000000,0.000000,0.000000,0
0,23600.000000,-10400.000000,4000.000000,4.000000,4.000000,4.000000,0.000000,0.000000,0.000000,0
0,24000.000000,-10400.000000,4000.000000,4.000000,4.000000,4.000000,0.000000,0.000000,0.000000,0
0,24400.000000,-10400.000000,4000.000000,4.000000,4.000000,4.000000,0.000000,0.000000,0.000000,0
0,24800.000000,-10400.000000,4000.000000,4.000000,4.000000,4.000000,0.000000,0.000000,0.000000,0
0,25200.000000,-10400.000000,4000.000000,4.000000,4.000000,4.000000,0.000000,0.000000,0.000000,0
0,25600.000000,-10400.000000,4000.000000,4.000000,4.000000,4.000000,0.000000,0.000000,0.000000,0
0,26000.000000,-10400.000000,4000.000000,4.000000,4.000000,4.000000,0.000000,0.000000,0.000000,0
0,26400.000000,-10400.000000,4000.000000,4.000000,4.000000,4.000000,0.000000,0.000000,0.000000,0
0,26800.000000,-10400.000000,4000.000000,4.000000,4.000000,4.000000,0.000000,0.000000,0.000000,0
0,27200.000000,-10400.000000,4000.000000,4.000000,4.000000,4.000000,0.000000,0.000000,0.000000,0
0,27600.000000,-10400.000000,4000.000000,4.000000,4.000000,4.000000,0.000000,0.000000,0.000000,0
0,28000.000000,-10400.000000,4000.000000,4.000000,4.000000,4.000000,0.000000,0.000000,0.000000,0
0,28400.000000,-10400.000000,4000.000000,4.000000,4.000000,4.000000,0.000000,0.000000,0.000000,0
0,28800.000000,-10400.000000,4000.000000,4.000000,4.000000,4.000000,0.000000,0.000000,0.000000,0
0,29200.000000,-10400.000000,4000.000000,4.000000,4.000000,4.000000,0.000000,0.000000,0.000000,0
0,29600.000000,-10400.000000,4000.000000,4.000000,4.000000,4.000000,0.000000,0.000000,0.000000,0
0,30000.000000,-10400.000000,4000.000000,4.000000,4.000000,4.000000,0.000000,0.000000,0.000000,0
0,30400.000000,-10400.000000,4000.000000,4.000000,4.000000,4.000000,0.000000,0.000000,0.000000,0
0,30800.000000,-10400.000000,4000.000000,4.000000,4.000000,4.000000,0.000000,0.000000,0.000000,0
0,31200.000000,-10400.000000,4000.000000,4.000000,4.000000,4.000000,0.000000,0.000000,0.000000,0
0,31600.000000,-10400.000000,4000.000000,4.000000,4.000000,4.000000,0.000000,0.000000,0.000000,0
0,32000.000000,-10400.000000,4000.000000,4.000000,4.000000,4.000000,0.000000,0.000000,0.000000,0
0,32400.000000,-10400.000000,4000.000000,4.000000,4.000000,4.000000,0.000000,0.000000,0.000000,0
0,20000.000000,-1200.000000,4000.000000,4.000000,4.000000,4.000000,0.000000,0.000000,0.000000,0
0,20400.000000,-1200.000000,4000.000000,4.000000,4.000000,4.000000,0.000000,0.000000,0.000000,0
0,20800.000000,-1200.000000,4000.000000,4.000000,4.000000,4.000000,0.000000,0.000000,0.000000,0
0,21200.000000,-1200.000000,4000.000000,4.000000,4.000000,4.000000,0.000000,0.000000,0.000000,0
0,21600.000000,-1200.000000,4000.000000,4.000000,4.000000,4.000000,0.000000,0.000000,0.000000,0
0,22000.000000,-1200.000000,4000.000000,4.000000,4.000000,4.000000,0.000000,0.000000,0.000000,0
0,22400.000000,-1200.000000,4000.000000,4.000000,4.000000,4.000000,0.000000,0.000000,0.000000,0
0,22800.000000,-1200.000000,4000.000000,4.000000,4.000000,4.000000,0.000000,0.000000,0.000000,0
0,23200.000000,-1200.000000,4000.000000,4.000000,4.000000,4.000000,0.000000,0.000000,0.000000,0
0,23600.000000,-1200.000000,4000.000000,4.000000,4.000000,4.000000,0.000000,0.000000,0.000000,0
0,24000.000000,-1200.000000,4000.000000,4.000000,4.000000,4.000000,0.000000,0.000000,0.000000,0
0,24400.000000,-1200.000000,4000.000000,4.000000,4.000000,4.000000,0.000000,0.000000,0.000000,0
0,24800.000000,-1200.000000,4000.000000,4.000000,4.000000,4.000000,0.000000,0.000000,0.000000,0
0,25200.000000,-1200.000000,4000.000000,4.000000,4.000000,4.000000,0.000000,0.000000,0.000000,0
0,25600.000000,-1200.000000,4000.000000,4.000000,4.000000,4.000000,0.000000,0.000000,0.000000,0
0,26000.000000,-1200.000000,4000.000000,4.000000,4.000000,4.000000,0.000000,0.000000,0.000000,0
0,26400.000000,-1200.000000,4000.000000,4.000000,4.000000,4.000000,0.000000,0.000000,0.000000,0
0,26800.000000,-1200.000000,4000.000000,4.000000,4.000000,4.000000,0.000000,0.000000,0.000000,0
0,27200.000000,-1200.000000,4000.000000,4.000000,4.000000,4.000000,0.000000,0.000000,0.000000,0
0,27600.000000,-1200.000000,4000.000000,4.000000,4.000000,4.000000,0.000000,0.000000,0.000000,0
0,28000.000000,-1200.000000,4000.000000,4.000000,4.000000,4.000000,0.000000,0.000000,0.000000,0
0,28400.000000,-1200.000000,4000.000000,4.000000,4.000000,4.000000,0.000000,0.000000,0.000000,0
0,28800.000000,-1200.000000,4000.000000,4.000000,4.000000,4.000000,0.000000,0.000000,0.000000,0
0,29200.000000,-1200.000000,4000.000000,4.000000,4.000000,4.000000,0.000000,0.000000,0.000000,0
0,29600.000000,-1200.000000,4000.000000,4.000000,4.000000,4.000000,0.000000,0.000000,0.000000,0
0,30000.000000,-1200.000000,4000.000000,4.000000,4.000000,4.000000,0.000000,0.000000,0.000000,0
0,30400.000000,-1200.000000,4000.000000,4.000000,4.000000,4.000000,0.000000,0.000000,0.000000,0
0,30800.000000,-1200.000000,4000.000000,4.000000,4.000000,4.000000,0.000000,0.000000,0.000000,0
0,31200.000000,-1200.000000,4000.000000,4.000000,4.000000,4.000000,0.000000,0.000000,0.000000,0
0,31600.000000,-1200.000000,4000.000000,4.000000,4.000000,4.000000,0.000000,0.000000,0.000000,0
0,32000.000000,-1200.000000,4000.000000,4.000000,4.000000,4.000000,0.000000,0.000000,0.000000,0
0,32400.000000,-1200.000000,4000.000000,4.000000,4.000000,4.000000,0.000000,0.000000,0.000000,0
0,32800.000000,-1200.000000,4000.000000,4.000000,4.000000,4.000000,0.000000,0.000000,0.000000,0
0,33200.000000,-1200.000000,4000.000000,4.000000,4.000000,4.000000,0.000000,0.000000,0.000000,0
0,33600.000000,-1200.000000,4000.000000,4.000000,4.000000,4.000000,0.000000,0.000000,0.000000,0
0,34000.000000,-1200.000000,4000.000000,4.000000,4.000000,4.000000,0.000000,0.000000,0.000000,0
0,34400.000000,-1200.000000,4000.000000,4.000000,4.000000,4.000000,0.000000,0.000000,0.000000,0
0,34800.000000,-1200.000000,4000.000000,4.000000,4.000000,4.000000,0.000000,0.000000,0.000000,0
0,35200.000000,-1200.000000,4000.000000,4.000000,4.000000,4.000000,0.000000,0.000000,0.000000,0
0,35600.000000,-1200.000000,4000.000000,4.000000,4.000000,4.000000,0.000000,0.000000,0.000000,0
0,36000.000000,-1200.000000,4000.000000,4.000000,4.000000,4.000000,0.000000,0.000000,0.000000,0
0,36400.000000,-1200.000000,4000.000000,4.000000,4.000000,4.000000,0.000000,0.000000,0.000000,0
0,36800.000000,-1200.000000,4000.000000,4.000000,4.000000,4.000000,0.000000,0.000000,0.000000,0
0,37200.000000,-1200.000000,4000.000000,4.000000,4.000000,4.000000,0.000000,0.000000,0.000000,0
0,37600.000000,-1200.000000,4000.000000,4.000000,4.000000,4.000000,0.000000,0.000000,0.000000,0
0,38000.000000,-1200.000000,4000.000000,4.000000,4.000000,4.000000,0.000000,0.000000,0.000000,0
0,38400.000000,-1200.000000,4000.000000,4.000000,4.000000,4.000000,0.000000,0.000000,0.000000,0
0,38800.000000,-1200.000000,4000.000000,4.000000,4.000000,4.000000,0.000000,0.000000,0.000000,0
0,39200.000000,-1200.000000,4000.000000,4.000000,4.000000,4.000000,0.000000,0.000000,0.000000,0
0,39600.000000,-1200.000000,4000.000000,4.000000,4.000000,4.000000,0.000000,0.000000,0.000000,0
0,40000.000000,-1200.000000,4000.000000,4.000000,4.000000,4.000000,0.000000,0.000000,0.000000,0
0,32800.000000,-10400.000000,4000.000000,4.000000,4.000000,4.000000,0.000000,0.000000,0.000000,0
0,33200.000000,-10400.000000,4000.000000,4.000000,4.000000,4.000000,0.000000,0.000000,0.000000,0
0,33600.000000,-10400.000000,4000.000000,4.000000,4.000000,4.000000,0.000000,0.000000,0.000000,0
0,34000.000000,-10400.000000,4000.000000,4.000000,4.000000,4.000000,0.000000,0.000000,0.000000,0
0,34400.000000,-10400.000000,4000.000000,4.000000,4.000000,4.000000,0.000000,0.000000,0.000000,0
0,34800.000000,-10400.000000,4000.000000,4.000000,4.000000,4.000000,0.000000,0.000000,0.000000,0
0,35200.000000,-10400.000000,4000.000000,4.000000,4.000000,4.000000,0.000000,0.000000,0.000000,0
0,35600.000000,-10400.000000,4000.000000,4.000000,4.000000,4.000000,0.000000,0.000000,0.000000,0
0,36000.000000,-10400.000000,4000.000000,4.000000,4.000000,4.000000,0.000000,0.000000,0.000000,0
0,36400.000000,-10400.000000,4000.000000,4.000000,4.000000,4.000000,0.000000,0.000000,0.000000,0
0,36800.000000,-10400.000000,4000.000000,4.000000,4.000000,4.000000,0.000000,0.000000,0.000000,0
0,37200.000000,-10400.000000,4000.000000,4.000000,4.000000,4.000000,0.000000,0.000000,0.000000,0
0,37600.000000,-10400.000000,4000.000000,4.000000,4.000000,4.000000,0.000000,0.000000,0.000000,0
0,38000.000000,-10400.000000,4000.000000,4.000000,4.000000,4.000000,0.000000,0.000000,0.000000,0
0,38400.000000,-10400.000000,4000.000000,4.000000,4.000000,4.000000,0.000000,0.000000,0.000000,0
0,38800.000000,-10400.000000,4000.000000,4.000000,4.000000,4.000000,0.000000,0.000000,0.000000,0
0,39200.000000,-10400.000000,4000.000000,4.000000,4.000000,4.000000,0.000000,0.000000,0.000000,0
0,39600.000000,-10400.000000,4000.000000,4.000000,4.000000,4.000000,0.000000,0.000000,0.000000,0
0,40000.000000,-10400.000000,4000.000000,4.000000,4.000000,4.000000,0.000000,0.000000,0.000000,0
0,40400.000000,-10400.000000,4000.000000,4.000000,4.000000,4.000000,0.000000,0.000000,0.000000,0
0,40800.000000,-10400.000000,4000.000000,4.000000,4.000000,4.000000,0.000000,0.000000,0.000000,0
0,41200.000000,-10400.000000,4000.000000,4.000000,4.000000,4.000000,0.000000,0.000000,0.000000,0
0,41600.000000,-10400.000000,4000.000000,4.000000,4.000000,4.000000,0.000000,0.000000,0.000000,0
0,42000.000000,-10400.000000,4000.000000,4.000000,4.000000,4.000000,0.000000,0.000000,0.000000,0
0,42400.000000,-10400.000000,4000.000000,4.000000,4.000000,4.000000,0.000000,0.000000,0.000000,0
0,42800.000000,-10400.000000,4000.000000,4.000000,4.000000,4.000000,0.000000,0.000000,0.000000,0
0,43200.000000,-10400.000000,4000.000000,4.000000,4.000000,4.000000,0.000000,0.000000,0.000000,0
0,43600.000000,-10400.000000,4000.000000,4.000000,4.000000,4.000000,0.000000,0.000000,0.000000,0
0,44000.000000,-10400.000000,4000.000000,4.000000,4.000000,4.000000,0.000000,0.000000,0.000000,0
0,44400.000000,-10400.000000,4000.000000,4.000000,4.000000,4.000000,0.000000,0.000000,0.000000,0
0,44800.000000,-10400.000000,4000.000000,4.000000,4.000000,4.000000,0.000000,0.000000,0.000000,0
0,45200.000000,-10400.000000,4000.000000,4.000000,4.000000,4.000000,0.000000,0.000000,0.000000,0
0,45600.000000,-10400.000000,4000.000000,4.000000,4.000000,4.000000,0.000000,0.000000,0.000000,0
0,46000.000000,-10400.000000,4000.000000,4.000000,4.000000,4.000000,0.000000,0.000000,0.000000,0
0,46400.000000,-10400.000000,4000.000000,4.000000,4.000000,4.000000,0.000000,0.000000,0.000000,0
0,46800.000000,-10400.000000,4000.000000,4.000000,4.000000,4.000000,0.000000,0.000000,0.000000,0
0,47200.000000,-10400.000000,4000.000000,4.000000,4.000000,4.000000,0.000000,0.000000,0.000000,0
0,47600.000000,-10400.000000,4000.000000,4.000000,4.000000,4.000000,0.000000,0.000000,0.000000,0
0,48000.000000,-10400.000000,4000.000000,4.000000,4.000000,4.000000,0.000000,0.000000,0.000000,0
0,48400.000000,-10400.000000,4000.000000,4.000000,4.000000,4.000000,0.000000,0.000000,0.000000,0
0,48800.000000,-10400.000000,4000.000000,4.000000,4.000000,4.000000,0.000000,0.000000,0.000000,0
0,49200.000000,-10400.000000,4000.000000,4.000000,4.000000,4.000000,0.000000,0.000000,0.000000,0
0,49600.000000,-10400.000000,4000.000000,4.000000,4.000000,4.000000,0.000000,0.000000,0.000000,0
0,50000.000000,-10400.000000,4000.000000,4.000000,4.000000,4.000000,0.000000,0.000000,0.000000,0
0,50400.000000,-10400.000000,4000.000000,4.000000,4.000000,4.000000,0.000000,0.000000,0.000000,0
0,50800.000000,-10400.000000,4000.000000,4.000000,4.000000,4.000000,0.000000,0.000000,0.000000,0
0,51200.000000,-10400.000000,4000.000000,4.000000,4.000000,4.000000,0.000000,0.000000,0.000000,0
0,51600.000000,-10400.000000,4000.000000,4.000000,4.000000,4.000000,0.000000,0.000000,0.000000,0
0,52000.000000,-10400.000000,4000.000000,4.000000,4.000000,4.000000,0.000000,0.000000,0.000000,0
0,52400.000000,-10400.000000,4000.000000,4.000000,4.000000,4.000000,0.000000,0.000000,0.000000,0
0,52800.000000,-10400.000000,4000.000000,4.000000,4.000000,4.000000,0.000000,0.000000,0.000000,0
0,53200.000000,-10400.000000,4000.000000,4.000000,4.000000,4.000000,0.000000,0.000000,0.000000,0
0,53600.000000,-10400.000000,4000.000000,4.000000,4.000000,4.000000,0.000000,0.000000,0.000000,0
0,54000.000000,-10400.000000,4000.000000,4.000000,4.000000,4.000000,0.000000,0.000000,0.000000,0
0,54400.000000,-10400.000000,4000.000000,4.000000,4.000000,4.000000,0.000000,0.000000,0.000000,0
0,54800.000000,-10400.000000,4000.000000,4.000000,4.000000,4.000000,0.000000,0.000000,0.000000,0
0,54800.000000,-10000.000000,4000.000000,4.000000,4.000000,4.000000,0.000000,0.000000,0.000000,0
0,54800.000000,-9600.000000,4000.000000,4.000000,4.000000,4.000000,0.000000,0.000000,0.000000,0
0,54800.000000,-9200.000000,4000.000000,4.000000,4.000000,4.000000,0.000000,0.000000,0.000000,0
0,54800.000000,-8800.000000,4000.000000,4.000000,4.000000,4.000000,0.000000,0.000000,0.000000,0
0,54800.000000,-8400.000000,4000.000000,4.000000,4.000000,4.000000,0.000000,0.000000,0.000000,0
0,54800.000000,-8000.000000,4000.000000,4.000000,4.000000,4.000000,0.000000,0.000000,0.000000,0
0,54800.000000,-7600.000000,4000.000000,4.000000,4.000000,4.000000,0.000000,0.000000,0.000000,0
0,54800.000000,-7200.000000,4000.000000,4.000000,4.000000,4.000000,0.000000,0.000000,0.000000,0
0,54800.000000,-6800.000000,4000.000000,4.000000,4.000000,4.000000,0.000000,0.000000,0.000000,0
0,54800.000000,-6400.000000,4000.000000,4.000000,4.000000,4.000000,0.000000,0.000000,0.000000,0
0,54800.000000,-6000.000000,4000.000000,4.000000,4.000000,4.000000,0.000000,0.000000,0.000000,0
0,54800.000000,-5600.000000,4000.000000,4.000000,4.000000,4.000000,0.000000,0.000000,0.000000,0
0,54800.000000,-5200.000000,4000.000000,4.000000,4.000000,4.000000,0.000000,0.000000,0.000000,0
0,54800.000000,-4800.000000,4000.000000,4.000000,4.000000,4.000000,0.000000,0.000000,0.000000,0
0,54800.000000,-4400.000000,4000.000000,4.000000,4.000000,4.000000,0.000000,0.000000,0.000000,0
0,54800.000000,-4000.000000,4000.000000,4.000000,4.000000,4.000000,0.000000,0.000000,0.000000,0
0,54800.000000,-3600.000000,4000.000000,4.000000,4.000000,4.000000,0.000000,0.000000,0.000000,0
0,54800.000000,-3200.000000,4000.000000,4.000000,4.000000,4.000000,0.000000,0.000000,0.000000,0
0,54800.000000,-2800.000000,4000.000000,4.000000,4.000000,4.000000,0.000000,0.000000,0.000000,0
0,54800.000000,-2400.000000,4000.000000,4.000000,4.000000,4.000000,0.000000,0.000000,0.000000,0
0,54800.000000,-2000.000000,4000.000000,4.000000,4.000000,4.000000,0.000000,0.000000,0.000000,0
0,54800.000000,-1600.000000,4000.000000,4.000000,4.000000,4.000000,0.000000,0.000000,0.000000,0
0,54800.000000,-1200.000000,4000.000000,4.000000,4.000000,4.000000,0.000000,0.000000,0.000000,0
0,54400.000000,-1200.000000,4000.000000,4.000000,4.000000,4.000000,0.000000,0.000000,0.000000,0
0,54000.000000,-1200.000000,4000.000000,4.000000,4.000000,4.000000,0.000000,0.000000,0.000000,0
0,53600.000000,-1200.000000,4000.000000,4.000000,4.000000,4.000000,0.000000,0.000000,0.000000,0
0,53200.000000,-1200.000000,4000.000000,4.000000,4.000000,4.000000,0.000000,0.000000,0.000000,0
0,52800.000000,-1200.000000,4000.000000,4.000000,4.000000,4.000000,0.000000,0.000000,0.000000,0
0,52400.000000,-1200.000000,4000.000000,4.000000,4.000000,4.000000,0.000000,0.000000,0.000000,0
0,52000.000000,-1200.000000,4000.000000,4.000000,4.000000,4.000000,0.000000,0.000000,0.000000,0
0,51600.000000,-1200.000000,4000.000000,4.000000,4.000000,4.000000,0.000000,0.000000,0.000000,0
0,51200.000000,-1200.000000,4000.000000,4.000000,4.000000,4.000000,0.000000,0.000000,0.000000,0
0,50800.000000,-1200.000000,4000.000000,4.000000,4.000000,4.000000,0.000000,0.000000,0.000000,0
0,50400.000000,-1200.000000,4000.000000,4.000000,4.000000,4.000000,0.000000,0.000000,0.000000,0
0,50000.000000,-1200.000000,4000.000000,4.000000,4.000000,4.000000,0.000000,0.000000,0.000000,0
0,49600.000000,-1200.000000,4000.000000,4.000000,4.000000,4.000000,0.000000,0.000000,0.000000,0
0,49200.000000,-1200.000000,4000.000000,4.000000,4.000000,4.000000,0.000000,0.000000,0.000000,0
0,48800.000000,-1200.000000,4000.000000,4.000000,4.000000,4.000000,0.000000,0.000000,0.000000,0
0,48400.000000,-1200.000000,4000.000000,4.000000,4.000000,4.000000,0.000000,0.000000,0.000000,0
0,48000.000000,-1200.000000,4000.000000,4.000000,4.000000,4.000000,0.000000,0.000000,0.000000,0
0,47600.000000,-1200.000000,4000.000000,4.000000,4.000000,4.000000,0.000000,0.000000,0.000000,0
0,47200.000000,-1200.000000,4000.000000,4.000000,4.000000,4.000000,0.000000,0.000000,0.000000,0
0,46800.000000,-1200.000000,4000.000000,4.000000,4.000000,4.000000,0.000000,0.000000,0.000000,0
0,46400.000000,-1200.000000,4000.000000,4.000000,4.000000,4.000000,0.000000,0.000000,0.000000,0
0,46000.000000,-1200.000000,4000.000000,4.000000,4.000000,4.000000,0.000000,0.000000,0.000000,0
0,45600.000000,-1200.000000,4000.000000,4.000000,4.000000,4.000000,0.000000,0.000000,0.000000,0
0,45200.000000,-1200.000000,4000.000000,4.000000,4.000000,4.000000,0.000000,0.000000,0.000000,0
0,44800.000000,-1200.000000,4000.000000,4.000000,4.000000,4.000000,0.000000,0.000000,0.000000,0
0,44400.000000,-1200.000000,4000.000000,4.000000,4.000000,4.000000,0.000000,0.000000,0.000000,0
0,44000.000000,-1200.000000,4000.000000,4.000000,4.000000,4.000000,0.000000,0.000000,0.000000,0
0,43600.000000,-1200.000000,4000.000000,4.000000,4.000000,4.000000,0.000000,0.000000,0.000000,0
0,43200.000000,-1200.000000,4000.000000,4.000000,4.000000,4.000000,0.000000,0.000000,0.000000,0
0,42800.000000,-1200.000000,4000.000000,4.000000,4.000000,4.000000,0.000000,0.000000,0.000000,0
0,42400.000000,-1200.000000,4000.000000,4.000000,4.000000,4.000000,0.000000,0.000000,0.000000,0
0,42000.000000,-1200.000000,4000.000000,4.000000,4.000000,4.000000,0.000000,0.000000,0.000000,0
0,41600.000000,-1200.000000,4000.000000,4.000000,4.000000,4.000000,0.000000,0.000000,0.000000,0
0,41200.000000,-1200.000000,4000.000000,4.000000,4.000000,4.000000,0.000000,0.000000,0.000000,0
0,40800.000000,-1200.000000,4000.000000,4.000000,4.000000,4.000000,0.000000,0.000000,0.000000,0
0,40400.000000,-1200.000000,4000.000000,4.000000,4.000000,4.000000,0.000000,0.000000,0.000000,0
0,21200.000000,-9200.000000,0.000000,4.000000,4.000000,4.000000,0.000000,0.000000,0.000000,0
0,21600.000000,-9600.000000,0.000000,4.000000,4.000000,4.000000,0.000000,0.000000,0.000000,0
7,31200.000000,-9200.000000,0.000000,4.000000,4.000000,4.000000,0.000000,0.000000,1.570796,0
24,-400.000000,-1200.000000,-400.000000,4.000000,4.000000,4.000000,0.000000,0.000000,0.000000,0
24,-400.000000,-3600.000000,-400.000000,4.000000,4.000000,4.000000,0.000000,0.000000,0.000000,0
24,14400.000000,-3600.000000,-400.000000,4.000000,4.000000,4.000000,0.000000,0.000000,0.000000,0
24,14400.000000,-1200.000000,-400.000000,4.000000,4.000000,4.000000,0.000000,0.000000,0.000000,0
24,24800.000000,-4400.000000,-400.000000,4.000000,4.000000,4.000000,0.000000,0.000000,0.000000,0
24,28400.000000,-2800.000000,-400.000000,4.000000,4.000000,4.000000,0.000000,0.000000,1.570796,0
7,21600.000000,-9200.000000,0.000000,4.000000,4.000000,4.000000,0.000000,0.000000,0.000000,0
7,22000.000000,-9200.000000,0.000000,4.000000,4.000000,4.000000,0.000000,0.000000,0.000000,0
7,22400.000000,-9200.000000,0.000000,4.000000,4.000000,4.000000,0.000000,0.000000,0.000000,0
7,22800.000000,-9200.000000,0.000000,4.000000,4.000000,4.000000,0.000000,0.000000,0.000000,0
7,23200.000000,-9200.000000,0.000000,4.000000,4.000000,4.000000,0.000000,0.000000,0.000000,0
7,23600.000000,-9200.000000,0.000000,4.000000,4.000000,4.000000,0.000000,0.000000,0.000000,0
7,24000.000000,-9200.000000,0.000000,4.000000,4.000000,4.000000,0.000000,0.000000,0.000000,0
7,24400.000000,-9200.000000,0.000000,4.000000,4.000000,4.000000,0.000000,0.000000,0.000000,0
7,27600.000000,-9200.000000,0.000000,4.000000,4.000000,4.000000,0.000000,0.000000,0.000000,0
7,28000.000000,-9200.000000,0.000000,4.000000,4.000000,4.000000,0.000000,0.000000,0.000000,0
7,28400.000000,-9200.000000,0.000000,4.000000,4.000000,4.000000,0.000000,0.000000,0.000000,0
7,28800.000000,-9200.000000,0.000000,4.000000,4.000000,4.000000,0.000000,0.000000,0.000000,0
7,29200.000000,-9200.000000,0.000000,4.000000,4.000000,4.000000,0.000000,0.000000,0.000000,0
7,29600.000000,-9200.000000,0.000000,4.000000,4.000000,4.000000,0.000000,0.000000,0.000000,0
7,30000.000000,-9200.000000,0.000000,4.000000,4.000000,4.000000,0.000000,0.000000,0.000000,0
7,30400.000000,-9200.000000,0.000000,4.000000,4.000000,4.000000,0.000000,0.000000,0.000000,0
7,30800.000000,-9200.000000,0.000000,4.000000,4.000000,4.000000,0.000000,0.000000,0.000000,0
7,21600.000000,-9200.000000,400.000000,4.000000,4.000000,4.000000,0.000000,0.000000,0.000000,0
7,22000.000000,-9200.000000,400.000000,4.000000,4.000000,4.000000,0.000000,0.000000,0.000000,0
7,22400.000000,-9200.000000,400.000000,4.000000,4.000000,4.000000,0.000000,0.000000,0.000000,0
7,22800.000000,-9200.000000,400.000000,4.000000,4.000000,4.000000,0.000000,0.000000,0.000000,0
7,23200.000000,-9200.000000,400.000000,4.000000,4.000000,4.000000,0.000000,0.000000,0.000000,0
7,23600.000000,-9200.000000,400.000000,4.000000,4.000000,4.000000,0.000000,0.000000,0.000000,0
7,24000.000000,-9200.000000,400.000000,4.000000,4.000000,4.000000,0.000000,0.000000,0.000000,0
7,24400.000000,-9200.000000,400.000000,4.000000,4.000000,4.000000,0.000000,0.000000,0.000000,0
7,27600.000000,-9200.000000,400.000000,4.000000,4.000000,4.000000,0.000000,0.000000,0.000000,0
7,28000.000000,-9200.000000,400.000000,4.000000,4.000000,4.000000,0.000000,0.000000,0.000000,0
7,28400.000000,-9200.000000,400.000000,4.000000,4.000000,4.000000,0.000000,0.000000,0.000000,0
7,28800.000000,-9200.000000,400.000000,4.000000,4.000000,4.000000,0.000000,0.000000,0.000000,0
7,29200.000000,-9200.000000,400.000000,4.000000,4.000000,4.000000,0.000000,0.000000,0.000000,0
7,29600.000000,-9200.000000,400.000000,4.000000,4.000000,4.000000,0.000000,0.000000,0.000000,0
7,30000.000000,-9200.000000,400.000000,4.000000,4.000000,4.000000,0.000000,0.000000,0.000000,0
7,30400.000000,-9200.000000,400.000000,4.000000,4.000000,4.000000,0.000000,0.000000,0.000000,0
7,30800.000000,-9200.000000,400.000000,4.000000,4.000000,4.000000,0.000000,0.000000,0.000000,0
0,26000.000000,-9600.000000,400.000000,4.000000,4.000000,4.000000,0.000000,0.000000,0.000000,0
7,21200.000000,-8800.000000,400.000000,4.000000,4.000000,4.000000,0.000000,0.000000,0.000000,0
7,20800.000000,-8400.000000,400.000000,4.000000,4.000000,4.000000,0.000000,0.000000,0.000000,0
7,20400.000000,-8000.000000,400.000000,4.000000,4.000000,4.000000,0.000000,0.000000,0.000000,0
7,20000.000000,-7600.000000,400.000000,4.000000,4.000000,4.000000,0.000000,0.000000,0.000000,0
7,19600.000000,-7200.000000,400.000000,4.000000,4.000000,4.000000,0.000000,0.000000,0.000000,0
7,19200.000000,-6800.000000,400.000000,4.000000,4.000000,4.000000,0.000000,0.000000,0.000000,0
7,18800.000000,-6400.000000,400.000000,4.000000,4.000000,4.000000,0.000000,0.000000,0.000000,0
7,18400.000000,-6000.000000,400.000000,4.000000,4.000000,4.000000,0.000000,0.000000,0.000000,0
7,18000.000000,-5600.000000,400.000000,4.000000,4.000000,4.000000,0.000000,0.000000,0.000000,0
7,17600.000000,-5200.000000,400.000000,4.000000,4.000000,4.000000,0.000000,0.000000,0.000000,0
7,17200.000000,-4800.000000,400.000000,4.000000,4.000000,4.000000,0.000000,0.000000,0.000000,0
7,16800.000000,-4400.000000,400.000000,4.000000,4.000000,4.000000,0.000000,0.000000,0.000000,0
7,16400.000000,-4000.000000,400.000000,4.000000,4.000000,4.000000,0.000000,0.000000,0.000000,0
7,16000.000000,-3600.000000,400.000000,4.000000,4.000000,4.000000,0.000000,0.000000,0.000000,0
7,18000.000000,-1600.000000,400.000000,4.000000,4.000000,4.000000,0.000000,0.000000,3.141593,0
7,18400.000000,-2000.000000,400.000000,4.000000,4.000000,4.000000,0.000000,0.000000,3.141593,0
7,18800.000000,-2400.000000,400.000000,4.000000,4.000000,4.000000,0.000000,0.000000,3.141593,0
7,19200.000000,-2800.000000,400.000000,4.000000,4.000000,4.000000,0.000000,0.000000,3.141593,0
7,19600.000000,-3200.000000,400.000000,4.000000,4.000000,4.000000,0.000000,0.000000,3.141593,0
7,20000.000000,-3600.000000,400.000000,4.000000,4.000000,4.000000,0.000000,0.000000,3.141593,0
7,20400.000000,-4000.000000,400.000000,4.000000,4.000000,4.000000,0.000000,0.000000,3.141593,0
7,20800.000000,-4400.000000,400.000000,4.000000,4.000000,4.000000,0.000000,0.000000,3.141593,0
7,21200.000000,-4800.000000,400.000000,4.000000,4.000000,4.000000,0.000000,0.000000,3.141593,0
7,21600.000000,-4800.000000,400.000000,4.000000,4.000000,4.000000,0.000000,0.000000,3.141593,0
7,22000.000000,-4800.000000,400.000000,4.000000,4.000000,4.000000,0.000000,0.000000,3.141593,0
7,22400.000000,-4800.000000,400.000000,4.000000,4.000000,4.000000,0.000000,0.000000,3.141593,0
7,22800.000000,-4800.000000,400.000000,4.000000,4.000000,4.000000,0.000000,0.000000,3.141593,0
7,23200.000000,-4800.000000,400.000000,4.000000,4.000000,4.000000,0.000000,0.000000,3.141593,0
7,23600.000000,-4800.000000,400.000000,4.000000,4.000000,4.000000,0.000000,0.000000,3.141593,0
7,24000.000000,-4800.000000,400.000000,4.000000,4.000000,4.000000,0.000000,0.000000,3.141593,0
7,24400.000000,-4800.000000,400.000000,4.000000,4.000000,4.000000,0.000000,0.000000,3.141593,0
7,24800.000000,-4800.000000,400.000000,4.000000,4.000000,4.000000,0.000000,0.000000,3.141593,0
7,25200.000000,-4800.000000,400.000000,4.000000,4.000000,4.000000,0.000000,0.000000,3.141593,0
7,25600.000000,-4800.000000,400.000000,4.000000,4.000000,4.000000,0.000000,0.000000,3.141593,0
7,26000.000000,-4800.000000,400.000000,4.000000,4.000000,4.000000,0.000000,0.000000,3.141593,0
7,26400.000000,-4800.000000,400.000000,4.000000,4.000000,4.000000,0.000000,0.000000,3.141593,0
7,26800.000000,-4800.000000,400.000000,4.000000,4.000000,4.000000,0.000000,0.000000,3.141593,0
7,27200.000000,-4800.000000,400.000000,4.000000,4.000000,4.000000,0.000000,0.000000,3.141593,0
7,27600.000000,-4800.000000,400.000000,4.000000,4.000000,4.000000,0.000000,0.000000,3.141593,0
7,28000.000000,-4800.000000,400.000000,4.000000,4.000000,4.000000,0.000000,0.000000,3.141593,0
7,28400.000000,-4800.000000,400.000000,4.000000,4.000000,4.000000,0.000000,0.000000,3.141593,0
7,31200.000000,-1600.000000,400.000000,4.000000,4.000000,4.000000,0.000000,0.000000,1.570796,0
7,31200.000000,-2000.000000,400.000000,4.000000,4.000000,4.000000,0.000000,0.000000,1.570796,0
7,31200.000000,-2400.000000,400.000000,4.000000,4.000000,4.000000,0.000000,0.000000,1.570796,0
7,31200.000000,-2800.000000,400.000000,4.000000,4.000000,4.000000,0.000000,0.000000,1.570796,0
7,31200.000000,-3200.000000,400.000000,4.000000,4.000000,4.000000,0.000000,0.000000,1.570796,0
7,31200.000000,-3600.000000,400.000000,4.000000,4.000000,4.000000,0.000000,0.000000,1.570796,0
7,31200.000000,-4000.000000,400.000000,4.000000,4.000000,4.000000,0.000000,0.000000,1.570796,0
7,31200.000000,-4400.000000,400.000000,4.000000,4.000000,4.000000,0.000000,0.000000,1.570796,0
7,31200.000000,-4800.000000,400.000000,4.000000,4.000000,4.000000,0.000000,0.000000,1.570796,0
7,31200.000000,-5200.000000,400.000000,4.000000,4.000000,4.000000,0.000000,0.000000,1.570796,0
7,31200.000000,-5600.000000,400.000000,4.000000,4.000000,4.000000,0.000000,0.000000,1.570796,0
7,31200.000000,-6000.000000,400.000000,4.000000,4.000000,4.000000,0.000000,0.000000,1.570796,0
7,31200.000000,-6400.000000,400.000000,4.000000,4.000000,4.000000,0.000000,0.000000,1.570796,0
7,31200.000000,-6800.000000,400.000000,4.000000,4.000000,4.000000,0.000000,0.000000,1.570796,0
7,31200.000000,-7200.000000,400.000000,4.000000,4.000000,4.000000,0.000000,0.000000,1.570796,0
7,31200.000000,-7600.000000,400.000000,4.000000,4.000000,4.000000,0.000000,0.000000,1.570796,0
7,31200.000000,-8000.000000,400.000000,4.000000,4.000000,4.000000,0.000000,0.000000,1.570796,0
7,31200.000000,-8400.000000,400.000000,4.000000,4.000000,4.000000,0.000000,0.000000,1.570796,0
7,31200.000000,-8800.000000,400.000000,4.000000,4.000000,4.000000,0.000000,0.000000,1.570796,0
7,31200.000000,-9200.000000,400.000000,4.000000,4.000000,4.000000,0.000000,0.000000,1.570796,0
7,28800.000000,-4400.000000,400.000000,4.000000,4.000000,4.000000,0.000000,0.000000,-1.570796,0
7,28800.000000,-4000.000000,400.000000,4.000000,4.000000,4.000000,0.000000,0.000000,-1.570796,0
7,28800.000000,-3600.000000,400.000000,4.000000,4.000000,4.000000,0.000000,0.000000,-1.570796,0
7,28800.000000,-3200.000000,400.000000,4.000000,4.000000,4.000000,0.000000,0.000000,-1.570796,0
7,28800.000000,-2800.000000,400.000000,4.000000,4.000000,4.000000,0.000000,0.000000,-1.570796,0
7,28800.000000,-2400.000000,400.000000,4.000000,4.000000,4.000000,0.000000,0.000000,-1.570796,0
7,28800.000000,-2000.000000,400.000000,4.000000,4.000000,4.000000,0.000000,0.000000,-1.570796,0
7,28800.000000,-1600.000000,400.000000,4.000000,4.000000,4.000000,0.000000,0.000000,-1.570796,0
7,28800.000000,-1200.000000,400.000000,4.000000,4.000000,4.000000,0.000000,0.000000,-1.570796,0
7,28800.000000,-800.000000,400.000000,4.000000,4.000000,4.000000,0.000000,0.000000,-1.570796,0
7,28800.000000,-400.000000,400.000000,4.000000,4.000000,4.000000,0.000000,0.000000,-1.570796,0
7,28800.000000,0.000000,400.000000,4.000000,4.000000,4.000000,0.000000,0.000000,-1.570796,0
7,28800.000000,400.000000,400.000000,4.000000,4.000000,4.000000,0.000000,0.000000,-1.570796,0
7,28800.000000,800.000000,400.000000,4.000000,4.000000,4.000000,0.000000,0.000000,-1.570796,0
7,34800.000000,-2000.000000,400.000000,4.000000,4.000000,4.000000,0.000000,0.000000,-1.570796,0
7,34800.000000,-2400.000000,400.000000,4.000000,4.000000,4.000000,0.000000,0.000000,-1.570796,0
7,34800.000000,-2800.000000,400.000000,4.000000,4.000000,4.000000,0.000000,0.000000,-1.570796,0
7,34800.000000,-3200.000000,400.000000,4.000000,4.000000,4.000000,0.000000,0.000000,-1.570796,0
7,34800.000000,-3600.000000,400.000000,4.000000,4.000000,4.000000,0.000000,0.000000,-1.570796,0
7,34800.000000,-4000.000000,400.000000,4.000000,4.000000,4.000000,0.000000,0.000000,-1.570796,0
7,34800.000000,-4400.000000,400.000000,4.000000,4.000000,4.000000,0.000000,0.000000,-1.570796,0
7,34800.000000,-4800.000000,400.000000,4.000000,4.000000,4.000000,0.000000,0.000000,-1.570796,0
7,34800.000000,-5200.000000,400.000000,4.000000,4.000000,4.000000,0.000000,0.000000,-1.570796,0
7,34800.000000,-5600.000000,400.000000,4.000000,4.000000,4.000000,0.000000,0.000000,-1.570796,0
7,34800.000000,-6000.000000,400.000000,4.000000,4.000000,4.000000,0.000000,0.000000,-1.570796,0
7,34800.000000,-6400.000000,400.000000,4.000000,4.000000,4.000000,0.000000,0.000000,-1.570796,0
7,34800.000000,-6800.000000,400.000000,4.000000,4.000000,4.000000,0.000000,0.000000,-1.570796,0
7,34800.000000,-7200.000000,400.000000,4.000000,4.000000,4.000000,0.000000,0.000000,-1.570796,0
7,35200.000000,-7200.000000,0.000000,4.000000,4.000000,4.000000,0.000000,0.000000,0.000000,0
7,35600.000000,-7200.000000,0.000000,4.000000,4.000000,4.000000,0.000000,0.000000,0.000000,0
7,36000.000000,-7200.000000,0.000000,4.000000,4.000000,4.000000,0.000000,0.000000,0.000000,0
7,36400.000000,-7200.000000,0.000000,4.000000,4.000000,4.000000,0.000000,0.000000,0.000000,0
7,36800.000000,-7200.000000,0.000000,4.000000,4.000000,4.000000,0.000000,0.000000,0.000000,0
7,37200.000000,-7200.000000,0.000000,4.000000,4.000000,4.000000,0.000000,0.000000,0.000000,0
7,40800.000000,-7200.000000,0.000000,4.000000,4.000000,4.000000,0.000000,0.000000,0.000000,0
7,41200.000000,-7200.000000,0.000000,4.000000,4.000000,4.000000,0.000000,0.000000,0.000000,0
7,41600.000000,-7200.000000,0.000000,4.000000,4.000000,4.000000,0.000000,0.000000,0.000000,0
7,42000.000000,-7200.000000,0.000000,4.000000,4.000000,4.000000,0.000000,0.000000,0.000000,0
7,42400.000000,-7200.000000,0.000000,4.000000,4.000000,4.000000,0.000000,0.000000,0.000000,0
7,42800.000000,-7200.000000,0.000000,4.000000,4.000000,4.000000,0.000000,0.000000,0.000000,0
7,43200.000000,-7200.000000,0.000000,4.000000,4.000000,4.000000,0.000000,0.000000,0.000000,0
7,48400.000000,-7200.000000,0.000000,4.000000,4.000000,4.000000,0.000000,0.000000,0.000000,0
7,48800.000000,-7200.000000,0.000000,4.000000,4.000000,4.000000,0.000000,0.000000,0.000000,0
7,48800.000000,-7200.000000,400.000000,4.000000,4.000000,4.000000,0.000000,0.000000,0.000000,0
7,48400.000000,-7200.000000,400.000000,4.000000,4.000000,4.000000,0.000000,0.000000,0.000000,0
7,43200.000000,-7200.000000,400.000000,4.000000,4.000000,4.000000,0.000000,0.000000,0.000000,0
7,42800.000000,-7200.000000,400.000000,4.000000,4.000000,4.000000,0.000000,0.000000,0.000000,0
7,42400.000000,-7200.000000,400.000000,4.000000,4.000000,4.000000,0.000000,0.000000,0.000000,0
7,42000.000000,-7200.000000,400.000000,4.000000,4.000000,4.000000,0.000000,0.000000,0.000000,0
7,41600.000000,-7200.000000,400.000000,4.000000,4.000000,4.000000,0.000000,0.000000,0.000000,0
7,41200.000000,-7200.000000,400.000000,4.000000,4.000000,4.000000,0.000000,0.000000,0.000000,0
7,40800.000000,-7200.000000,400.000000,4.000000,4.000000,4.000000,0.000000,0.000000,0.000000,0
7,37200.000000,-7200.000000,400.000000,4.000000,4.000000,4.000000,0.000000,0.000000,0.000000,0
7,36800.000000,-7200.000000,400.000000,4.000000,4.000000,4.000000,0.000000,0.000000,0.000000,0
7,36400.000000,-7200.000000,400.000000,4.000000,4.000000,4.000000,0.000000,0.000000,0.000000,0
7,36000.000000,-7200.000000,400.000000,4.000000,4.000000,4.000000,0.000000,0.000000,0.000000,0
7,35600.000000,-7200.000000,400.000000,4.000000,4.000000,4.000000,0.000000,0.000000,0.000000,0
7,35200.000000,-7200.000000,400.000000,4.000000,4.000000,4.000000,0.000000,0.000000,0.000000,0
24,34400.000000,-2000.000000,-400.000000,4.000000,4.000000,4.000000,0.000000,0.000000,-1.570796,0
24,36400.000000,-2000.000000,-400.000000,4.000000,4.000000,4.000000,0.000000,0.000000,-1.570796,0
24,37600.000000,-4400.000000,-400.000000,4.000000,4.000000,4.000000,0.000000,0.000000,0.000000,0
24,42000.000000,-5600.000000,-400.000000,4.000000,4.000000,4.000000,0.000000,0.000000,0.000000,0
24,46800.000000,-4400.000000,-400.000000,4.000000,4.000000,4.000000,0.000000,0.000000,0.000000,0
24,40800.000000,-2800.000000,-400.000000,4.000000,4.000000,4.000000,0.000000,0.000000,0.000000,0
24,40000.000000,-7600.000000,-400.000000,4.000000,4.000000,4.000000,0.000000,0.000000,0.000000,0
24,31600.000000,-4400.000000,-400.000000,4.000000,4.000000,4.000000,0.000000,0.000000,1.570796,0
