0,2800.000000,1600.000000,4800.000000,4.000000,4.000000,4.000000,0.000000,0.000000,0.000000,0
0,2400.000000,1600.000000,4800.000000,4.000000,4.000000,4.000000,0.000000,0.000000,0.000000,0
0,800.000000,2000.000000,4800.000000,4.000000,4.000000,4.000000,0.000000,0.000000,0.000000,0
0,800.000000,1600.000000,4800.000000,4.000000,4.000000,4.000000,0.000000,0.000000,0.000000,0
0,1200.000000,1600.000000,4800.000000,4.000000,4.000000,4.000000,0.000000,0.000000,0.000000,0
0,1600.000000,1600.000000,4800.000000,4.000000,4.000000,4.000000,0.000000,0.000000,0.000000,0
0,2000.000000,1600.000000,4800.000000,4.000000,4.000000,4.000000,0.000000,0.000000,0.000000,0
0,1600.000000,2000.000000,4800.000000,4.000000,4.000000,4.000000,0.000000,0.000000,0.000000,0
0,2000.000000,2000.000000,4800.000000,4.000000,4.000000,4.000000,0.000000,0.000000,0.000000,0
0,2400.000000,2000.000000,4800.000000,4.000000,4.000000,4.000000,0.000000,0.000000,0.000000,0
0,2800.000000,2000.000000,4800.000000,4.000000,4.000000,4.000000,0.000000,0.000000,0.000000,0
0,0.000000,800.000000,4800.000000,4.000000,4.000000,4.000000,0.000000,0.000000,0.000000,0
0,400.000000,800.000000,4800.000000,4.000000,4.000000,4.000000,0.000000,0.000000,0.000000,0
0,400.000000,400.000000,4800.000000,4.000000,4.000000,4.000000,0.000000,0.000000,0.000000,0
0,-2800.000000,400.000000,4800.000000,4.000000,4.000000,4.000000,0.000000,0.000000,0.000000,0
0,-2400.000000,400.000000,4800.000000,4.000000,4.000000,4.000000,0.000000,0.000000,0.000000,0
0,-2000.000000,400.000000,4800.000000,4.000000,4.000000,4.000000,0.000000,0.000000,0.000000,0
0,-1600.000000,400.000000,4800.000000,4.000000,4.000000,4.000000,0.000000,0.000000,0.000000,0
0,-1200.000000,400.000000,4800.000000,4.000000,4.000000,4.000000,0.000000,0.000000,0.000000,0
0,-800.000000,400.000000,4800.000000,4.000000,4.000000,4.000000,0.000000,0.000000,0.000000,0
0,-400.000000,400.000000,4800.000000,4.000000,4.000000,4.000000,0.000000,0.000000,0.000000,0
0,0.000000,400.000000,4800.000000,4.000000,4.000000,4.000000,0.000000,0.000000,0.000000,0
0,-4400.000000,-400.000000,2800.000000,4.000000,4.000000,4.000000,0.000000,0.000000,0.000000,0
0,-4000.000000,-400.000000,2800.000000,4.000000,4.000000,4.000000,0.000000,0.000000,0.000000,0
0,-3600.000000,-400.000000,2800.000000,4.000000,4.000000,4.000000,0.000000,0.000000,0.000000,0
0,-3200.000000,-400.000000,2800.000000,4.000000,4.000000,4.000000,0.000000,0.000000,0.000000,0
0,-2800.000000,-400.000000,2800.000000,4.000000,4.000000,4.000000,0.000000,0.000000,0.000000,0
0,-2400.000000,-400.000000,2800.000000,4.000000,4.000000,4.000000,0.000000,0.000000,0.000000,0
0,-2000.000000,-400.000000,2800.000000,4.000000,4.000000,4.000000,0.000000,0.000000,0.000000,0
0,-1600.000000,-400.000000,2800.000000,4.000000,4.000000,4.000000,0.000000,0.000000,0.000000,0
0,-1200.000000,-400.000000,2800.000000,4.000000,4.000000,4.000000,0.000000,0.000000,0.000000,0
0,-800.000000,-400.000000,2800.000000,4.000000,4.000000,4.000000,0.000000,0.000000,0.000000,0
0,-400.000000,-400.000000,2800.000000,4.000000,4.000000,4.000000,0.000000,0.000000,0.000000,0
0,0.000000,-400.000000,2800.000000,4.000000,4.000000,4.000000,0.000000,0.000000,0.000000,0
0,400.000000,-400.000000,2800.000000,4.000000,4.000000,4.000000,0.000000,0.000000,0.000000,0
0,800.000000,-400.000000,2800.000000,4.000000,4.000000,4.000000,0.000000,0.000000,0.000000,0
0,1200.000000,-400.000000,2800.000000,4.000000,4.000000,4.000000,0.000000,0.000000,0.000000,0
0,1600.000000,-400.000000,2800.000000,4.000000,4.000000,4.000000,0.000000,0.000000,0.000000,0
0,2800.000000,400.000000,2800.000000,4.000000,4.000000,4.000000,0.000000,0.000000,0.000000,0
0,3200.000000,400.000000,2800.000000,4.000000,4.000000,4.000000,0.000000,0.000000,0.000000,0
0,3600.000000,400.000000,2800.000000,4.000000,4.000000,4.000000,0.000000,0.000000,0.000000,0
0,4000.000000,400.000000,2800.000000,4.000000,4.000000,4.000000,0.000000,0.000000,0.000000,0
0,4400.000000,400.000000,2800.000000,4.000000,4.000000,4.000000,0.000000,0.000000,0.000000,0
0,4800.000000,400.000000,2800.000000,4.000000,4.000000,4.000000,0.000000,0.000000,0.000000,0
0,5200.000000,400.000000,2800.000000,4.000000,4.000000,4.000000,0.000000,0.000000,0.000000,0
0,2800.000000,0.000000,2800.000000,4.000000,4.000000,4.000000,0.000000,0.000000,0.000000,0
0,2400.000000,0.000000,2800.000000,4.000000,4.000000,4.000000,0.000000,0.000000,0.000000,0
0,2000.000000,0.000000,2800.000000,4.000000,4.000000,4.000000,0.000000,0.000000,0.000000,0
0,5600.000000,400.000000,2800.000000,4.000000,4.000000,4.000000,0.000000,0.000000,0.000000,0
0,6000.000000,400.000000,2800.000000,4.000000,4.000000,4.000000,0.000000,0.000000,0.000000,0
0,6400.000000,400.000000,2800.000000,4.000000,4.000000,4.000000,0.000000,0.000000,0.000000,0
0,6800.000000,400.000000,2800.000000,4.000000,4.000000,4.000000,0.000000,0.000000,0.000000,0
0,7200.000000,400.000000,2800.000000,4.000000,4.000000,4.000000,0.000000,0.000000,0.000000,0
0,7600.000000,400.000000,2800.000000,4.000000,4.000000,4.000000,0.000000,0.000000,0.000000,0
0,8000.000000,400.000000,2800.000000,4.000000,4.000000,4.000000,0.000000,0.000000,0.000000,0
0,8400.000000,400.000000,2800.000000,4.000000,4.000000,4.000000,0.000000,0.000000,0.000000,0
0,8400.000000,800.000000,2800.000000,4.000000,4.000000,4.000000,0.000000,0.000000,0.000000,0
0,8400.000000,1200.000000,2800.000000,4.000000,4.000000,4.000000,0.000000,0.000000,0.000000,0
0,8400.000000,1600.000000,2800.000000,4.000000,4.000000,4.000000,0.000000,0.000000,0.000000,0
0,8400.000000,2000.000000,2800.000000,4.000000,4.000000,4.000000,0.000000,0.000000,0.000000,0
0,8400.000000,2400.000000,2800.000000,4.000000,4.000000,4.000000,0.000000,0.000000,0.000000,0
0,8400.000000,2800.000000,2800.000000,4.000000,4.000000,4.000000,0.000000,0.000000,0.000000,0
0,8400.000000,3200.000000,2800.000000,4.000000,4.000000,4.000000,0.000000,0.000000,0.000000,0
0,8400.000000,3600.000000,2800.000000,4.000000,4.000000,4.000000,0.000000,0.000000,0.000000,0
0,8400.000000,4000.000000,2800.000000,4.000000,4.000000,4.000000,0.000000,0.000000,0.000000,0
0,8400.000000,4400.000000,2800.000000,4.000000,4.000000,4.000000,0.000000,0.000000,0.000000,0
0,8400.000000,4800.000000,2800.000000,4.000000,4.000000,4.000000,0.000000,0.000000,0.000000,0
0,8400.000000,5200.000000,2800.000000,4.000000,4.000000,4.000000,0.000000,0.000000,0.000000,0
0,8000.000000,5200.000000,2800.000000,4.000000,4.000000,4.000000,0.000000,0.000000,0.000000,0
0,7600.000000,5200.000000,2800.000000,4.000000,4.000000,4.000000,0.000000,0.000000,0.000000,0
0,7200.000000,5200.000000,2800.000000,4.000000,4.000000,4.000000,0.000000,0.000000,0.000000,0
0,6800.000000,5200.000000,2800.000000,4.000000,4.000000,4.000000,0.000000,0.000000,0.000000,0
0,6400.000000,5200.000000,2800.000000,4.000000,4.000000,4.000000,0.000000,0.000000,0.000000,0
0,6000.000000,5200.000000,2800.000000,4.000000,4.000000,4.000000,0.000000,0.000000,0.000000,0
0,5600.000000,5200.000000,2800.000000,4.000000,4.000000,4.000000,0.000000,0.000000,0.000000,0
0,5200.000000,5200.000000,2800.000000,4.000000,4.000000,4.000000,0.000000,0.000000,0.000000,0
0,4800.000000,5200.000000,2800.000000,4.000000,4.000000,4.000000,0.000000,0.000000,0.000000,0
0,4400.000000,5200.000000,2800.000000,4.000000,4.000000,4.000000,0.000000,0.000000,0.000000,0
0,4000.000000,5200.000000,2800.000000,4.000000,4.000000,4.000000,0.000000,0.000000,0.000000,0
0,3600.000000,5200.000000,2800.000000,4.000000,4.000000,4.000000,0.000000,0.000000,0.000000,0
0,3600.000000,5600.000000,2800.000000,4.000000,4.000000,4.000000,0.000000,0.000000,0.000000,0
0,3600.000000,6000.000000,2800.000000,4.000000,4.000000,4.000000,0.000000,0.000000,0.000000,0
0,3600.000000,6400.000000,2800.000000,4.000000,4.000000,4.000000,0.000000,0.000000,0.000000,0
0,4400.000000,7200.000000,2800.000000,4.000000,4.000000,4.000000,0.000000,0.000000,0.000000,0
0,4800.000000,7200.000000,2800.000000,4.000000,4.000000,4.000000,0.000000,0.000000,0.000000,0
0,5200.000000,7200.000000,2800.000000,4.000000,4.000000,4.000000,0.000000,0.000000,0.000000,0
0,5600.000000,7200.000000,2800.000000,4.000000,4.000000,4.000000,0.000000,0.000000,0.000000,0
0,6000.000000,7200.000000,2800.000000,4.000000,4.000000,4.000000,0.000000,0.000000,0.000000,0
0,6000.000000,7600.000000,2800.000000,4.000000,4.000000,4.000000,0.000000,0.000000,0.000000,0
0,6400.000000,7600.000000,2800.000000,4.000000,4.000000,4.000000,0.000000,0.000000,0.000000,0
0,6400.000000,8000.000000,2800.000000,4.000000,4.000000,4.000000,0.000000,0.000000,0.000000,0
0,6800.000000,8000.000000,2800.000000,4.000000,4.000000,4.000000,0.000000,0.000000,0.000000,0
0,6800.000000,8400.000000,2800.000000,4.000000,4.000000,4.000000,0.000000,0.000000,0.000000,0
0,7200.000000,8800.000000,2800.000000,4.000000,4.000000,4.000000,0.000000,0.000000,0.000000,0
0,7200.000000,9200.000000,2800.000000,4.000000,4.000000,4.000000,0.000000,0.000000,0.000000,0
0,7600.000000,9200.000000,2800.000000,4.000000,4.000000,4.000000,0.000000,0.000000,0.000000,0
0,7600.000000,9600.000000,2800.000000,4.000000,4.000000,4.000000,0.000000,0.000000,0.000000,0
0,7600.000000,10000.000000,2800.000000,4.000000,4.000000,4.000000,0.000000,0.000000,0.000000,0
0,4000.000000,6800.000000,2800.000000,4.000000,4.000000,4.000000,0.000000,0.000000,0.000000,0
0,3200.000000,2000.000000,4800.000000,4.000000,4.000000,4.000000,0.000000,0.000000,0.000000,0
0,3600.000000,2000.000000,4800.000000,4.000000,4.000000,4.000000,0.000000,0.000000,0.000000,0
0,4000.000000,2000.000000,4800.000000,4.000000,4.000000,4.000000,0.000000,0.000000,0.000000,0
0,4400.000000,2000.000000,4800.000000,4.000000,4.000000,4.000000,0.000000,0.000000,0.000000,0
0,4800.000000,2000.000000,4800.000000,4.000000,4.000000,4.000000,0.000000,0.000000,0.000000,0
0,4800.000000,2400.000000,4800.000000,4.000000,4.000000,4.000000,0.000000,0.000000,0.000000,0
0,5200.000000,2400.000000,4800.000000,4.000000,4.000000,4.000000,0.000000,0.000000,0.000000,0
0,5200.000000,2800.000000,4800.000000,4.000000,4.000000,4.000000,0.000000,0.000000,0.000000,0
0,5600.000000,2800.000000,4800.000000,4.000000,4.000000,4.000000,0.000000,0.000000,0.000000,0
0,5600.000000,3200.000000,4800.000000,4.000000,4.000000,4.000000,0.000000,0.000000,0.000000,0
0,6000.000000,3200.000000,4800.000000,4.000000,4.000000,4.000000,0.000000,0.000000,0.000000,0
0,6400.000000,3200.000000,4800.000000,4.000000,4.000000,4.000000,0.000000,0.000000,0.000000,0
0,6800.000000,3200.000000,4800.000000,4.000000,4.000000,4.000000,0.000000,0.000000,0.000000,0
0,7200.000000,3200.000000,4800.000000,4.000000,4.000000,4.000000,0.000000,0.000000,0.000000,0
0,7600.000000,3200.000000,4800.000000,4.000000,4.000000,4.000000,0.000000,0.000000,0.000000,0
0,8000.000000,3200.000000,4800.000000,4.000000,4.000000,4.000000,0.000000,0.000000,0.000000,0
0,8400.000000,3200.000000,4800.000000,4.000000,4.000000,4.000000,0.000000,0.000000,0.000000,0
0,8400.000000,3600.000000,4800.000000,4.000000,4.000000,4.000000,0.000000,0.000000,0.000000,0
0,8400.000000,4000.000000,4800.000000,4.000000,4.000000,4.000000,0.000000,0.000000,0.000000,0
0,8400.000000,4400.000000,4800.000000,4.000000,4.000000,4.000000,0.000000,0.000000,0.000000,0
0,8400.000000,4800.000000,4800.000000,4.000000,4.000000,4.000000,0.000000,0.000000,0.000000,0
0,8400.000000,5200.000000,4800.000000,4.000000,4.000000,4.000000,0.000000,0.000000,0.000000,0
0,-4400.000000,-400.000000,3200.000000,4.000000,4.000000,4.000000,0.000000,0.000000,0.000000,0
0,-4000.000000,-400.000000,3200.000000,4.000000,4.000000,4.000000,0.000000,0.000000,0.000000,0
0,-3600.000000,-400.000000,3200.000000,4.000000,4.000000,4.000000,0.000000,0.000000,0.000000,0
0,-3200.000000,-400.000000,3200.000000,4.000000,4.000000,4.000000,0.000000,0.000000,0.000000,0
0,-2800.000000,-400.000000,3200.000000,4.000000,4.000000,4.000000,0.000000,0.000000,0.000000,0
0,-2400.000000,-400.000000,3200.000000,4.000000,4.000000,4.000000,0.000000,0.000000,0.000000,0
0,-2000.000000,-400.000000,3200.000000,4.000000,4.000000,4.000000,0.000000,0.000000,0.000000,0
0,-1600.000000,-400.000000,3200.000000,4.000000,4.000000,4.000000,0.000000,0.000000,0.000000,0
0,-1200.000000,-400.000000,3200.000000,4.000000,4.000000,4.000000,0.000000,0.000000,0.000000,0
0,-800.000000,-400.000000,3200.000000,4.000000,4.000000,4.000000,0.000000,0.000000,0.000000,0
0,-400.000000,-400.000000,3200.000000,4.000000,4.000000,4.000000,0.000000,0.000000,0.000000,0
0,0.000000,-400.000000,3200.000000,4.000000,4.000000,4.000000,0.000000,0.000000,0.000000,0
0,400.000000,-400.000000,3200.000000,4.000000,4.000000,4.000000,0.000000,0.000000,0.000000,0
0,800.000000,-400.000000,3200.000000,4.000000,4.000000,4.000000,0.000000,0.000000,0.000000,0
0,1200.000000,-400.000000,3200.000000,4.000000,4.000000,4.000000,0.000000,0.000000,0.000000,0
0,1600.000000,-400.000000,3200.000000,4.000000,4.000000,4.000000,0.000000,0.000000,0.000000,0
0,2000.000000,0.000000,3200.000000,4.000000,4.000000,4.000000,0.000000,0.000000,0.000000,0
0,2400.000000,0.000000,3200.000000,4.000000,4.000000,4.000000,0.000000,0.000000,0.000000,0
0,2800.000000,0.000000,3200.000000,4.000000,4.000000,4.000000,0.000000,0.000000,0.000000,0
0,2800.000000,400.000000,3200.000000,4.000000,4.000000,4.000000,0.000000,0.000000,0.000000,0
0,3200.000000,400.000000,3200.000000,4.000000,4.000000,4.000000,0.000000,0.000000,0.000000,0
0,3600.000000,400.000000,3200.000000,4.000000,4.000000,4.000000,0.000000,0.000000,0.000000,0
0,4000.000000,400.000000,3200.000000,4.000000,4.000000,4.000000,0.000000,0.000000,0.000000,0
0,4400.000000,400.000000,3200.000000,4.000000,4.000000,4.000000,0.000000,0.000000,0.000000,0
0,4800.000000,400.000000,3200.000000,4.000000,4.000000,4.000000,0.000000,0.000000,0.000000,0
0,5200.000000,400.000000,3200.000000,4.000000,4.000000,4.000000,0.000000,0.000000,0.000000,0
0,5600.000000,400.000000,3200.000000,4.000000,4.000000,4.000000,0.000000,0.000000,0.000000,0
0,6000.000000,400.000000,3200.000000,4.000000,4.000000,4.000000,0.000000,0.000000,0.000000,0
0,6400.000000,400.000000,3200.000000,4.000000,4.000000,4.000000,0.000000,0.000000,0.000000,0
0,6800.000000,400.000000,3200.000000,4.000000,4.000000,4.000000,0.000000,0.000000,0.000000,0
0,7200.000000,400.000000,3200.000000,4.000000,4.000000,4.000000,0.000000,0.000000,0.000000,0
0,7600.000000,400.000000,3200.000000,4.000000,4.000000,4.000000,0.000000,0.000000,0.000000,0
0,8000.000000,400.000000,3200.000000,4.000000,4.000000,4.000000,0.000000,0.000000,0.000000,0
0,8400.000000,400.000000,3200.000000,4.000000,4.000000,4.000000,0.000000,0.000000,0.000000,0
0,8400.000000,800.000000,3200.000000,4.000000,4.000000,4.000000,0.000000,0.000000,0.000000,0
0,8400.000000,1200.000000,3200.000000,4.000000,4.000000,4.000000,0.000000,0.000000,0.000000,0
0,8400.000000,1600.000000,3200.000000,4.000000,4.000000,4.000000,0.000000,0.000000,0.000000,0
0,8400.000000,2000.000000,3200.000000,4.000000,4.000000,4.000000,0.000000,0.000000,0.000000,0
0,8400.000000,2400.000000,3200.000000,4.000000,4.000000,4.000000,0.000000,0.000000,0.000000,0
0,8400.000000,2800.000000,3200.000000,4.000000,4.000000,4.000000,0.000000,0.000000,0.000000,0
0,8400.000000,3200.000000,3200.000000,4.000000,4.000000,4.000000,0.000000,0.000000,0.000000,0
0,8400.000000,3600.000000,3200.000000,4.000000,4.000000,4.000000,0.000000,0.000000,0.000000,0
0,8400.000000,4000.000000,3200.000000,4.000000,4.000000,4.000000,0.000000,0.000000,0.000000,0
0,8400.000000,4400.000000,3200.000000,4.000000,4.000000,4.000000,0.000000,0.000000,0.000000,0
0,8400.000000,4800.000000,3200.000000,4.000000,4.000000,4.000000,0.000000,0.000000,0.000000,0
0,8400.000000,5200.000000,3200.000000,4.000000,4.000000,4.000000,0.000000,0.000000,0.000000,0
0,8000.000000,5200.000000,3200.000000,4.000000,4.000000,4.000000,0.000000,0.000000,0.000000,0
0,7600.000000,5200.000000,3200.000000,4.000000,4.000000,4.000000,0.000000,0.000000,0.000000,0
0,7200.000000,5200.000000,3200.000000,4.000000,4.000000,4.000000,0.000000,0.000000,0.000000,0
0,6800.000000,5200.000000,3200.000000,4.000000,4.000000,4.000000,0.000000,0.000000,0.000000,0
0,6400.000000,5200.000000,3200.000000,4.000000,4.000000,4.000000,0.000000,0.000000,0.000000,0
0,5200.000000,5200.000000,3200.000000,4.000000,4.000000,4.000000,0.000000,0.000000,0.000000,0
0,4800.000000,5200.000000,3200.000000,4.000000,4.000000,4.000000,0.000000,0.000000,0.000000,0
0,5600.000000,5200.000000,3200.000000,4.000000,4.000000,4.000000,0.000000,0.000000,0.000000,0
0,6000.000000,5200.000000,3200.000000,4.000000,4.000000,4.000000,0.000000,0.000000,0.000000,0
0,4400.000000,5200.000000,3200.000000,4.000000,4.000000,4.000000,0.000000,0.000000,0.000000,0
0,4000.000000,5200.000000,3200.000000,4.000000,4.000000,4.000000,0.000000,0.000000,0.000000,0
0,3600.000000,5200.000000,3200.000000,4.000000,4.000000,4.000000,0.000000,0.000000,0.000000,0
0,3600.000000,5600.000000,3200.000000,4.000000,4.000000,4.000000,0.000000,0.000000,0.000000,0
0,3600.000000,6000.000000,3200.000000,4.000000,4.000000,4.000000,0.000000,0.000000,0.000000,0
0,3600.000000,6400.000000,3200.000000,4.000000,4.000000,4.000000,0.000000,0.000000,0.000000,0
0,3600.000000,6800.000000,3200.000000,4.000000,4.000000,4.000000,0.000000,0.000000,0.000000,0
0,4000.000000,6800.000000,3200.000000,4.000000,4.000000,4.000000,0.000000,0.000000,0.000000,0
0,4400.000000,7200.000000,3200.000000,4.000000,4.000000,4.000000,0.000000,0.000000,0.000000,0
0,4800.000000,7200.000000,3200.000000,4.000000,4.000000,4.000000,0.000000,0.000000,0.000000,0
0,5200.000000,7200.000000,3200.000000,4.000000,4.000000,4.000000,0.000000,0.000000,0.000000,0
0,5600.000000,7200.000000,3200.000000,4.000000,4.000000,4.000000,0.000000,0.000000,0.000000,0
0,5600.000000,7600.000000,3200.000000,4.000000,4.000000,4.000000,0.000000,0.000000,0.000000,0
0,6000.000000,7600.000000,3200.000000,4.000000,4.000000,4.000000,0.000000,0.000000,0.000000,0
0,6400.000000,7600.000000,3200.000000,4.000000,4.000000,4.000000,0.000000,0.000000,0.000000,0
0,6400.000000,8000.000000,3200.000000,4.000000,4.000000,4.000000,0.000000,0.000000,0.000000,0
0,6400.000000,8400.000000,3200.000000,4.000000,4.000000,4.000000,0.000000,0.000000,0.000000,0
0,6400.000000,8800.000000,3200.000000,4.000000,4.000000,4.000000,0.000000,0.000000,0.000000,0
0,6800.000000,8800.000000,3200.000000,4.000000,4.000000,4.000000,0.000000,0.000000,0.000000,0
0,6800.000000,9200.000000,3200.000000,4.000000,4.000000,4.000000,0.000000,0.000000,0.000000,0
0,7200.000000,9200.000000,3200.000000,4.000000,4.000000,4.000000,0.000000,0.000000,0.000000,0
0,7200.000000,9600.000000,3200.000000,4.000000,4.000000,4.000000,0.000000,0.000000,0.000000,0
0,7200.000000,10000.000000,3200.000000,4.000000,4.000000,4.000000,0.000000,0.000000,0.000000,0
0,7600.000000,10000.000000,3200.000000,4.000000,4.000000,4.000000,0.000000,0.000000,0.000000,0
0,7600.000000,10400.000000,3200.000000,4.000000,4.000000,4.000000,0.000000,0.000000,0.000000,0
6,-400.000000,400.000000,-400.000000,54.000000,4.000000,4.000000,0.000000,0.000000,0.000000,0
6,1200.000000,-1600.000000,-400.000000,34.000000,4.000000,4.000000,0.000000,0.000000,0.000000,0
8,2000.000000,-400.000000,400.000000,4.000000,4.000000,4.000000,0.000000,0.000000,0.000000,0
8,2000.000000,-800.000000,400.000000,4.000000,4.000000,4.000000,0.000000,0.000000,0.000000,0
8,2000.000000,-1200.000000,400.000000,4.000000,4.000000,4.000000,0.000000,0.000000,0.000000,0
0,10000.000000,0.000000,0.000000,4.000000,4.000000,4.000000,0.000000,0.000000,0.000000,0
0,10000.000000,400.000000,0.000000,4.000000,4.000000,4.000000,0.000000,0.000000,0.000000,0
0,10000.000000,800.000000,0.000000,4.000000,4.000000,4.000000,0.000000,0.000000,0.000000,0
0,10000.000000,1200.000000,0.000000,4.000000,4.000000,4.000000,0.000000,0.000000,0.000000,0
0,10000.000000,1600.000000,0.000000,4.000000,4.000000,4.000000,0.000000,0.000000,0.000000,0
0,10000.000000,2000.000000,0.000000,4.000000,4.000000,4.000000,0.000000,0.000000,0.000000,0
0,10000.000000,-2000.000000,0.000000,4.000000,4.000000,4.000000,0.000000,0.000000,0.000000,0
0,10000.000000,-2400.000000,0.000000,4.000000,4.000000,4.000000,0.000000,0.000000,0.000000,0
0,10000.000000,-2800.000000,0.000000,4.000000,4.000000,4.000000,0.000000,0.000000,0.000000,0
0,10000.000000,-3200.000000,0.000000,4.000000,4.000000,4.000000,0.000000,0.000000,0.000000,0
0,10000.000000,-3600.000000,0.000000,4.000000,4.000000,4.000000,0.000000,0.000000,0.000000,0
0,10400.000000,2000.000000,0.000000,4.000000,4.000000,4.000000,0.000000,0.000000,0.000000,0
0,10800.000000,2000.000000,0.000000,4.000000,4.000000,4.000000,0.000000,0.000000,0.000000,0
0,11200.000000,2000.000000,0.000000,4.000000,4.000000,4.000000,0.000000,0.000000,0.000000,0
0,11600.000000,2000.000000,0.000000,4.000000,4.000000,4.000000,0.000000,0.000000,0.000000,0
0,12000.000000,2000.000000,0.000000,4.000000,4.000000,4.000000,0.000000,0.000000,0.000000,0
0,12400.000000,2000.000000,0.000000,4.000000,4.000000,4.000000,0.000000,0.000000,0.000000,0
0,12800.000000,2000.000000,0.000000,4.000000,4.000000,4.000000,0.000000,0.000000,0.000000,0
0,13200.000000,2000.000000,0.000000,4.000000,4.000000,4.000000,0.000000,0.000000,0.000000,0
0,13600.000000,2000.000000,0.000000,4.000000,4.000000,4.000000,0.000000,0.000000,0.000000,0
0,14000.000000,2000.000000,0.000000,4.000000,4.000000,4.000000,0.000000,0.000000,0.000000,0
0,10000.000000,-4000.000000,0.000000,4.000000,4.000000,4.000000,0.000000,0.000000,0.000000,0
0,10000.000000,-4400.000000,0.000000,4.000000,4.000000,4.000000,0.000000,0.000000,0.000000,0
0,10000.000000,-4800.000000,0.000000,4.000000,4.000000,4.000000,0.000000,0.000000,0.000000,0
0,10000.000000,-5200.000000,0.000000,4.000000,4.000000,4.000000,0.000000,0.000000,0.000000,0
0,10000.000000,-5600.000000,0.000000,4.000000,4.000000,4.000000,0.000000,0.000000,0.000000,0
0,10000.000000,-6000.000000,0.000000,4.000000,4.000000,4.000000,0.000000,0.000000,0.000000,0
0,14400.000000,2000.000000,0.000000,4.000000,4.000000,4.000000,0.000000,0.000000,0.000000,0
0,14800.000000,2000.000000,0.000000,4.000000,4.000000,4.000000,0.000000,0.000000,0.000000,0
0,15200.000000,2000.000000,0.000000,4.000000,4.000000,4.000000,0.000000,0.000000,0.000000,0
0,15600.000000,2000.000000,0.000000,4.000000,4.000000,4.000000,0.000000,0.000000,0.000000,0
0,16000.000000,2000.000000,0.000000,4.000000,4.000000,4.000000,0.000000,0.000000,0.000000,0
0,16400.000000,2000.000000,0.000000,4.000000,4.000000,4.000000,0.000000,0.000000,0.000000,0
0,16800.000000,2000.000000,0.000000,4.000000,4.000000,4.000000,0.000000,0.000000,0.000000,0
0,16800.000000,1600.000000,0.000000,4.000000,4.000000,4.000000,0.000000,0.000000,0.000000,0
0,16800.000000,1200.000000,0.000000,4.000000,4.000000,4.000000,0.000000,0.000000,0.000000,0
0,16800.000000,800.000000,0.000000,4.000000,4.000000,4.000000,0.000000,0.000000,0.000000,0
0,16800.000000,400.000000,0.000000,4.000000,4.000000,4.000000,0.000000,0.000000,0.000000,0
0,16800.000000,0.000000,0.000000,4.000000,4.000000,4.000000,0.000000,0.000000,0.000000,0
0,16800.000000,-400.000000,0.000000,4.000000,4.000000,4.000000,0.000000,0.000000,0.000000,0
0,16800.000000,-800.000000,0.000000,4.000000,4.000000,4.000000,0.000000,0.000000,0.000000,0
0,16800.000000,-1200.000000,0.000000,4.000000,4.000000,4.000000,0.000000,0.000000,0.000000,0
0,16800.000000,-1600.000000,0.000000,4.000000,4.000000,4.000000,0.000000,0.000000,0.000000,0
0,16800.000000,-2000.000000,0.000000,4.000000,4.000000,4.000000,0.000000,0.000000,0.000000,0
0,16800.000000,-2400.000000,0.000000,4.000000,4.000000,4.000000,0.000000,0.000000,0.000000,0
0,16800.000000,-2800.000000,0.000000,4.000000,4.000000,4.000000,0.000000,0.000000,0.000000,0
0,16800.000000,-3200.000000,0.000000,4.000000,4.000000,4.000000,0.000000,0.000000,0.000000,0
0,16800.000000,-3600.000000,0.000000,4.000000,4.000000,4.000000,0.000000,0.000000,0.000000,0
0,16800.000000,-4000.000000,0.000000,4.000000,4.000000,4.000000,0.000000,0.000000,0.000000,0
0,16800.000000,-4400.000000,0.000000,4.000000,4.000000,4.000000,0.000000,0.000000,0.000000,0
0,16800.000000,-4800.000000,0.000000,4.000000,4.000000,4.000000,0.000000,0.000000,0.000000,0
0,16800.000000,-5200.000000,0.000000,4.000000,4.000000,4.000000,0.000000,0.000000,0.000000,0
0,16800.000000,-5600.000000,0.000000,4.000000,4.000000,4.000000,0.000000,0.000000,0.000000,0
0,16800.000000,-6000.000000,0.000000,4.000000,4.000000,4.000000,0.000000,0.000000,0.000000,0
0,10000.000000,-6400.000000,0.000000,4.000000,4.000000,4.000000,0.000000,0.000000,0.000000,0
0,10000.000000,-6800.000000,0.000000,4.000000,4.000000,4.000000,0.000000,0.000000,0.000000,0
0,10000.000000,-7200.000000,0.000000,4.000000,4.000000,4.000000,0.000000,0.000000,0.000000,0
0,10000.000000,-7600.000000,0.000000,4.000000,4.000000,4.000000,0.000000,0.000000,0.000000,0
0,10000.000000,-8000.000000,0.000000,4.000000,4.000000,4.000000,0.000000,0.000000,0.000000,0
0,10000.000000,-8400.000000,0.000000,4.000000,4.000000,4.000000,0.000000,0.000000,0.000000,0
0,10000.000000,-8800.000000,0.000000,4.000000,4.000000,4.000000,0.000000,0.000000,0.000000,0
0,10000.000000,-9200.000000,0.000000,4.000000,4.000000,4.000000,0.000000,0.000000,0.000000,0
0,16800.000000,-6400.000000,0.000000,4.000000,4.000000,4.000000,0.000000,0.000000,0.000000,0
0,16800.000000,-6800.000000,0.000000,4.000000,4.000000,4.000000,0.000000,0.000000,0.000000,0
0,16800.000000,-7200.000000,0.000000,4.000000,4.000000,4.000000,0.000000,0.000000,0.000000,0
0,16800.000000,-7600.000000,0.000000,4.000000,4.000000,4.000000,0.000000,0.000000,0.000000,0
0,16800.000000,-8000.000000,0.000000,4.000000,4.000000,4.000000,0.000000,0.000000,0.000000,0
0,16800.000000,-8400.000000,0.000000,4.000000,4.000000,4.000000,0.000000,0.000000,0.000000,0
0,16800.000000,-8800.000000,0.000000,4.000000,4.000000,4.000000,0.000000,0.000000,0.000000,0
0,10000.000000,-9600.000000,0.000000,4.000000,4.000000,4.000000,0.000000,0.000000,0.000000,0
0,10000.000000,-10000.000000,0.000000,4.000000,4.000000,4.000000,0.000000,0.000000,0.000000,0
0,25600.000000,-1200.000000,0.000000,4.000000,4.000000,4.000000,0.000000,0.000000,0.000000,0
0,25600.000000,-800.000000,0.000000,4.000000,4.000000,4.000000,0.000000,0.000000,0.000000,0
0,26000.000000,-800.000000,0.000000,4.000000,4.000000,4.000000,0.000000,0.000000,0.000000,0
0,26400.000000,-800.000000,0.000000,4.000000,4.000000,4.000000,0.000000,0.000000,0.000000,0
0,26800.000000,-800.000000,0.000000,4.000000,4.000000,4.000000,0.000000,0.000000,0.000000,0
0,27200.000000,-800.000000,0.000000,4.000000,4.000000,4.000000,0.000000,0.000000,0.000000,0
0,27600.000000,-800.000000,0.000000,4.000000,4.000000,4.000000,0.000000,0.000000,0.000000,0
0,28000.000000,-800.000000,0.000000,4.000000,4.000000,4.000000,0.000000,0.000000,0.000000,0
0,28400.000000,-800.000000,0.000000,4.000000,4.000000,4.000000,0.000000,0.000000,0.000000,0
0,28800.000000,-800.000000,0.000000,4.000000,4.000000,4.000000,0.000000,0.000000,0.000000,0
0,28800.000000,-1200.000000,0.000000,4.000000,4.000000,4.000000,0.000000,0.000000,0.000000,0
0,28800.000000,-1600.000000,0.000000,4.000000,4.000000,4.000000,0.000000,0.000000,0.000000,0
0,28800.000000,-2000.000000,0.000000,4.000000,4.000000,4.000000,0.000000,0.000000,0.000000,0
0,10000.000000,-10400.000000,0.000000,4.000000,4.000000,4.000000,0.000000,0.000000,0.000000,0
0,10000.000000,-10800.000000,0.000000,4.000000,4.000000,4.000000,0.000000,0.000000,0.000000,0
0,10000.000000,-11200.000000,0.000000,4.000000,4.000000,4.000000,0.000000,0.000000,0.000000,0
0,10000.000000,-11600.000000,0.000000,4.000000,4.000000,4.000000,0.000000,0.000000,0.000000,0
0,10000.000000,-12000.000000,0.000000,4.000000,4.000000,4.000000,0.000000,0.000000,0.000000,0
0,10400.000000,-12000.000000,0.000000,4.000000,4.000000,4.000000,0.000000,0.000000,0.000000,0
0,10800.000000,-12000.000000,0.000000,4.000000,4.000000,4.000000,0.000000,0.000000,0.000000,0
0,11200.000000,-12000.000000,0.000000,4.000000,4.000000,4.000000,0.000000,0.000000,0.000000,0
0,11600.000000,-12000.000000,0.000000,4.000000,4.000000,4.000000,0.000000,0.000000,0.000000,0
0,12000.000000,-12000.000000,0.000000,4.000000,4.000000,4.000000,0.000000,0.000000,0.000000,0
0,12400.000000,-12000.000000,0.000000,4.000000,4.000000,4.000000,0.000000,0.000000,0.000000,0
0,12800.000000,-12000.000000,0.000000,4.000000,4.000000,4.000000,0.000000,0.000000,0.000000,0
0,13200.000000,-12000.000000,0.000000,4.000000,4.000000,4.000000,0.000000,0.000000,0.000000,0
0,13600.000000,-12000.000000,0.000000,4.000000,4.000000,4.000000,0.000000,0.000000,0.000000,0
0,14000.000000,-12000.000000,0.000000,4.000000,4.000000,4.000000,0.000000,0.000000,0.000000,0
0,14400.000000,-12000.000000,0.000000,4.000000,4.000000,4.000000,0.000000,0.000000,0.000000,0
0,14800.000000,-12000.000000,0.000000,4.000000,4.000000,4.000000,0.000000,0.000000,0.000000,0
0,15200.000000,-12000.000000,0.000000,4.000000,4.000000,4.000000,0.000000,0.000000,0.000000,0
0,15600.000000,-12000.000000,0.000000,4.000000,4.000000,4.000000,0.000000,0.000000,0.000000,0
0,16000.000000,-12000.000000,0.000000,4.000000,4.000000,4.000000,0.000000,0.000000,0.000000,0
0,16400.000000,-12000.000000,0.000000,4.000000,4.000000,4.000000,0.000000,0.000000,0.000000,0
0,16800.000000,-12000.000000,0.000000,4.000000,4.000000,4.000000,0.000000,0.000000,0.000000,0
0,17200.000000,-12000.000000,0.000000,4.000000,4.000000,4.000000,0.000000,0.000000,0.000000,0
0,17600.000000,-12000.000000,0.000000,4.000000,4.000000,4.000000,0.000000,0.000000,0.000000,0
0,18000.000000,-12000.000000,0.000000,4.000000,4.000000,4.000000,0.000000,0.000000,0.000000,0
0,18400.000000,-12000.000000,0.000000,4.000000,4.000000,4.000000,0.000000,0.000000,0.000000,0
0,18800.000000,-12000.000000,0.000000,4.000000,4.000000,4.000000,0.000000,0.000000,0.000000,0
0,19200.000000,-12000.000000,0.000000,4.000000,4.000000,4.000000,0.000000,0.000000,0.000000,0
0,19600.000000,-12000.000000,0.000000,4.000000,4.000000,4.000000,0.000000,0.000000,0.000000,0
0,20000.000000,-12000.000000,0.000000,4.000000,4.000000,4.000000,0.000000,0.000000,0.000000,0
0,20400.000000,-12000.000000,0.000000,4.000000,4.000000,4.000000,0.000000,0.000000,0.000000,0
0,20800.000000,-12000.000000,0.000000,4.000000,4.000000,4.000000,0.000000,0.000000,0.000000,0
0,21200.000000,-12000.000000,0.000000,4.000000,4.000000,4.000000,0.000000,0.000000,0.000000,0
0,21600.000000,-12000.000000,0.000000,4.000000,4.000000,4.000000,0.000000,0.000000,0.000000,0
0,22000.000000,-12000.000000,0.000000,4.000000,4.000000,4.000000,0.000000,0.000000,0.000000,0
0,22400.000000,-12000.000000,0.000000,4.000000,4.000000,4.000000,0.000000,0.000000,0.000000,0
0,22800.000000,-12000.000000,0.000000,4.000000,4.000000,4.000000,0.000000,0.000000,0.000000,0
0,23200.000000,-12000.000000,0.000000,4.000000,4.000000,4.000000,0.000000,0.000000,0.000000,0
0,23600.000000,-12000.000000,0.000000,4.000000,4.000000,4.000000,0.000000,0.000000,0.000000,0
0,24000.000000,-12000.000000,0.000000,4.000000,4.000000,4.000000,0.000000,0.000000,0.000000,0
0,24400.000000,-12000.000000,0.000000,4.000000,4.000000,4.000000,0.000000,0.000000,0.000000,0
0,24800.000000,-12000.000000,0.000000,4.000000,4.000000,4.000000,0.000000,0.000000,0.000000,0
0,25200.000000,-12000.000000,0.000000,4.000000,4.000000,4.000000,0.000000,0.000000,0.000000,0
0,25600.000000,-12000.000000,0.000000,4.000000,4.000000,4.000000,0.000000,0.000000,0.000000,0
0,26000.000000,-12000.000000,0.000000,4.000000,4.000000,4.000000,0.000000,0.000000,0.000000,0
0,26400.000000,-12000.000000,0.000000,4.000000,4.000000,4.000000,0.000000,0.000000,0.000000,0
0,26800.000000,-12000.000000,0.000000,4.000000,4.000000,4.000000,0.000000,0.000000,0.000000,0
0,27200.000000,-12000.000000,0.000000,4.000000,4.000000,4.000000,0.000000,0.000000,0.000000,0
0,27600.000000,-12000.000000,0.000000,4.000000,4.000000,4.000000,0.000000,0.000000,0.000000,0
0,28000.000000,-12000.000000,0.000000,4.000000,4.000000,4.000000,0.000000,0.000000,0.000000,0
0,28400.000000,-12000.000000,0.000000,4.000000,4.000000,4.000000,0.000000,0.000000,0.000000,0
0,28800.000000,-12000.000000,0.000000,4.000000,4.000000,4.000000,0.000000,0.000000,0.000000,0
0,28800.000000,-11600.000000,0.000000,4.000000,4.000000,4.000000,0.000000,0.000000,0.000000,0
0,28800.000000,-11200.000000,0.000000,4.000000,4.000000,4.000000,0.000000,0.000000,0.000000,0
0,28800.000000,-10800.000000,0.000000,4.000000,4.000000,4.000000,0.000000,0.000000,0.000000,0
0,28800.000000,-10400.000000,0.000000,4.000000,4.000000,4.000000,0.000000,0.000000,0.000000,0
0,28800.000000,-10000.000000,0.000000,4.000000,4.000000,4.000000,0.000000,0.000000,0.000000,0
0,28800.000000,-9600.000000,0.000000,4.000000,4.000000,4.000000,0.000000,0.000000,0.000000,0
0,28800.000000,-9200.000000,0.000000,4.000000,4.000000,4.000000,0.000000,0.000000,0.000000,0
0,28800.000000,-8800.000000,0.000000,4.000000,4.000000,4.000000,0.000000,0.000000,0.000000,0
0,28800.000000,-8400.000000,0.000000,4.000000,4.000000,4.000000,0.000000,0.000000,0.000000,0
0,28800.000000,-8000.000000,0.000000,4.000000,4.000000,4.000000,0.000000,0.000000,0.000000,0
0,28800.000000,-7600.000000,0.000000,4.000000,4.000000,4.000000,0.000000,0.000000,0.000000,0
0,28800.000000,-7200.000000,0.000000,4.000000,4.000000,4.000000,0.000000,0.000000,0.000000,0
0,28800.000000,-6800.000000,0.000000,4.000000,4.000000,4.000000,0.000000,0.000000,0.000000,0
0,28800.000000,-6400.000000,0.000000,4.000000,4.000000,4.000000,0.000000,0.000000,0.000000,0
0,28800.000000,-6000.000000,0.000000,4.000000,4.000000,4.000000,0.000000,0.000000,0.000000,0
0,28800.000000,-5600.000000,0.000000,4.000000,4.000000,4.000000,0.000000,0.000000,0.000000,0
0,28800.000000,-5200.000000,0.000000,4.000000,4.000000,4.000000,0.000000,0.000000,0.000000,0
0,28800.000000,-4800.000000,0.000000,4.000000,4.000000,4.000000,0.000000,0.000000,0.000000,0
0,28800.000000,-4400.000000,0.000000,4.000000,4.000000,4.000000,0.000000,0.000000,0.000000,0
0,28800.000000,-4000.000000,0.000000,4.000000,4.000000,4.000000,0.000000,0.000000,0.000000,0
0,28800.000000,-3600.000000,0.000000,4.000000,4.000000,4.000000,0.000000,0.000000,0.000000,0
0,28800.000000,-3200.000000,0.000000,4.000000,4.000000,4.000000,0.000000,0.000000,0.000000,0
0,28800.000000,-2800.000000,0.000000,4.000000,4.000000,4.000000,0.000000,0.000000,0.000000,0
0,28800.000000,-2400.000000,0.000000,4.000000,4.000000,4.000000,0.000000,0.000000,0.000000,0
2,11600.000000,0.000000,0.000000,4.000000,4.000000,4.000000,0.000000,0.000000,0.000000,0
7,10400.000000,0.000000,0.000000,4.000000,4.000000,4.000000,0.000000,0.000000,-1.570796,0
7,10400.000000,400.000000,0.000000,4.000000,4.000000,4.000000,0.000000,0.000000,-1.570796,0
7,10400.000000,800.000000,0.000000,4.000000,4.000000,4.000000,0.000000,0.000000,-1.570796,0
7,10400.000000,1200.000000,0.000000,4.000000,4.000000,4.000000,0.000000,0.000000,-1.570796,0
7,10400.000000,-1600.000000,0.000000,4.000000,4.000000,4.000000,0.000000,0.000000,-1.570796,0
7,10400.000000,-2000.000000,0.000000,4.000000,4.000000,4.000000,0.000000,0.000000,-1.570796,0
7,10400.000000,-2400.000000,0.000000,4.000000,4.000000,4.000000,0.000000,0.000000,-1.570796,0
7,10400.000000,-2800.000000,0.000000,4.000000,4.000000,4.000000,0.000000,0.000000,-1.570796,0
7,10400.000000,-3200.000000,0.000000,4.000000,4.000000,4.000000,0.000000,0.000000,-1.570796,0
7,10400.000000,-3600.000000,0.000000,4.000000,4.000000,4.000000,0.000000,0.000000,-1.570796,0
7,10400.000000,-4000.000000,0.000000,4.000000,4.000000,4.000000,0.000000,0.000000,-1.570796,0
7,10400.000000,-4400.000000,0.000000,4.000000,4.000000,4.000000,0.000000,0.000000,-1.570796,0
7,10400.000000,-4800.000000,0.000000,4.000000,4.000000,4.000000,0.000000,0.000000,-1.570796,0
7,10400.000000,-5200.000000,0.000000,4.000000,4.000000,4.000000,0.000000,0.000000,-1.570796,0
7,10400.000000,-5600.000000,0.000000,4.000000,4.000000,4.000000,0.000000,0.000000,-1.570796,0
7,10400.000000,-6000.000000,0.000000,4.000000,4.000000,4.000000,0.000000,0.000000,-1.570796,0
7,10400.000000,-6400.000000,0.000000,4.000000,4.000000,4.000000,0.000000,0.000000,-1.570796,0
7,10400.000000,-6800.000000,0.000000,4.000000,4.000000,4.000000,0.000000,0.000000,-1.570796,0
7,10400.000000,-7200.000000,0.000000,4.000000,4.000000,4.000000,0.000000,0.000000,-1.570796,0
7,10400.000000,-7600.000000,0.000000,4.000000,4.000000,4.000000,0.000000,0.000000,-1.570796,0
7,10400.000000,-8000.000000,0.000000,4.000000,4.000000,4.000000,0.000000,0.000000,-1.570796,0
7,10400.000000,-8400.000000,0.000000,4.000000,4.000000,4.000000,0.000000,0.000000,-1.570796,0
7,10400.000000,-8800.000000,0.000000,4.000000,4.000000,4.000000,0.000000,0.000000,-1.570796,0
7,10400.000000,-9200.000000,0.000000,4.000000,4.000000,4.000000,0.000000,0.000000,-1.570796,0
7,10400.000000,-9600.000000,0.000000,4.000000,4.000000,4.000000,0.000000,0.000000,-1.570796,0
7,10400.000000,-10000.000000,0.000000,4.000000,4.000000,4.000000,0.000000,0.000000,-1.570796,0
7,10400.000000,-10400.000000,0.000000,4.000000,4.000000,4.000000,0.000000,0.000000,-1.570796,0
7,10400.000000,-10800.000000,0.000000,4.000000,4.000000,4.000000,0.000000,0.000000,-1.570796,0
7,10400.000000,-11200.000000,0.000000,4.000000,4.000000,4.000000,0.000000,0.000000,-1.570796,0
7,10400.000000,-11600.000000,0.000000,4.000000,4.000000,4.000000,0.000000,0.000000,-1.570796,0
7,16400.000000,1200.000000,0.000000,4.000000,4.000000,4.000000,0.000000,0.000000,1.570796,0
7,16400.000000,800.000000,0.000000,4.000000,4.000000,4.000000,0.000000,0.000000,1.570796,0
7,16400.000000,400.000000,0.000000,4.000000,4.000000,4.000000,0.000000,0.000000,1.570796,0
7,16400.000000,0.000000,0.000000,4.000000,4.000000,4.000000,0.000000,0.000000,1.570796,0
7,16400.000000,-400.000000,0.000000,4.000000,4.000000,4.000000,0.000000,0.000000,1.570796,0
7,16400.000000,-800.000000,0.000000,4.000000,4.000000,4.000000,0.000000,0.000000,1.570796,0
7,16400.000000,-1200.000000,0.000000,4.000000,4.000000,4.000000,0.000000,0.000000,1.570796,0
7,16400.000000,-1600.000000,0.000000,4.000000,4.000000,4.000000,0.000000,0.000000,1.570796,0
7,16400.000000,-2000.000000,0.000000,4.000000,4.000000,4.000000,0.000000,0.000000,1.570796,0
7,16400.000000,-2400.000000,0.000000,4.000000,4.000000,4.000000,0.000000,0.000000,1.570796,0
7,16400.000000,-2800.000000,0.000000,4.000000,4.000000,4.000000,0.000000,0.000000,1.570796,0
7,16400.000000,-3200.000000,0.000000,4.000000,4.000000,4.000000,0.000000,0.000000,1.570796,0
7,16400.000000,-3600.000000,0.000000,4.000000,4.000000,4.000000,0.000000,0.000000,1.570796,0
7,16400.000000,-4000.000000,0.000000,4.000000,4.000000,4.000000,0.000000,0.000000,1.570796,0
7,16400.000000,-4400.000000,0.000000,4.000000,4.000000,4.000000,0.000000,0.000000,1.570796,0
7,16400.000000,-4800.000000,0.000000,4.000000,4.000000,4.000000,0.000000,0.000000,1.570796,0
7,16400.000000,-5200.000000,0.000000,4.000000,4.000000,4.000000,0.000000,0.000000,1.570796,0
7,16400.000000,-5600.000000,0.000000,4.000000,4.000000,4.000000,0.000000,0.000000,1.570796,0
7,16400.000000,-6000.000000,0.000000,4.000000,4.000000,4.000000,0.000000,0.000000,1.570796,0
7,16400.000000,-6400.000000,0.000000,4.000000,4.000000,4.000000,0.000000,0.000000,1.570796,0
7,16400.000000,-6800.000000,0.000000,4.000000,4.000000,4.000000,0.000000,0.000000,1.570796,0
7,16400.000000,-7200.000000,0.000000,4.000000,4.000000,4.000000,0.000000,0.000000,1.570796,0
7,16400.000000,-7600.000000,0.000000,4.000000,4.000000,4.000000,0.000000,0.000000,1.570796,0
7,16400.000000,-8000.000000,0.000000,4.000000,4.000000,4.000000,0.000000,0.000000,1.570796,0
7,16400.000000,-8400.000000,0.000000,4.000000,4.000000,4.000000,0.000000,0.000000,1.570796,0
7,16400.000000,-8800.000000,0.000000,4.000000,4.000000,4.000000,0.000000,0.000000,1.570796,0
7,16400.000000,1600.000000,0.000000,4.000000,4.000000,4.000000,0.000000,0.000000,3.141593,0
7,16000.000000,1600.000000,0.000000,4.000000,4.000000,4.000000,0.000000,0.000000,3.141593,0
7,15600.000000,1600.000000,0.000000,4.000000,4.000000,4.000000,0.000000,0.000000,3.141593,0
7,15200.000000,1600.000000,0.000000,4.000000,4.000000,4.000000,0.000000,0.000000,3.141593,0
7,14800.000000,1600.000000,0.000000,4.000000,4.000000,4.000000,0.000000,0.000000,3.141593,0
7,14400.000000,1600.000000,0.000000,4.000000,4.000000,4.000000,0.000000,0.000000,3.141593,0
7,14000.000000,1600.000000,0.000000,4.000000,4.000000,4.000000,0.000000,0.000000,3.141593,0
7,13600.000000,1600.000000,0.000000,4.000000,4.000000,4.000000,0.000000,0.000000,3.141593,0
7,13200.000000,1600.000000,0.000000,4.000000,4.000000,4.000000,0.000000,0.000000,3.141593,0
7,12800.000000,1600.000000,0.000000,4.000000,4.000000,4.000000,0.000000,0.000000,3.141593,0
7,12400.000000,1600.000000,0.000000,4.000000,4.000000,4.000000,0.000000,0.000000,3.141593,0
7,12000.000000,1600.000000,0.000000,4.000000,4.000000,4.000000,0.000000,0.000000,3.141593,0
7,11600.000000,1600.000000,0.000000,4.000000,4.000000,4.000000,0.000000,0.000000,3.141593,0
7,11200.000000,1600.000000,0.000000,4.000000,4.000000,4.000000,0.000000,0.000000,3.141593,0
7,10800.000000,1600.000000,0.000000,4.000000,4.000000,4.000000,0.000000,0.000000,3.141593,0
7,10400.000000,1600.000000,0.000000,4.000000,4.000000,4.000000,0.000000,0.000000,3.141593,0
7,10800.000000,-11600.000000,0.000000,4.000000,4.000000,4.000000,0.000000,0.000000,0.000000,0
7,11200.000000,-11600.000000,0.000000,4.000000,4.000000,4.000000,0.000000,0.000000,0.000000,0
7,11600.000000,-11600.000000,0.000000,4.000000,4.000000,4.000000,0.000000,0.000000,0.000000,0
7,12000.000000,-11600.000000,0.000000,4.000000,4.000000,4.000000,0.000000,0.000000,0.000000,0
7,12400.000000,-11600.000000,0.000000,4.000000,4.000000,4.000000,0.000000,0.000000,0.000000,0
7,12800.000000,-11600.000000,0.000000,4.000000,4.000000,4.000000,0.000000,0.000000,0.000000,0
7,13200.000000,-11600.000000,0.000000,4.000000,4.000000,4.000000,0.000000,0.000000,0.000000,0
7,13600.000000,-11600.000000,0.000000,4.000000,4.000000,4.000000,0.000000,0.000000,0.000000,0
7,14000.000000,-11600.000000,0.000000,4.000000,4.000000,4.000000,0.000000,0.000000,0.000000,0
7,14400.000000,-11600.000000,0.000000,4.000000,4.000000,4.000000,0.000000,0.000000,0.000000,0
7,14800.000000,-11600.000000,0.000000,4.000000,4.000000,4.000000,0.000000,0.000000,0.000000,0
7,15200.000000,-11600.000000,0.000000,4.000000,4.000000,4.000000,0.000000,0.000000,0.000000,0
7,15600.000000,-11600.000000,0.000000,4.000000,4.000000,4.000000,0.000000,0.000000,0.000000,0
7,16000.000000,-11600.000000,0.000000,4.000000,4.000000,4.000000,0.000000,0.000000,0.000000,0
7,16400.000000,-11600.000000,0.000000,4.000000,4.000000,4.000000,0.000000,0.000000,0.000000,0
7,16800.000000,-11600.000000,0.000000,4.000000,4.000000,4.000000,0.000000,0.000000,0.000000,0
7,17200.000000,-11600.000000,0.000000,4.000000,4.000000,4.000000,0.000000,0.000000,0.000000,0
7,17600.000000,-11600.000000,0.000000,4.000000,4.000000,4.000000,0.000000,0.000000,0.000000,0
7,18000.000000,-11600.000000,0.000000,4.000000,4.000000,4.000000,0.000000,0.000000,0.000000,0
7,18400.000000,-11600.000000,0.000000,4.000000,4.000000,4.000000,0.000000,0.000000,0.000000,0
7,18800.000000,-11600.000000,0.000000,4.000000,4.000000,4.000000,0.000000,0.000000,0.000000,0
7,19200.000000,-11600.000000,0.000000,4.000000,4.000000,4.000000,0.000000,0.000000,0.000000,0
7,19600.000000,-11600.000000,0.000000,4.000000,4.000000,4.000000,0.000000,0.000000,0.000000,0
7,20000.000000,-11600.000000,0.000000,4.000000,4.000000,4.000000,0.000000,0.000000,0.000000,0
7,20400.000000,-11600.000000,0.000000,4.000000,4.000000,4.000000,0.000000,0.000000,0.000000,0
7,20800.000000,-11600.000000,0.000000,4.000000,4.000000,4.000000,0.000000,0.000000,0.000000,0
7,21200.000000,-11600.000000,0.000000,4.000000,4.000000,4.000000,0.000000,0.000000,0.000000,0
7,21600.000000,-11600.000000,0.000000,4.000000,4.000000,4.000000,0.000000,0.000000,0.000000,0
7,22000.000000,-11600.000000,0.000000,4.000000,4.000000,4.000000,0.000000,0.000000,0.000000,0
7,22400.000000,-11600.000000,0.000000,4.000000,4.000000,4.000000,0.000000,0.000000,0.000000,0
7,22800.000000,-11600.000000,0.000000,4.000000,4.000000,4.000000,0.000000,0.000000,0.000000,0
7,23200.000000,-11600.000000,0.000000,4.000000,4.000000,4.000000,0.000000,0.000000,0.000000,0
7,23600.000000,-11600.000000,0.000000,4.000000,4.000000,4.000000,0.000000,0.000000,0.000000,0
7,24000.000000,-11600.000000,0.000000,4.000000,4.000000,4.000000,0.000000,0.000000,0.000000,0
7,24400.000000,-11600.000000,0.000000,4.000000,4.000000,4.000000,0.000000,0.000000,0.000000,0
7,24800.000000,-11600.000000,0.000000,4.000000,4.000000,4.000000,0.000000,0.000000,0.000000,0
7,25200.000000,-11600.000000,0.000000,4.000000,4.000000,4.000000,0.000000,0.000000,0.000000,0
7,25600.000000,-11600.000000,0.000000,4.000000,4.000000,4.000000,0.000000,0.000000,0.000000,0
7,26000.000000,-11600.000000,0.000000,4.000000,4.000000,4.000000,0.000000,0.000000,0.000000,0
7,26400.000000,-11600.000000,0.000000,4.000000,4.000000,4.000000,0.000000,0.000000,0.000000,0
7,26800.000000,-11600.000000,0.000000,4.000000,4.000000,4.000000,0.000000,0.000000,0.000000,0
7,27200.000000,-11600.000000,0.000000,4.000000,4.000000,4.000000,0.000000,0.000000,0.000000,0
7,27600.000000,-11600.000000,0.000000,4.000000,4.000000,4.000000,0.000000,0.000000,0.000000,0
7,28000.000000,-11600.000000,0.000000,4.000000,4.000000,4.000000,0.000000,0.000000,0.000000,0
7,28400.000000,-11600.000000,0.000000,4.000000,4.000000,4.000000,0.000000,0.000000,0.000000,0
7,28400.000000,-11200.000000,0.000000,4.000000,4.000000,4.000000,0.000000,0.000000,1.570796,0
7,28400.000000,-10800.000000,0.000000,4.000000,4.000000,4.000000,0.000000,0.000000,1.570796,0
7,28400.000000,-10400.000000,0.000000,4.000000,4.000000,4.000000,0.000000,0.000000,1.570796,0
7,28400.000000,-10000.000000,0.000000,4.000000,4.000000,4.000000,0.000000,0.000000,1.570796,0
7,28400.000000,-9600.000000,0.000000,4.000000,4.000000,4.000000,0.000000,0.000000,1.570796,0
7,28400.000000,-9200.000000,0.000000,4.000000,4.000000,4.000000,0.000000,0.000000,1.570796,0
7,28400.000000,-8800.000000,0.000000,4.000000,4.000000,4.000000,0.000000,0.000000,1.570796,0
7,28400.000000,-8400.000000,0.000000,4.000000,4.000000,4.000000,0.000000,0.000000,1.570796,0
7,28400.000000,-8000.000000,0.000000,4.000000,4.000000,4.000000,0.000000,0.000000,1.570796,0
7,28400.000000,-7600.000000,0.000000,4.000000,4.000000,4.000000,0.000000,0.000000,1.570796,0
7,28400.000000,-7200.000000,0.000000,4.000000,4.000000,4.000000,0.000000,0.000000,1.570796,0
7,28400.000000,-6800.000000,0.000000,4.000000,4.000000,4.000000,0.000000,0.000000,1.570796,0
7,28400.000000,-6400.000000,0.000000,4.000000,4.000000,4.000000,0.000000,0.000000,1.570796,0
7,28400.000000,-6000.000000,0.000000,4.000000,4.000000,4.000000,0.000000,0.000000,1.570796,0
7,28400.000000,-5600.000000,0.000000,4.000000,4.000000,4.000000,0.000000,0.000000,1.570796,0
0,25600.000000,-1600.000000,0.000000,4.000000,4.000000,4.000000,0.000000,0.000000,1.570796,0
0,25600.000000,-2000.000000,0.000000,4.000000,4.000000,4.000000,0.000000,0.000000,1.570796,0
0,25600.000000,-2400.000000,0.000000,4.000000,4.000000,4.000000,0.000000,0.000000,1.570796,0
0,25600.000000,-2800.000000,0.000000,4.000000,4.000000,4.000000,0.000000,0.000000,1.570796,0
0,25600.000000,-3200.000000,0.000000,4.000000,4.000000,4.000000,0.000000,0.000000,1.570796,0
0,23600.000000,-8800.000000,0.000000,4.000000,4.000000,4.000000,0.000000,0.000000,1.570796,0
0,24000.000000,-8800.000000,0.000000,4.000000,4.000000,4.000000,0.000000,0.000000,1.570796,0
0,24400.000000,-8800.000000,0.000000,4.000000,4.000000,4.000000,0.000000,0.000000,1.570796,0
0,24800.000000,-8800.000000,0.000000,4.000000,4.000000,4.000000,0.000000,0.000000,1.570796,0
0,25200.000000,-8800.000000,0.000000,4.000000,4.000000,4.000000,0.000000,0.000000,1.570796,0
0,25600.000000,-8800.000000,0.000000,4.000000,4.000000,4.000000,0.000000,0.000000,1.570796,0
7,16800.000000,-9200.000000,0.000000,4.000000,4.000000,4.000000,0.000000,0.000000,3.141593,0
7,17200.000000,-9200.000000,0.000000,4.000000,4.000000,4.000000,0.000000,0.000000,3.141593,0
7,17600.000000,-9200.000000,0.000000,4.000000,4.000000,4.000000,0.000000,0.000000,3.141593,0
7,18000.000000,-9200.000000,0.000000,4.000000,4.000000,4.000000,0.000000,0.000000,3.141593,0
7,18400.000000,-9200.000000,0.000000,4.000000,4.000000,4.000000,0.000000,0.000000,3.141593,0
7,18800.000000,-9200.000000,0.000000,4.000000,4.000000,4.000000,0.000000,0.000000,3.141593,0
7,19200.000000,-9200.000000,0.000000,4.000000,4.000000,4.000000,0.000000,0.000000,3.141593,0
7,19600.000000,-9200.000000,0.000000,4.000000,4.000000,4.000000,0.000000,0.000000,3.141593,0
7,20000.000000,-9200.000000,0.000000,4.000000,4.000000,4.000000,0.000000,0.000000,3.141593,0
7,20400.000000,-9200.000000,0.000000,4.000000,4.000000,4.000000,0.000000,0.000000,3.141593,0
7,20800.000000,-9200.000000,0.000000,4.000000,4.000000,4.000000,0.000000,0.000000,3.141593,0
7,21200.000000,-9200.000000,0.000000,4.000000,4.000000,4.000000,0.000000,0.000000,3.141593,0
7,21600.000000,-9200.000000,0.000000,4.000000,4.000000,4.000000,0.000000,0.000000,3.141593,0
7,22000.000000,-9200.000000,0.000000,4.000000,4.000000,4.000000,0.000000,0.000000,3.141593,0
7,22400.000000,-9200.000000,0.000000,4.000000,4.000000,4.000000,0.000000,0.000000,3.141593,0
7,22800.000000,-9200.000000,0.000000,4.000000,4.000000,4.000000,0.000000,0.000000,3.141593,0
7,23200.000000,-9200.000000,0.000000,4.000000,4.000000,4.000000,0.000000,0.000000,3.141593,0
7,23600.000000,-9200.000000,0.000000,4.000000,4.000000,4.000000,0.000000,0.000000,3.141593,0
7,24000.000000,-9200.000000,0.000000,4.000000,4.000000,4.000000,0.000000,0.000000,3.141593,0
7,24400.000000,-9200.000000,0.000000,4.000000,4.000000,4.000000,0.000000,0.000000,3.141593,0
7,24800.000000,-9200.000000,0.000000,4.000000,4.000000,4.000000,0.000000,0.000000,3.141593,0
7,25200.000000,-9200.000000,0.000000,4.000000,4.000000,4.000000,0.000000,0.000000,3.141593,0
7,25600.000000,-9200.000000,0.000000,4.000000,4.000000,4.000000,0.000000,0.000000,3.141593,0
7,26000.000000,-8800.000000,0.000000,4.000000,4.000000,4.000000,0.000000,0.000000,-1.570796,0
6,13200.000000,800.000000,0.000000,54.000000,4.000000,4.000000,0.000000,0.000000,0.000000,0
6,12000.000000,-800.000000,0.000000,34.000000,4.000000,4.000000,0.000000,0.000000,0.000000,0
6,10400.000000,0.000000,-400.000000,14.000000,4.000000,4.000000,0.000000,0.000000,1.570796,0
6,14000.000000,-2000.000000,-400.000000,24.000000,4.000000,4.000000,0.000000,0.000000,1.570796,0
6,16000.000000,-1200.000000,-400.000000,34.000000,4.000000,4.000000,0.000000,0.000000,1.570796,0
6,12000.000000,-3200.000000,-400.000000,34.000000,4.000000,4.000000,0.000000,0.000000,0.000000,0
6,14400.000000,-5200.000000,-400.000000,34.000000,4.000000,4.000000,0.000000,0.000000,0.000000,0
6,16000.000000,-3600.000000,-400.000000,34.000000,4.000000,4.000000,0.000000,0.000000,1.570796,0
6,10400.000000,-5200.000000,-400.000000,34.000000,4.000000,4.000000,0.000000,0.000000,1.570796,0
6,10400.000000,-9200.000000,-400.000000,44.000000,4.000000,4.000000,0.000000,0.000000,1.570796,0
6,12800.000000,-7200.000000,-400.000000,34.000000,4.000000,4.000000,0.000000,0.000000,1.570796,0
6,19200.000000,-9200.000000,-400.000000,124.000000,4.000000,4.000000,0.000000,0.000000,0.000000,0
6,19200.000000,-11600.000000,-400.000000,164.000000,4.000000,4.000000,0.000000,0.000000,0.000000,0
3,5600.000000,-1200.000000,400.000000,4.000000,4.000000,4.000000,0.000000,0.000000,0.000000,0
5,28400.000000,-2000.000000,400.000000,8.000000,8.000000,8.000000,0.000000,0.000000,1.570796,0
0,25600.000000,-3600.000000,0.000000,4.000000,4.000000,4.000000,0.000000,0.000000,1.570796,0
0,25600.000000,-4000.000000,0.000000,4.000000,4.000000,4.000000,0.000000,0.000000,1.570796,0
6,22800.000000,-6000.000000,0.000000,104.000000,4.000000,4.000000,0.000000,0.000000,0.000000,0
6,22800.000000,-7600.000000,0.000000,104.000000,4.000000,4.000000,0.000000,0.000000,0.000000,0
6,17200.000000,-6400.000000,0.000000,4.000000,54.000000,4.000000,0.000000,0.000000,0.000000,0
2,18800.000000,-6800.000000,0.000000,4.000000,4.000000,4.000000,0.000000,0.000000,0.000000,0
2,18800.000000,-5200.000000,0.000000,4.000000,4.000000,4.000000,0.000000,0.000000,0.000000,0
0,23200.000000,-8800.000000,0.000000,4.000000,4.000000,4.000000,0.000000,0.000000,0.000000,0
0,22800.000000,-8800.000000,0.000000,4.000000,4.000000,4.000000,0.000000,0.000000,0.000000,0
0,22400.000000,-8800.000000,0.000000,4.000000,4.000000,4.000000,0.000000,0.000000,0.000000,0
0,22000.000000,-8800.000000,0.000000,4.000000,4.000000,4.000000,0.000000,0.000000,0.000000,0
0,21600.000000,-8800.000000,0.000000,4.000000,4.000000,4.000000,0.000000,0.000000,0.000000,0
0,21200.000000,-8800.000000,0.000000,4.000000,4.000000,4.000000,0.000000,0.000000,0.000000,0
0,20800.000000,-8800.000000,0.000000,4.000000,4.000000,4.000000,0.000000,0.000000,0.000000,0
0,20400.000000,-8800.000000,0.000000,4.000000,4.000000,4.000000,0.000000,0.000000,0.000000,0
0,20000.000000,-8800.000000,0.000000,4.000000,4.000000,4.000000,0.000000,0.000000,0.000000,0
0,19600.000000,-8800.000000,0.000000,4.000000,4.000000,4.000000,0.000000,0.000000,0.000000,0
0,19200.000000,-8800.000000,0.000000,4.000000,4.000000,4.000000,0.000000,0.000000,0.000000,0
0,18800.000000,-8800.000000,0.000000,4.000000,4.000000,4.000000,0.000000,0.000000,0.000000,0
0,18400.000000,-8800.000000,0.000000,4.000000,4.000000,4.000000,0.000000,0.000000,0.000000,0
0,18000.000000,-8800.000000,0.000000,4.000000,4.000000,4.000000,0.000000,0.000000,0.000000,0
0,17600.000000,-8800.000000,0.000000,4.000000,4.000000,4.000000,0.000000,0.000000,0.000000,0
0,17200.000000,-8800.000000,0.000000,4.000000,4.000000,4.000000,0.000000,0.000000,0.000000,0
8,10400.000000,-800.000000,400.000000,4.000000,4.000000,4.000000,0.000000,0.000000,0.000000,0
8,10800.000000,-800.000000,400.000000,4.000000,4.000000,4.000000,0.000000,0.000000,0.000000,0
8,11200.000000,-800.000000,400.000000,4.000000,4.000000,4.000000,0.000000,0.000000,0.000000,0
8,11600.000000,-800.000000,400.000000,4.000000,4.000000,4.000000,0.000000,0.000000,0.000000,0
8,12000.000000,-800.000000,400.000000,4.000000,4.000000,4.000000,0.000000,0.000000,0.000000,0
8,12400.000000,-800.000000,400.000000,4.000000,4.000000,4.000000,0.000000,0.000000,0.000000,0
8,12800.000000,-800.000000,400.000000,4.000000,4.000000,4.000000,0.000000,0.000000,0.000000,0
8,13200.000000,-800.000000,400.000000,4.000000,4.000000,4.000000,0.000000,0.000000,0.000000,0
8,13600.000000,-800.000000,400.000000,4.000000,4.000000,4.000000,0.000000,0.000000,0.000000,0
8,14000.000000,-800.000000,400.000000,4.000000,4.000000,4.000000,0.000000,0.000000,0.000000,0
8,14000.000000,-1200.000000,400.000000,4.000000,4.000000,4.000000,0.000000,0.000000,0.000000,0
8,14000.000000,-1600.000000,400.000000,4.000000,4.000000,4.000000,0.000000,0.000000,0.000000,0
8,14000.000000,-2000.000000,400.000000,4.000000,4.000000,4.000000,0.000000,0.000000,0.000000,0
8,14000.000000,-2400.000000,400.000000,4.000000,4.000000,4.000000,0.000000,0.000000,0.000000,0
8,14000.000000,-2800.000000,400.000000,4.000000,4.000000,4.000000,0.000000,0.000000,0.000000,0
8,10400.000000,800.000000,400.000000,4.000000,4.000000,4.000000,0.000000,0.000000,0.000000,0
8,10800.000000,800.000000,400.000000,4.000000,4.000000,4.000000,0.000000,0.000000,0.000000,0
8,11200.000000,800.000000,400.000000,4.000000,4.000000,4.000000,0.000000,0.000000,0.000000,0
8,11600.000000,800.000000,400.000000,4.000000,4.000000,4.000000,0.000000,0.000000,0.000000,0
8,12000.000000,800.000000,400.000000,4.000000,4.000000,4.000000,0.000000,0.000000,0.000000,0
8,12400.000000,800.000000,400.000000,4.000000,4.000000,4.000000,0.000000,0.000000,0.000000,0
8,12800.000000,800.000000,400.000000,4.000000,4.000000,4.000000,0.000000,0.000000,0.000000,0
8,13200.000000,800.000000,400.000000,4.000000,4.000000,4.000000,0.000000,0.000000,0.000000,0
8,13600.000000,800.000000,400.000000,4.000000,4.000000,4.000000,0.000000,0.000000,0.000000,0
8,14000.000000,800.000000,400.000000,4.000000,4.000000,4.000000,0.000000,0.000000,0.000000,0
8,14400.000000,800.000000,400.000000,4.000000,4.000000,4.000000,0.000000,0.000000,0.000000,0
8,14800.000000,800.000000,400.000000,4.000000,4.000000,4.000000,0.000000,0.000000,0.000000,0
8,15200.000000,800.000000,400.000000,4.000000,4.000000,4.000000,0.000000,0.000000,0.000000,0
8,15600.000000,800.000000,400.000000,4.000000,4.000000,4.000000,0.000000,0.000000,0.000000,0
8,16000.000000,800.000000,400.000000,4.000000,4.000000,4.000000,0.000000,0.000000,0.000000,0
8,16000.000000,400.000000,400.000000,4.000000,4.000000,4.000000,0.000000,0.000000,0.000000,0
8,16000.000000,0.000000,400.000000,4.000000,4.000000,4.000000,0.000000,0.000000,0.000000,0
8,16000.000000,-400.000000,400.000000,4.000000,4.000000,4.000000,0.000000,0.000000,0.000000,0
8,16000.000000,-800.000000,400.000000,4.000000,4.000000,4.000000,0.000000,0.000000,0.000000,0
8,16000.000000,-1200.000000,400.000000,4.000000,4.000000,4.000000,0.000000,0.000000,0.000000,0
8,16000.000000,-1600.000000,400.000000,4.000000,4.000000,4.000000,0.000000,0.000000,0.000000,0
8,16000.000000,-2000.000000,400.000000,4.000000,4.000000,4.000000,0.000000,0.000000,0.000000,0
8,16000.000000,-2400.000000,400.000000,4.000000,4.000000,4.000000,0.000000,0.000000,0.000000,0
8,16000.000000,-2800.000000,400.000000,4.000000,4.000000,4.000000,0.000000,0.000000,0.000000,0
8,16000.000000,-3200.000000,400.000000,4.000000,4.000000,4.000000,0.000000,0.000000,0.000000,0
8,16000.000000,-3600.000000,400.000000,4.000000,4.000000,4.000000,0.000000,0.000000,0.000000,0
8,16000.000000,-4000.000000,400.000000,4.000000,4.000000,4.000000,0.000000,0.000000,0.000000,0
8,16000.000000,-4400.000000,400.000000,4.000000,4.000000,4.000000,0.000000,0.000000,0.000000,0
8,16000.000000,-4800.000000,400.000000,4.000000,4.000000,4.000000,0.000000,0.000000,0.000000,0
8,16000.000000,-5200.000000,400.000000,4.000000,4.000000,4.000000,0.000000,0.000000,0.000000,0
8,13600.000000,-3200.000000,400.000000,4.000000,4.000000,4.000000,0.000000,0.000000,0.000000,0
8,13200.000000,-3200.000000,400.000000,4.000000,4.000000,4.000000,0.000000,0.000000,0.000000,0
8,12800.000000,-3200.000000,400.000000,4.000000,4.000000,4.000000,0.000000,0.000000,0.000000,0
8,12400.000000,-3200.000000,400.000000,4.000000,4.000000,4.000000,0.000000,0.000000,0.000000,0
8,12000.000000,-3200.000000,400.000000,4.000000,4.000000,4.000000,0.000000,0.000000,0.000000,0
8,11600.000000,-3200.000000,400.000000,4.000000,4.000000,4.000000,0.000000,0.000000,0.000000,0
8,11200.000000,-3200.000000,400.000000,4.000000,4.000000,4.000000,0.000000,0.000000,0.000000,0
8,10800.000000,-3200.000000,400.000000,4.000000,4.000000,4.000000,0.000000,0.000000,0.000000,0
8,12800.000000,-5200.000000,400.000000,4.000000,4.000000,4.000000,0.000000,0.000000,0.000000,0
8,13200.000000,-5200.000000,400.000000,4.000000,4.000000,4.000000,0.000000,0.000000,0.000000,0
8,13600.000000,-5200.000000,400.000000,4.000000,4.000000,4.000000,0.000000,0.000000,0.000000,0
8,14000.000000,-5200.000000,400.000000,4.000000,4.000000,4.000000,0.000000,0.000000,0.000000,0
8,14400.000000,-5200.000000,400.000000,4.000000,4.000000,4.000000,0.000000,0.000000,0.000000,0
8,14800.000000,-5200.000000,400.000000,4.000000,4.000000,4.000000,0.000000,0.000000,0.000000,0
8,15200.000000,-5200.000000,400.000000,4.000000,4.000000,4.000000,0.000000,0.000000,0.000000,0
8,15600.000000,-5200.000000,400.000000,4.000000,4.000000,4.000000,0.000000,0.000000,0.000000,0
8,12800.000000,-5600.000000,400.000000,4.000000,4.000000,4.000000,0.000000,0.000000,0.000000,0
8,12800.000000,-6000.000000,400.000000,4.000000,4.000000,4.000000,0.000000,0.000000,0.000000,0
8,12800.000000,-6400.000000,400.000000,4.000000,4.000000,4.000000,0.000000,0.000000,0.000000,0
8,12800.000000,-6800.000000,400.000000,4.000000,4.000000,4.000000,0.000000,0.000000,0.000000,0
8,12800.000000,-7200.000000,400.000000,4.000000,4.000000,4.000000,0.000000,0.000000,0.000000,0
8,12800.000000,-7600.000000,400.000000,4.000000,4.000000,4.000000,0.000000,0.000000,0.000000,0
8,12800.000000,-8000.000000,400.000000,4.000000,4.000000,4.000000,0.000000,0.000000,0.000000,0
8,12800.000000,-8400.000000,400.000000,4.000000,4.000000,4.000000,0.000000,0.000000,0.000000,0
8,12800.000000,-8800.000000,400.000000,4.000000,4.000000,4.000000,0.000000,0.000000,0.000000,0
8,12800.000000,-9200.000000,400.000000,4.000000,4.000000,4.000000,0.000000,0.000000,0.000000,0
8,28000.000000,-7600.000000,400.000000,4.000000,4.000000,4.000000,0.000000,0.000000,0.000000,0
8,27600.000000,-7600.000000,400.000000,4.000000,4.000000,4.000000,0.000000,0.000000,0.000000,0
8,27200.000000,-7600.000000,400.000000,4.000000,4.000000,4.000000,0.000000,0.000000,0.000000,0
8,26800.000000,-7600.000000,400.000000,4.000000,4.000000,4.000000,0.000000,0.000000,0.000000,0
8,26400.000000,-7600.000000,400.000000,4.000000,4.000000,4.000000,0.000000,0.000000,0.000000,0
8,26000.000000,-7600.000000,400.000000,4.000000,4.000000,4.000000,0.000000,0.000000,0.000000,0
8,25600.000000,-7600.000000,400.000000,4.000000,4.000000,4.000000,0.000000,0.000000,0.000000,0
8,25200.000000,-7600.000000,400.000000,4.000000,4.000000,4.000000,0.000000,0.000000,0.000000,0
8,24800.000000,-7600.000000,400.000000,4.000000,4.000000,4.000000,0.000000,0.000000,0.000000,0
8,24400.000000,-7600.000000,400.000000,4.000000,4.000000,4.000000,0.000000,0.000000,0.000000,0
8,24000.000000,-7600.000000,400.000000,4.000000,4.000000,4.000000,0.000000,0.000000,0.000000,0
8,23600.000000,-7600.000000,400.000000,4.000000,4.000000,4.000000,0.000000,0.000000,0.000000,0
8,23200.000000,-7600.000000,400.000000,4.000000,4.000000,4.000000,0.000000,0.000000,0.000000,0
8,22800.000000,-7600.000000,400.000000,4.000000,4.000000,4.000000,0.000000,0.000000,0.000000,0
8,22400.000000,-7600.000000,400.000000,4.000000,4.000000,4.000000,0.000000,0.000000,0.000000,0
8,22000.000000,-7600.000000,400.000000,4.000000,4.000000,4.000000,0.000000,0.000000,0.000000,0
8,21600.000000,-7600.000000,400.000000,4.000000,4.000000,4.000000,0.000000,0.000000,0.000000,0
8,21200.000000,-7600.000000,400.000000,4.000000,4.000000,4.000000,0.000000,0.000000,0.000000,0
8,20800.000000,-7600.000000,400.000000,4.000000,4.000000,4.000000,0.000000,0.000000,0.000000,0
8,20400.000000,-7600.000000,400.000000,4.000000,4.000000,4.000000,0.000000,0.000000,0.000000,0
8,20000.000000,-7600.000000,400.000000,4.000000,4.000000,4.000000,0.000000,0.000000,0.000000,0
8,19600.000000,-7600.000000,400.000000,4.000000,4.000000,4.000000,0.000000,0.000000,0.000000,0
8,19200.000000,-7600.000000,400.000000,4.000000,4.000000,4.000000,0.000000,0.000000,0.000000,0
8,18800.000000,-7600.000000,400.000000,4.000000,4.000000,4.000000,0.000000,0.000000,0.000000,0
8,18400.000000,-7600.000000,400.000000,4.000000,4.000000,4.000000,0.000000,0.000000,0.000000,0
8,18000.000000,-7600.000000,400.000000,4.000000,4.000000,4.000000,0.000000,0.000000,0.000000,0
8,17600.000000,-7600.000000,400.000000,4.000000,4.000000,4.000000,0.000000,0.000000,0.000000,0
8,17600.000000,-6000.000000,400.000000,4.000000,4.000000,4.000000,0.000000,0.000000,0.000000,0
8,18000.000000,-6000.000000,400.000000,4.000000,4.000000,4.000000,0.000000,0.000000,0.000000,0
8,18400.000000,-6000.000000,400.000000,4.000000,4.000000,4.000000,0.000000,0.000000,0.000000,0
8,18800.000000,-6000.000000,400.000000,4.000000,4.000000,4.000000,0.000000,0.000000,0.000000,0
8,19200.000000,-6000.000000,400.000000,4.000000,4.000000,4.000000,0.000000,0.000000,0.000000,0
8,19600.000000,-6000.000000,400.000000,4.000000,4.000000,4.000000,0.000000,0.000000,0.000000,0
8,20000.000000,-6000.000000,400.000000,4.000000,4.000000,4.000000,0.000000,0.000000,0.000000,0
8,20400.000000,-6000.000000,400.000000,4.000000,4.000000,4.000000,0.000000,0.000000,0.000000,0
8,20800.000000,-6000.000000,400.000000,4.000000,4.000000,4.000000,0.000000,0.000000,0.000000,0
8,21200.000000,-6000.000000,400.000000,4.000000,4.000000,4.000000,0.000000,0.000000,0.000000,0
8,21600.000000,-6000.000000,400.000000,4.000000,4.000000,4.000000,0.000000,0.000000,0.000000,0
8,22000.000000,-6000.000000,400.000000,4.000000,4.000000,4.000000,0.000000,0.000000,0.000000,0
8,22400.000000,-6000.000000,400.000000,4.000000,4.000000,4.000000,0.000000,0.000000,0.000000,0
8,22800.000000,-6000.000000,400.000000,4.000000,4.000000,4.000000,0.000000,0.000000,0.000000,0
8,23200.000000,-6000.000000,400.000000,4.000000,4.000000,4.000000,0.000000,0.000000,0.000000,0
8,23600.000000,-6000.000000,400.000000,4.000000,4.000000,4.000000,0.000000,0.000000,0.000000,0
8,24000.000000,-6000.000000,400.000000,4.000000,4.000000,4.000000,0.000000,0.000000,0.000000,0
8,24400.000000,-6000.000000,400.000000,4.000000,4.000000,4.000000,0.000000,0.000000,0.000000,0
8,24800.000000,-6000.000000,400.000000,4.000000,4.000000,4.000000,0.000000,0.000000,0.000000,0
8,25200.000000,-6000.000000,400.000000,4.000000,4.000000,4.000000,0.000000,0.000000,0.000000,0
8,25600.000000,-6000.000000,400.000000,4.000000,4.000000,4.000000,0.000000,0.000000,0.000000,0
8,26000.000000,-6000.000000,400.000000,4.000000,4.000000,4.000000,0.000000,0.000000,0.000000,0
8,26400.000000,-6000.000000,400.000000,4.000000,4.000000,4.000000,0.000000,0.000000,0.000000,0
8,26800.000000,-6000.000000,400.000000,4.000000,4.000000,4.000000,0.000000,0.000000,0.000000,0
8,27200.000000,-6000.000000,400.000000,4.000000,4.000000,4.000000,0.000000,0.000000,0.000000,0
8,27600.000000,-6000.000000,400.000000,4.000000,4.000000,4.000000,0.000000,0.000000,0.000000,0
8,28000.000000,-6000.000000,400.000000,4.000000,4.000000,4.000000,0.000000,0.000000,0.000000,0
8,25600.000000,-4400.000000,400.000000,4.000000,4.000000,4.000000,0.000000,0.000000,0.000000,0
8,26000.000000,-4400.000000,400.000000,4.000000,4.000000,4.000000,0.000000,0.000000,0.000000,0
8,26400.000000,-4400.000000,400.000000,4.000000,4.000000,4.000000,0.000000,0.000000,0.000000,0
8,26800.000000,-4400.000000,400.000000,4.000000,4.000000,4.000000,0.000000,0.000000,0.000000,0
8,27200.000000,-4400.000000,400.000000,4.000000,4.000000,4.000000,0.000000,0.000000,0.000000,0
8,27600.000000,-4400.000000,400.000000,4.000000,4.000000,4.000000,0.000000,0.000000,0.000000,0
8,28000.000000,-4400.000000,400.000000,4.000000,4.000000,4.000000,0.000000,0.000000,0.000000,0
8,28400.000000,-4400.000000,400.000000,4.000000,4.000000,4.000000,0.000000,0.000000,0.000000,0
0,17600.000000,-4400.000000,0.000000,4.000000,4.000000,4.000000,0.000000,0.000000,0.000000,0
0,18000.000000,-4400.000000,0.000000,4.000000,4.000000,4.000000,0.000000,0.000000,0.000000,0
0,18400.000000,-4400.000000,0.000000,4.000000,4.000000,4.000000,0.000000,0.000000,0.000000,0
0,18800.000000,-4400.000000,0.000000,4.000000,4.000000,4.000000,0.000000,0.000000,0.000000,0
0,19200.000000,-4400.000000,0.000000,4.000000,4.000000,4.000000,0.000000,0.000000,0.000000,0
0,19600.000000,-4400.000000,0.000000,4.000000,4.000000,4.000000,0.000000,0.000000,0.000000,0
0,20000.000000,-4400.000000,0.000000,4.000000,4.000000,4.000000,0.000000,0.000000,0.000000,0
0,20400.000000,-4400.000000,0.000000,4.000000,4.000000,4.000000,0.000000,0.000000,0.000000,0
0,20800.000000,-4400.000000,0.000000,4.000000,4.000000,4.000000,0.000000,0.000000,0.000000,0
0,21200.000000,-4400.000000,0.000000,4.000000,4.000000,4.000000,0.000000,0.000000,0.000000,0
0,21600.000000,-4400.000000,0.000000,4.000000,4.000000,4.000000,0.000000,0.000000,0.000000,0
0,22000.000000,-4400.000000,0.000000,4.000000,4.000000,4.000000,0.000000,0.000000,0.000000,0
0,22400.000000,-4400.000000,0.000000,4.000000,4.000000,4.000000,0.000000,0.000000,0.000000,0
0,23200.000000,-4400.000000,0.000000,4.000000,4.000000,4.000000,0.000000,0.000000,0.000000,0
0,23600.000000,-4400.000000,0.000000,4.000000,4.000000,4.000000,0.000000,0.000000,0.000000,0
0,24000.000000,-4400.000000,0.000000,4.000000,4.000000,4.000000,0.000000,0.000000,0.000000,0
0,24400.000000,-4400.000000,0.000000,4.000000,4.000000,4.000000,0.000000,0.000000,0.000000,0
0,24800.000000,-4400.000000,0.000000,4.000000,4.000000,4.000000,0.000000,0.000000,0.000000,0
0,25200.000000,-4400.000000,0.000000,4.000000,4.000000,4.000000,0.000000,0.000000,0.000000,0
16,28000.000000,-6400.000000,0.000000,44.000000,44.000000,4.000000,0.000000,0.000000,0.000000,0,1
4,14000.000000,-6400.000000,0.000000,3.000000,3.000000,3.000000,0.000000,0.000000,0.000000,0
4,15600.000000,-6400.000000,0.000000,3.000000,3.000000,3.000000,0.000000,0.000000,0.000000,0
4,14000.000000,-8000.000000,0.000000,3.000000,3.000000,3.000000,0.000000,0.000000,0.000000,0
4,15600.000000,-8000.000000,0.000000,3.000000,3.000000,3.000000,0.000000,0.000000,0.000000,0
4,14800.000000,0.000000,0.000000,3.000000,3.000000,3.000000,0.000000,0.000000,0.000000,0
4,14800.000000,-4000.000000,0.000000,3.000000,3.000000,3.000000,0.000000,0.000000,0.000000,0
4,11600.000000,-4000.000000,0.000000,3.000000,3.000000,3.000000,0.000000,0.000000,0.000000,0
4,11600.000000,-10800.000000,0.000000,3.000000,3.000000,3.000000,0.000000,0.000000,0.000000,0
0,9600.000000,0.000000,0.000000,4.000000,4.000000,4.000000,0.000000,0.000000,0.000000,0
0,9200.000000,0.000000,0.000000,4.000000,4.000000,4.000000,0.000000,0.000000,0.000000,0
0,8800.000000,0.000000,0.000000,4.000000,4.000000,4.000000,0.000000,0.000000,0.000000,0
0,8400.000000,0.000000,0.000000,4.000000,4.000000,4.000000,0.000000,0.000000,0.000000,0
0,8000.000000,0.000000,0.000000,4.000000,4.000000,4.000000,0.000000,0.000000,0.000000,0
0,7600.000000,0.000000,0.000000,4.000000,4.000000,4.000000,0.000000,0.000000,0.000000,0
0,7200.000000,0.000000,0.000000,4.000000,4.000000,4.000000,0.000000,0.000000,0.000000,0
0,6800.000000,0.000000,0.000000,4.000000,4.000000,4.000000,0.000000,0.000000,0.000000,0
0,6400.000000,0.000000,0.000000,4.000000,4.000000,4.000000,0.000000,0.000000,0.000000,0
0,6000.000000,0.000000,0.000000,4.000000,4.000000,4.000000,0.000000,0.000000,0.000000,0
0,5600.000000,0.000000,0.000000,4.000000,4.000000,4.000000,0.000000,0.000000,0.000000,0
0,5200.000000,0.000000,0.000000,4.000000,4.000000,4.000000,0.000000,0.000000,0.000000,0
0,4800.000000,0.000000,0.000000,4.000000,4.000000,4.000000,0.000000,0.000000,0.000000,0
0,4400.000000,0.000000,0.000000,4.000000,4.000000,4.000000,0.000000,0.000000,0.000000,0
0,4000.000000,0.000000,0.000000,4.000000,4.000000,4.000000,0.000000,0.000000,0.000000,0
0,3600.000000,0.000000,0.000000,4.000000,4.000000,4.000000,0.000000,0.000000,0.000000,0
0,3200.000000,0.000000,0.000000,4.000000,4.000000,4.000000,0.000000,0.000000,0.000000,0
0,2800.000000,0.000000,0.000000,4.000000,4.000000,4.000000,0.000000,0.000000,0.000000,0
0,2400.000000,0.000000,0.000000,4.000000,4.000000,4.000000,0.000000,0.000000,0.000000,0
0,2000.000000,0.000000,0.000000,4.000000,4.000000,4.000000,0.000000,0.000000,0.000000,0
0,2000.000000,400.000000,0.000000,4.000000,4.000000,4.000000,0.000000,0.000000,0.000000,0
0,1600.000000,400.000000,0.000000,4.000000,4.000000,4.000000,0.000000,0.000000,0.000000,0
0,1200.000000,400.000000,0.000000,4.000000,4.000000,4.000000,0.000000,0.000000,0.000000,0
0,800.000000,400.000000,0.000000,4.000000,4.000000,4.000000,0.000000,0.000000,0.000000,0
0,400.000000,400.000000,0.000000,4.000000,4.000000,4.000000,0.000000,0.000000,0.000000,0
0,0.000000,400.000000,0.000000,4.000000,4.000000,4.000000,0.000000,0.000000,0.000000,0
0,-400.000000,400.000000,0.000000,4.000000,4.000000,4.000000,0.000000,0.000000,0.000000,0
0,-800.000000,400.000000,0.000000,4.000000,4.000000,4.000000,0.000000,0.000000,0.000000,0
0,-1200.000000,400.000000,0.000000,4.000000,4.000000,4.000000,0.000000,0.000000,0.000000,0
0,-1600.000000,400.000000,0.000000,4.000000,4.000000,4.000000,0.000000,0.000000,0.000000,0
0,-2000.000000,400.000000,0.000000,4.000000,4.000000,4.000000,0.000000,0.000000,0.000000,0
0,-2400.000000,400.000000,0.000000,4.000000,4.000000,4.000000,0.000000,0.000000,0.000000,0
0,-2800.000000,400.000000,0.000000,4.000000,4.000000,4.000000,0.000000,0.000000,0.000000,0
0,-3200.000000,400.000000,0.000000,4.000000,4.000000,4.000000,0.000000,0.000000,0.000000,0
0,-3600.000000,400.000000,0.000000,4.000000,4.000000,4.000000,0.000000,0.000000,0.000000,0
0,-4000.000000,400.000000,0.000000,4.000000,4.000000,4.000000,0.000000,0.000000,0.000000,0
0,-4400.000000,400.000000,0.000000,4.000000,4.000000,4.000000,0.000000,0.000000,0.000000,0
0,-4800.000000,400.000000,0.000000,4.000000,4.000000,4.000000,0.000000,0.000000,0.000000,0
0,-5200.000000,400.000000,0.000000,4.000000,4.000000,4.000000,0.000000,0.000000,0.000000,0
0,-5600.000000,400.000000,0.000000,4.000000,4.000000,4.000000,0.000000,0.000000,0.000000,0
0,-6000.000000,400.000000,0.000000,4.000000,4.000000,4.000000,0.000000,0.000000,0.000000,0
0,-6400.000000,400.000000,0.000000,4.000000,4.000000,4.000000,0.000000,0.000000,0.000000,0
0,-6800.000000,400.000000,0.000000,4.000000,4.000000,4.000000,0.000000,0.000000,0.000000,0
0,-7200.000000,400.000000,0.000000,4.000000,4.000000,4.000000,0.000000,0.000000,0.000000,0
0,-7600.000000,400.000000,0.000000,4.000000,4.000000,4.000000,0.000000,0.000000,0.000000,0
0,-8000.000000,400.000000,0.000000,4.000000,4.000000,4.000000,0.000000,0.000000,0.000000,0
0,-8000.000000,-1200.000000,0.000000,4.000000,4.000000,4.000000,0.000000,0.000000,0.000000,0
0,-8000.000000,-800.000000,0.000000,4.000000,4.000000,4.000000,0.000000,0.000000,0.000000,0
0,-8000.000000,-400.000000,0.000000,4.000000,4.000000,4.000000,0.000000,0.000000,0.000000,0
0,-8000.000000,0.000000,0.000000,4.000000,4.000000,4.000000,0.000000,0.000000,0.000000,0
0,-2800.000000,-1600.000000,0.000000,4.000000,4.000000,4.000000,0.000000,0.000000,0.000000,0
0,-3200.000000,-1600.000000,0.000000,4.000000,4.000000,4.000000,0.000000,0.000000,0.000000,0
0,-3600.000000,-1600.000000,0.000000,4.000000,4.000000,4.000000,0.000000,0.000000,0.000000,0
0,-4000.000000,-1600.000000,0.000000,4.000000,4.000000,4.000000,0.000000,0.000000,0.000000,0
0,-4400.000000,-1600.000000,0.000000,4.000000,4.000000,4.000000,0.000000,0.000000,0.000000,0
0,-4800.000000,-1600.000000,0.000000,4.000000,4.000000,4.000000,0.000000,0.000000,0.000000,0
0,-5200.000000,-1600.000000,0.000000,4.000000,4.000000,4.000000,0.000000,0.000000,0.000000,0
0,-5600.000000,-1600.000000,0.000000,4.000000,4.000000,4.000000,0.000000,0.000000,0.000000,0
0,-6000.000000,-1600.000000,0.000000,4.000000,4.000000,4.000000,0.000000,0.000000,0.000000,0
0,-6400.000000,-1600.000000,0.000000,4.000000,4.000000,4.000000,0.000000,0.000000,0.000000,0
0,-6800.000000,-1600.000000,0.000000,4.000000,4.000000,4.000000,0.000000,0.000000,0.000000,0
0,-7200.000000,-1600.000000,0.000000,4.000000,4.000000,4.000000,0.000000,0.000000,0.000000,0
0,-7600.000000,-1600.000000,0.000000,4.000000,4.000000,4.000000,0.000000,0.000000,0.000000,0
0,-8000.000000,-1600.000000,0.000000,4.000000,4.000000,4.000000,0.000000,0.000000,0.000000,0
0,10000.000000,-1600.000000,0.000000,4.000000,4.000000,4.000000,0.000000,0.000000,0.000000,0
0,9600.000000,-1600.000000,0.000000,4.000000,4.000000,4.000000,0.000000,0.000000,0.000000,0
0,9200.000000,-1600.000000,0.000000,4.000000,4.000000,4.000000,0.000000,0.000000,0.000000,0
0,8800.000000,-1600.000000,0.000000,4.000000,4.000000,4.000000,0.000000,0.000000,0.000000,0
0,8400.000000,-1600.000000,0.000000,4.000000,4.000000,4.000000,0.000000,0.000000,0.000000,0
0,8000.000000,-1600.000000,0.000000,4.000000,4.000000,4.000000,0.000000,0.000000,0.000000,0
0,7600.000000,-1600.000000,0.000000,4.000000,4.000000,4.000000,0.000000,0.000000,0.000000,0
0,7200.000000,-1600.000000,0.000000,4.000000,4.000000,4.000000,0.000000,0.000000,0.000000,0
0,6800.000000,-1600.000000,0.000000,4.000000,4.000000,4.000000,0.000000,0.000000,0.000000,0
0,6400.000000,-1600.000000,0.000000,4.000000,4.000000,4.000000,0.000000,0.000000,0.000000,0
0,6000.000000,-1600.000000,0.000000,4.000000,4.000000,4.000000,0.000000,0.000000,0.000000,0
0,5600.000000,-1600.000000,0.000000,4.000000,4.000000,4.000000,0.000000,0.000000,0.000000,0
0,5200.000000,-1600.000000,0.000000,4.000000,4.000000,4.000000,0.000000,0.000000,0.000000,0
0,4800.000000,-1600.000000,0.000000,4.000000,4.000000,4.000000,0.000000,0.000000,0.000000,0
0,4400.000000,-1600.000000,0.000000,4.000000,4.000000,4.000000,0.000000,0.000000,0.000000,0
0,4000.000000,-1600.000000,0.000000,4.000000,4.000000,4.000000,0.000000,0.000000,0.000000,0
0,3600.000000,-1600.000000,0.000000,4.000000,4.000000,4.000000,0.000000,0.000000,0.000000,0
0,3200.000000,-1600.000000,0.000000,4.000000,4.000000,4.000000,0.000000,0.000000,0.000000,0
0,2800.000000,-1600.000000,0.000000,4.000000,4.000000,4.000000,0.000000,0.000000,0.000000,0
0,2400.000000,-1600.000000,0.000000,4.000000,4.000000,4.000000,0.000000,0.000000,0.000000,0
0,2000.000000,-1600.000000,0.000000,4.000000,4.000000,4.000000,0.000000,0.000000,0.000000,0
0,1600.000000,-1600.000000,0.000000,4.000000,4.000000,4.000000,0.000000,0.000000,0.000000,0
0,1200.000000,-1600.000000,0.000000,4.000000,4.000000,4.000000,0.000000,0.000000,0.000000,0
0,800.000000,-1600.000000,0.000000,4.000000,4.000000,4.000000,0.000000,0.000000,0.000000,0
0,400.000000,-1600.000000,0.000000,4.000000,4.000000,4.000000,0.000000,0.000000,0.000000,0
0,0.000000,-1600.000000,0.000000,4.000000,4.000000,4.000000,0.000000,0.000000,0.000000,0
0,-7600.000000,400.000000,400.000000,4.000000,4.000000,4.000000,0.000000,0.000000,0.000000,0
0,-8000.000000,400.000000,400.000000,4.000000,4.000000,4.000000,0.000000,0.000000,0.000000,0
0,-8000.000000,0.000000,400.000000,4.000000,4.000000,4.000000,0.000000,0.000000,0.000000,0
0,-8000.000000,-400.000000,400.000000,4.000000,4.000000,4.000000,0.000000,0.000000,0.000000,0
0,-8000.000000,-800.000000,400.000000,4.000000,4.000000,4.000000,0.000000,0.000000,0.000000,0
0,-8000.000000,-1200.000000,400.000000,4.000000,4.000000,4.000000,0.000000,0.000000,0.000000,0
0,-8000.000000,-1600.000000,400.000000,4.000000,4.000000,4.000000,0.000000,0.000000,0.000000,0
0,-7600.000000,-1600.000000,400.000000,4.000000,4.000000,4.000000,0.000000,0.000000,0.000000,0
0,-7200.000000,-1600.000000,400.000000,4.000000,4.000000,4.000000,0.000000,0.000000,0.000000,0
0,-6800.000000,-1600.000000,400.000000,4.000000,4.000000,4.000000,0.000000,0.000000,0.000000,0
0,-6400.000000,-1600.000000,400.000000,4.000000,4.000000,4.000000,0.000000,0.000000,0.000000,0
0,-6000.000000,-1600.000000,400.000000,4.000000,4.000000,4.000000,0.000000,0.000000,0.000000,0
0,-5600.000000,-1600.000000,400.000000,4.000000,4.000000,4.000000,0.000000,0.000000,0.000000,0
0,-5200.000000,-1600.000000,400.000000,4.000000,4.000000,4.000000,0.000000,0.000000,0.000000,0
0,-4800.000000,-1600.000000,400.000000,4.000000,4.000000,4.000000,0.000000,0.000000,0.000000,0
0,-4400.000000,-1600.000000,400.000000,4.000000,4.000000,4.000000,0.000000,0.000000,0.000000,0
0,-4000.000000,-1600.000000,400.000000,4.000000,4.000000,4.000000,0.000000,0.000000,0.000000,0
0,-3600.000000,-1600.000000,400.000000,4.000000,4.000000,4.000000,0.000000,0.000000,0.000000,0
0,-3200.000000,-1600.000000,400.000000,4.000000,4.000000,4.000000,0.000000,0.000000,0.000000,0
0,-2800.000000,-1600.000000,400.000000,4.000000,4.000000,4.000000,0.000000,0.000000,0.000000,0
0,800.000000,-1600.000000,400.000000,4.000000,4.000000,4.000000,0.000000,0.000000,0.000000,0
0,400.000000,-1600.000000,400.000000,4.000000,4.000000,4.000000,0.000000,0.000000,0.000000,0
0,0.000000,-1600.000000,400.000000,4.000000,4.000000,4.000000,0.000000,0.000000,0.000000,0
0,-400.000000,-1600.000000,400.000000,4.000000,4.000000,4.000000,0.000000,0.000000,0.000000,0
0,-7200.000000,400.000000,400.000000,4.000000,4.000000,4.000000,0.000000,0.000000,0.000000,0
0,-6800.000000,400.000000,400.000000,4.000000,4.000000,4.000000,0.000000,0.000000,0.000000,0
0,-6400.000000,400.000000,400.000000,4.000000,4.000000,4.000000,0.000000,0.000000,0.000000,0
0,-6000.000000,400.000000,400.000000,4.000000,4.000000,4.000000,0.000000,0.000000,0.000000,0
0,-5600.000000,400.000000,400.000000,4.000000,4.000000,4.000000,0.000000,0.000000,0.000000,0
0,-5200.000000,400.000000,400.000000,4.000000,4.000000,4.000000,0.000000,0.000000,0.000000,0
0,-4800.000000,400.000000,400.000000,4.000000,4.000000,4.000000,0.000000,0.000000,0.000000,0
0,-4400.000000,400.000000,400.000000,4.000000,4.000000,4.000000,0.000000,0.000000,0.000000,0
0,-4000.000000,400.000000,400.000000,4.000000,4.000000,4.000000,0.000000,0.000000,0.000000,0
0,-3600.000000,400.000000,400.000000,4.000000,4.000000,4.000000,0.000000,0.000000,0.000000,0
0,-3200.000000,400.000000,400.000000,4.000000,4.000000,4.000000,0.000000,0.000000,0.000000,0
0,-2800.000000,400.000000,400.000000,4.000000,4.000000,4.000000,0.000000,0.000000,0.000000,0
0,-2400.000000,400.000000,400.000000,4.000000,4.000000,4.000000,0.000000,0.000000,0.000000,0
0,-2000.000000,400.000000,400.000000,4.000000,4.000000,4.000000,0.000000,0.000000,0.000000,0
0,-1600.000000,400.000000,400.000000,4.000000,4.000000,4.000000,0.000000,0.000000,0.000000,0
0,-1200.000000,400.000000,400.000000,4.000000,4.000000,4.000000,0.000000,0.000000,0.000000,0
0,-800.000000,400.000000,400.000000,4.000000,4.000000,4.000000,0.000000,0.000000,0.000000,0
0,-400.000000,400.000000,400.000000,4.000000,4.000000,4.000000,0.000000,0.000000,0.000000,0
0,0.000000,400.000000,400.000000,4.000000,4.000000,4.000000,0.000000,0.000000,0.000000,0
0,400.000000,400.000000,400.000000,4.000000,4.000000,4.000000,0.000000,0.000000,0.000000,0
0,800.000000,400.000000,400.000000,4.000000,4.000000,4.000000,0.000000,0.000000,0.000000,0
0,1200.000000,400.000000,400.000000,4.000000,4.000000,4.000000,0.000000,0.000000,0.000000,0
0,1600.000000,400.000000,400.000000,4.000000,4.000000,4.000000,0.000000,0.000000,0.000000,0
0,2000.000000,400.000000,400.000000,4.000000,4.000000,4.000000,0.000000,0.000000,0.000000,0
0,2400.000000,400.000000,400.000000,4.000000,4.000000,4.000000,0.000000,0.000000,0.000000,0
0,2000.000000,0.000000,400.000000,4.000000,4.000000,4.000000,0.000000,0.000000,0.000000,0
0,2400.000000,0.000000,400.000000,4.000000,4.000000,4.000000,0.000000,0.000000,0.000000,0
0,2800.000000,0.000000,400.000000,4.000000,4.000000,4.000000,0.000000,0.000000,0.000000,0
0,3200.000000,0.000000,400.000000,4.000000,4.000000,4.000000,0.000000,0.000000,0.000000,0
0,3600.000000,0.000000,400.000000,4.000000,4.000000,4.000000,0.000000,0.000000,0.000000,0
0,4000.000000,0.000000,400.000000,4.000000,4.000000,4.000000,0.000000,0.000000,0.000000,0
0,4400.000000,0.000000,400.000000,4.000000,4.000000,4.000000,0.000000,0.000000,0.000000,0
0,4800.000000,0.000000,400.000000,4.000000,4.000000,4.000000,0.000000,0.000000,0.000000,0
0,5200.000000,0.000000,400.000000,4.000000,4.000000,4.000000,0.000000,0.000000,0.000000,0
0,5600.000000,0.000000,400.000000,4.000000,4.000000,4.000000,0.000000,0.000000,0.000000,0
0,6000.000000,0.000000,400.000000,4.000000,4.000000,4.000000,0.000000,0.000000,0.000000,0
0,6400.000000,0.000000,400.000000,4.000000,4.000000,4.000000,0.000000,0.000000,0.000000,0
0,6800.000000,0.000000,400.000000,4.000000,4.000000,4.000000,0.000000,0.000000,0.000000,0
0,7200.000000,0.000000,400.000000,4.000000,4.000000,4.000000,0.000000,0.000000,0.000000,0
0,7600.000000,0.000000,400.000000,4.000000,4.000000,4.000000,0.000000,0.000000,0.000000,0
0,8000.000000,0.000000,400.000000,4.000000,4.000000,4.000000,0.000000,0.000000,0.000000,0
0,8400.000000,0.000000,400.000000,4.000000,4.000000,4.000000,0.000000,0.000000,0.000000,0
0,8800.000000,0.000000,400.000000,4.000000,4.000000,4.000000,0.000000,0.000000,0.000000,0
0,9200.000000,0.000000,400.000000,4.000000,4.000000,4.000000,0.000000,0.000000,0.000000,0
0,9600.000000,0.000000,400.000000,4.000000,4.000000,4.000000,0.000000,0.000000,0.000000,0
0,10000.000000,0.000000,400.000000,4.000000,4.000000,4.000000,0.000000,0.000000,0.000000,0
0,10000.000000,-1600.000000,400.000000,4.000000,4.000000,4.000000,0.000000,0.000000,0.000000,0
0,9600.000000,-1600.000000,400.000000,4.000000,4.000000,4.000000,0.000000,0.000000,0.000000,0
0,9200.000000,-1600.000000,400.000000,4.000000,4.000000,4.000000,0.000000,0.000000,0.000000,0
0,8800.000000,-1600.000000,400.000000,4.000000,4.000000,4.000000,0.000000,0.000000,0.000000,0
0,8400.000000,-1600.000000,400.000000,4.000000,4.000000,4.000000,0.000000,0.000000,0.000000,0
0,8000.000000,-1600.000000,400.000000,4.000000,4.000000,4.000000,0.000000,0.000000,0.000000,0
0,7600.000000,-1600.000000,400.000000,4.000000,4.000000,4.000000,0.000000,0.000000,0.000000,0
0,7200.000000,-1600.000000,400.000000,4.000000,4.000000,4.000000,0.000000,0.000000,0.000000,0
0,6800.000000,-1600.000000,400.000000,4.000000,4.000000,4.000000,0.000000,0.000000,0.000000,0
0,6400.000000,-1600.000000,400.000000,4.000000,4.000000,4.000000,0.000000,0.000000,0.000000,0
0,6000.000000,-1600.000000,400.000000,4.000000,4.000000,4.000000,0.000000,0.000000,0.000000,0
0,5600.000000,-1600.000000,400.000000,4.000000,4.000000,4.000000,0.000000,0.000000,0.000000,0
0,5200.000000,-1600.000000,400.000000,4.000000,4.000000,4.000000,0.000000,0.000000,0.000000,0
0,4800.000000,-1600.000000,400.000000,4.000000,4.000000,4.000000,0.000000,0.000000,0.000000,0
0,4400.000000,-1600.000000,400.000000,4.000000,4.000000,4.000000,0.000000,0.000000,0.000000,0
0,4000.000000,-1600.000000,400.000000,4.000000,4.000000,4.000000,0.000000,0.000000,0.000000,0
0,3600.000000,-1600.000000,400.000000,4.000000,4.000000,4.000000,0.000000,0.000000,0.000000,0
0,3200.000000,-1600.000000,400.000000,4.000000,4.000000,4.000000,0.000000,0.000000,0.000000,0
0,2800.000000,-1600.000000,400.000000,4.000000,4.000000,4.000000,0.000000,0.000000,0.000000,0
0,2400.000000,-1600.000000,400.000000,4.000000,4.000000,4.000000,0.000000,0.000000,0.000000,0
0,2000.000000,-1600.000000,400.000000,4.000000,4.000000,4.000000,0.000000,0.000000,0.000000,0
0,1600.000000,-1600.000000,400.000000,4.000000,4.000000,4.000000,0.000000,0.000000,0.000000,0
0,1200.000000,-1600.000000,400.000000,4.000000,4.000000,4.000000,0.000000,0.000000,0.000000,0
6,2000.000000,-800.000000,-400.000000,4.000000,19.000000,4.000000,0.000000,0.000000,0.000000,0
8,13600.000000,-9200.000000,400.000000,4.000000,4.000000,4.000000,0.000000,0.000000,0.000000,0
8,14000.000000,-9200.000000,400.000000,4.000000,4.000000,4.000000,0.000000,0.000000,0.000000,0
8,13200.000000,-9200.000000,400.000000,4.000000,4.000000,4.000000,0.000000,0.000000,0.000000,0
8,14400.000000,-9200.000000,400.000000,4.000000,4.000000,4.000000,0.000000,0.000000,0.000000,0
8,14800.000000,-9200.000000,400.000000,4.000000,4.000000,4.000000,0.000000,0.000000,0.000000,0
8,15200.000000,-9200.000000,400.000000,4.000000,4.000000,4.000000,0.000000,0.000000,0.000000,0
8,15600.000000,-9200.000000,400.000000,4.000000,4.000000,4.000000,0.000000,0.000000,0.000000,0
8,16000.000000,-9200.000000,400.000000,4.000000,4.000000,4.000000,0.000000,0.000000,0.000000,0
8,10000.000000,-800.000000,800.000000,4.000000,4.000000,4.000000,0.000000,0.000000,0.000000,0
8,10000.000000,-400.000000,800.000000,4.000000,4.000000,4.000000,0.000000,0.000000,0.000000,0
4,14400.000000,-10000.000000,0.000000,3.000000,3.000000,3.000000,0.000000,0.000000,0.000000,0
4,17200.000000,-10800.000000,0.000000,3.000000,3.000000,3.000000,0.000000,0.000000,0.000000,0
4,20000.000000,-10000.000000,0.000000,3.000000,3.000000,3.000000,0.000000,0.000000,0.000000,0
4,22800.000000,-10800.000000,0.000000,3.000000,3.000000,3.000000,0.000000,0.000000,0.000000,0
35,8400.000000,-800.000000,0.000000,24.000000,24.000000,4.000000,0.000000,0.000000,0.000000,0,0,1000,-1500,-2000
0,-400.000000,-2000.000000,400.000000,4.000000,4.000000,4.000000,0.000000,0.000000,0.000000,0
0,-400.000000,-2400.000000,400.000000,4.000000,4.000000,4.000000,0.000000,0.000000,0.000000,0
0,-400.000000,-2800.000000,400.000000,4.000000,4.000000,4.000000,0.000000,0.000000,0.000000,0
0,-400.000000,-3200.000000,400.000000,4.000000,4.000000,4.000000,0.000000,0.000000,0.000000,0
0,-400.000000,-3600.000000,400.000000,4.000000,4.000000,4.000000,0.000000,0.000000,0.000000,0
0,-800.000000,-3600.000000,400.000000,4.000000,4.000000,4.000000,0.000000,0.000000,0.000000,0
0,-1200.000000,-3600.000000,400.000000,4.000000,4.000000,4.000000,0.000000,0.000000,0.000000,0
0,-1600.000000,-3600.000000,400.000000,4.000000,4.000000,4.000000,0.000000,0.000000,0.000000,0
0,-2000.000000,-3600.000000,400.000000,4.000000,4.000000,4.000000,0.000000,0.000000,0.000000,0
0,-2400.000000,-3600.000000,400.000000,4.000000,4.000000,4.000000,0.000000,0.000000,0.000000,0
0,-2400.000000,-3200.000000,400.000000,4.000000,4.000000,4.000000,0.000000,0.000000,0.000000,0
0,-2400.000000,-2800.000000,400.000000,4.000000,4.000000,4.000000,0.000000,0.000000,0.000000,0
0,-2400.000000,-2400.000000,400.000000,4.000000,4.000000,4.000000,0.000000,0.000000,0.000000,0
0,-2400.000000,-2000.000000,400.000000,4.000000,4.000000,4.000000,0.000000,0.000000,0.000000,0
0,-2400.000000,-1600.000000,400.000000,4.000000,4.000000,4.000000,0.000000,0.000000,0.000000,0
0,-2400.000000,-1600.000000,0.000000,4.000000,4.000000,4.000000,0.000000,0.000000,0.000000,0
0,-2400.000000,-2000.000000,0.000000,4.000000,4.000000,4.000000,0.000000,0.000000,0.000000,0
0,-2400.000000,-2400.000000,0.000000,4.000000,4.000000,4.000000,0.000000,0.000000,0.000000,0
0,-2400.000000,-2800.000000,0.000000,4.000000,4.000000,4.000000,0.000000,0.000000,0.000000,0
0,-2400.000000,-3200.000000,0.000000,4.000000,4.000000,4.000000,0.000000,0.000000,0.000000,0
0,-2400.000000,-3600.000000,0.000000,4.000000,4.000000,4.000000,0.000000,0.000000,0.000000,0
0,-2000.000000,-3600.000000,0.000000,4.000000,4.000000,4.000000,0.000000,0.000000,0.000000,0
0,-1200.000000,-3600.000000,0.000000,4.000000,4.000000,4.000000,0.000000,0.000000,0.000000,0
0,-800.000000,-3600.000000,0.000000,4.000000,4.000000,4.000000,0.000000,0.000000,0.000000,0
0,-400.000000,-3600.000000,0.000000,4.000000,4.000000,4.000000,0.000000,0.000000,0.000000,0
0,-400.000000,-2800.000000,0.000000,4.000000,4.000000,4.000000,0.000000,0.000000,0.000000,0
0,-400.000000,-2400.000000,0.000000,4.000000,4.000000,4.000000,0.000000,0.000000,0.000000,0
0,-400.000000,-2000.000000,0.000000,4.000000,4.000000,4.000000,0.000000,0.000000,0.000000,0
0,-400.000000,-1600.000000,0.000000,4.000000,4.000000,4.000000,0.000000,0.000000,0.000000,0
7,-2000.000000,-3200.000000,0.000000,4.000000,4.000000,4.000000,0.000000,0.000000,0.000000,0
7,-1600.000000,-3200.000000,0.000000,4.000000,4.000000,4.000000,0.000000,0.000000,0.000000,0
7,-1200.000000,-3200.000000,0.000000,4.000000,4.000000,4.000000,0.000000,0.000000,0.000000,0
6,-400.000000,-2800.000000,-400.000000,4.000000,24.000000,4.000000,0.000000,0.000000,0.000000,0
6,-2400.000000,-1600.000000,-400.000000,4.000000,39.000000,4.000000,0.000000,0.000000,0.000000,0
6,28400.000000,-8000.000000,-400.000000,4.000000,74.000000,4.000000,0.000000,0.000000,0.000000,0
6,26000.000000,-8400.000000,-400.000000,4.000000,14.000000,4.000000,0.000000,0.000000,0.000000,0
0,17200.000000,-4400.000000,0.000000,4.000000,4.000000,4.000000,0.000000,0.000000,0.000000,0
8,17200.000000,-6000.000000,400.000000,4.000000,4.000000,4.000000,0.000000,0.000000,0.000000,0
8,17200.000000,-7600.000000,400.000000,4.000000,4.000000,4.000000,0.000000,0.000000,0.000000,0
0,22800.000000,-4400.000000,0.000000,4.000000,4.000000,4.000000,0.000000,0.000000,0.000000,0
6,23200.000000,-4400.000000,-400.000000,114.000000,4.000000,4.000000,0.000000,0.000000,0.000000,0
0,-1600.000000,-3600.000000,0.000000,4.000000,4.000000,4.000000,0.000000,0.000000,0.000000,0
6,-1600.000000,-3200.000000,-400.000000,24.000000,4.000000,4.000000,0.000000,0.000000,0.000000,0
7,28400.000000,-5200.000000,0.000000,4.000000,4.000000,4.000000,0.000000,0.000000,1.570796,0
7,28400.000000,-4800.000000,0.000000,4.000000,4.000000,4.000000,0.000000,0.000000,1.570796,0
35,25200.000000,-11200.000000,0.000000,74.000000,74.000000,4.000000,0.000000,0.000000,1.570796,0,0,1500,0,-1500
7,26000.000000,-1200.000000,0.000000,4.000000,4.000000,4.000000,0.000000,0.000000,-1.570796,0
7,26000.000000,-1600.000000,0.000000,4.000000,4.000000,4.000000,0.000000,0.000000,-1.570796,0
7,26000.000000,-2000.000000,0.000000,4.000000,4.000000,4.000000,0.000000,0.000000,-1.570796,0
7,26000.000000,-2400.000000,0.000000,4.000000,4.000000,4.000000,0.000000,0.000000,-1.570796,0
7,26000.000000,-2800.000000,0.000000,4.000000,4.000000,4.000000,0.000000,0.000000,-1.570796,0
7,26000.000000,-3200.000000,0.000000,4.000000,4.000000,4.000000,0.000000,0.000000,-1.570796,0
7,26000.000000,-3600.000000,0.000000,4.000000,4.000000,4.000000,0.000000,0.000000,-1.570796,0
7,26000.000000,-4000.000000,0.000000,4.000000,4.000000,4.000000,0.000000,0.000000,-1.570796,0
7,26000.000000,-4400.000000,0.000000,4.000000,4.000000,4.000000,0.000000,0.000000,-1.570796,0
0,10800.000000,0.000000,3200.000000,4.000000,4.000000,4.000000,0.000000,0.000000,0.000000,0
0,11200.000000,0.000000,3200.000000,4.000000,4.000000,4.000000,0.000000,0.000000,0.000000,0
0,11600.000000,0.000000,3200.000000,4.000000,4.000000,4.000000,0.000000,0.000000,0.000000,0
0,12000.000000,0.000000,3200.000000,4.000000,4.000000,4.000000,0.000000,0.000000,0.000000,0
0,12400.000000,0.000000,3200.000000,4.000000,4.000000,4.000000,0.000000,0.000000,0.000000,0
0,12800.000000,0.000000,3200.000000,4.000000,4.000000,4.000000,0.000000,0.000000,0.000000,0
0,13200.000000,0.000000,3200.000000,4.000000,4.000000,4.000000,0.000000,0.000000,0.000000,0
0,13600.000000,0.000000,3200.000000,4.000000,4.000000,4.000000,0.000000,0.000000,0.000000,0
0,14000.000000,0.000000,3200.000000,4.000000,4.000000,4.000000,0.000000,0.000000,0.000000,0
0,14400.000000,0.000000,3200.000000,4.000000,4.000000,4.000000,0.000000,0.000000,0.000000,0
0,14400.000000,-400.000000,3200.000000,4.000000,4.000000,4.000000,0.000000,0.000000,0.000000,0
0,14400.000000,-800.000000,3200.000000,4.000000,4.000000,4.000000,0.000000,0.000000,0.000000,0
0,14400.000000,-1200.000000,3200.000000,4.000000,4.000000,4.000000,0.000000,0.000000,0.000000,0
0,14400.000000,-1600.000000,3200.000000,4.000000,4.000000,4.000000,0.000000,0.000000,0.000000,0
0,14400.000000,-2000.000000,3200.000000,4.000000,4.000000,4.000000,0.000000,0.000000,0.000000,0
0,14400.000000,-2400.000000,3200.000000,4.000000,4.000000,4.000000,0.000000,0.000000,0.000000,0
0,14400.000000,-2800.000000,3200.000000,4.000000,4.000000,4.000000,0.000000,0.000000,0.000000,0
0,14400.000000,-3200.000000,3200.000000,4.000000,4.000000,4.000000,0.000000,0.000000,0.000000,0
0,14400.000000,-3600.000000,3200.000000,4.000000,4.000000,4.000000,0.000000,0.000000,0.000000,0
0,14400.000000,-4000.000000,3200.000000,4.000000,4.000000,4.000000,0.000000,0.000000,0.000000,0
0,14400.000000,-4400.000000,3200.000000,4.000000,4.000000,4.000000,0.000000,0.000000,0.000000,0
0,14400.000000,-4800.000000,3200.000000,4.000000,4.000000,4.000000,0.000000,0.000000,0.000000,0
0,14000.000000,-4800.000000,3200.000000,4.000000,4.000000,4.000000,0.000000,0.000000,0.000000,0
0,13600.000000,-4800.000000,3200.000000,4.000000,4.000000,4.000000,0.000000,0.000000,0.000000,0
0,13200.000000,-4800.000000,3200.000000,4.000000,4.000000,4.000000,0.000000,0.000000,0.000000,0
0,12800.000000,-4800.000000,3200.000000,4.000000,4.000000,4.000000,0.000000,0.000000,0.000000,0
0,12400.000000,-4800.000000,3200.000000,4.000000,4.000000,4.000000,0.000000,0.000000,0.000000,0
0,12000.000000,-4800.000000,3200.000000,4.000000,4.000000,4.000000,0.000000,0.000000,0.000000,0
0,11600.000000,-4800.000000,3200.000000,4.000000,4.000000,4.000000,0.000000,0.000000,0.000000,0
0,11200.000000,-4800.000000,3200.000000,4.000000,4.000000,4.000000,0.000000,0.000000,0.000000,0
0,10800.000000,-4800.000000,3200.000000,4.000000,4.000000,4.000000,0.000000,0.000000,0.000000,0
0,10800.000000,-5200.000000,3200.000000,4.000000,4.000000,4.000000,0.000000,0.000000,0.000000,0
0,10800.000000,-5600.000000,3200.000000,4.000000,4.000000,4.000000,0.000000,0.000000,0.000000,0
0,10800.000000,-6000.000000,3200.000000,4.000000,4.000000,4.000000,0.000000,0.000000,0.000000,0
0,10800.000000,-6400.000000,3200.000000,4.000000,4.000000,4.000000,0.000000,0.000000,0.000000,0
0,10800.000000,-6800.000000,3200.000000,4.000000,4.000000,4.000000,0.000000,0.000000,0.000000,0
0,10800.000000,-7200.000000,3200.000000,4.000000,4.000000,4.000000,0.000000,0.000000,0.000000,0
0,10800.000000,-7600.000000,3200.000000,4.000000,4.000000,4.000000,0.000000,0.000000,0.000000,0
0,10800.000000,-8000.000000,3200.000000,4.000000,4.000000,4.000000,0.000000,0.000000,0.000000,0
0,10800.000000,-8400.000000,3200.000000,4.000000,4.000000,4.000000,0.000000,0.000000,0.000000,0
0,10800.000000,-8800.000000,3200.000000,4.000000,4.000000,4.000000,0.000000,0.000000,0.000000,0
0,10800.000000,-9200.000000,3200.000000,4.000000,4.000000,4.000000,0.000000,0.000000,0.000000,0
0,10800.000000,-9600.000000,3200.000000,4.000000,4.000000,4.000000,0.000000,0.000000,0.000000,0
0,10800.000000,-10000.000000,3200.000000,4.000000,4.000000,4.000000,0.000000,0.000000,0.000000,0
0,10800.000000,-10400.000000,3200.000000,4.000000,4.000000,4.000000,0.000000,0.000000,0.000000,0
0,10800.000000,-10800.000000,3200.000000,4.000000,4.000000,4.000000,0.000000,0.000000,0.000000,0
0,10800.000000,-11200.000000,3200.000000,4.000000,4.000000,4.000000,0.000000,0.000000,0.000000,0
0,11200.000000,-11200.000000,3200.000000,4.000000,4.000000,4.000000,0.000000,0.000000,0.000000,0
0,11600.000000,-11200.000000,3200.000000,4.000000,4.000000,4.000000,0.000000,0.000000,0.000000,0
0,12000.000000,-11200.000000,3200.000000,4.000000,4.000000,4.000000,0.000000,0.000000,0.000000,0
0,12400.000000,-11200.000000,3200.000000,4.000000,4.000000,4.000000,0.000000,0.000000,0.000000,0
0,12800.000000,-11200.000000,3200.000000,4.000000,4.000000,4.000000,0.000000,0.000000,0.000000,0
0,14800.000000,-11200.000000,3200.000000,4.000000,4.000000,4.000000,0.000000,0.000000,0.000000,0
0,15200.000000,-11200.000000,3200.000000,4.000000,4.000000,4.000000,0.000000,0.000000,0.000000,0
0,15600.000000,-11200.000000,3200.000000,4.000000,4.000000,4.000000,0.000000,0.000000,0.000000,0
0,16000.000000,-11200.000000,3200.000000,4.000000,4.000000,4.000000,0.000000,0.000000,0.000000,0
0,16400.000000,-11200.000000,3200.000000,4.000000,4.000000,4.000000,0.000000,0.000000,0.000000,0
0,16800.000000,-11200.000000,3200.000000,4.000000,4.000000,4.000000,0.000000,0.000000,0.000000,0
0,17200.000000,-11200.000000,3200.000000,4.000000,4.000000,4.000000,0.000000,0.000000,0.000000,0
0,17600.000000,-11200.000000,3200.000000,4.000000,4.000000,4.000000,0.000000,0.000000,0.000000,0
0,18000.000000,-11200.000000,3200.000000,4.000000,4.000000,4.000000,0.000000,0.000000,0.000000,0
0,18400.000000,-11200.000000,3200.000000,4.000000,4.000000,4.000000,0.000000,0.000000,0.000000,0
0,18800.000000,-11200.000000,3200.000000,4.000000,4.000000,4.000000,0.000000,0.000000,0.000000,0
0,19200.000000,-11200.000000,3200.000000,4.000000,4.000000,4.000000,0.000000,0.000000,0.000000,0
0,19600.000000,-11200.000000,3200.000000,4.000000,4.000000,4.000000,0.000000,0.000000,0.000000,0
0,20000.000000,-11200.000000,3200.000000,4.000000,4.000000,4.000000,0.000000,0.000000,0.000000,0
0,20400.000000,-11200.000000,3200.000000,4.000000,4.000000,4.000000,0.000000,0.000000,0.000000,0
0,20800.000000,-11200.000000,3200.000000,4.000000,4.000000,4.000000,0.000000,0.000000,0.000000,0
0,21200.000000,-11200.000000,3200.000000,4.000000,4.000000,4.000000,0.000000,0.000000,0.000000,0
0,21600.000000,-11200.000000,3200.000000,4.000000,4.000000,4.000000,0.000000,0.000000,0.000000,0
0,22000.000000,-11200.000000,3200.000000,4.000000,4.000000,4.000000,0.000000,0.000000,0.000000,0
0,22400.000000,-11200.000000,3200.000000,4.000000,4.000000,4.000000,0.000000,0.000000,0.000000,0
0,22800.000000,-11200.000000,3200.000000,4.000000,4.000000,4.000000,0.000000,0.000000,0.000000,0
0,23200.000000,-11200.000000,3200.000000,4.000000,4.000000,4.000000,0.000000,0.000000,0.000000,0
0,23600.000000,-11200.000000,3200.000000,4.000000,4.000000,4.000000,0.000000,0.000000,0.000000,0
0,24000.000000,-11200.000000,3200.000000,4.000000,4.000000,4.000000,0.000000,0.000000,0.000000,0
0,24400.000000,-11200.000000,3200.000000,4.000000,4.000000,4.000000,0.000000,0.000000,0.000000,0
0,24800.000000,-11200.000000,3200.000000,4.000000,4.000000,4.000000,0.000000,0.000000,0.000000,0
0,25200.000000,-11200.000000,3200.000000,4.000000,4.000000,4.000000,0.000000,0.000000,0.000000,0
0,25600.000000,-11200.000000,3200.000000,4.000000,4.000000,4.000000,0.000000,0.000000,0.000000,0
0,26000.000000,-11200.000000,3200.000000,4.000000,4.000000,4.000000,0.000000,0.000000,0.000000,0
0,26400.000000,-11200.000000,3200.000000,4.000000,4.000000,4.000000,0.000000,0.000000,0.000000,0
0,26400.000000,-10800.000000,3200.000000,4.000000,4.000000,4.000000,0.000000,0.000000,0.000000,0
0,26400.000000,-10400.000000,3200.000000,4.000000,4.000000,4.000000,0.000000,0.000000,0.000000,0
0,26400.000000,-10000.000000,3200.000000,4.000000,4.000000,4.000000,0.000000,0.000000,0.000000,0
0,26400.000000,-9600.000000,3200.000000,4.000000,4.000000,4.000000,0.000000,0.000000,0.000000,0
0,26400.000000,-9200.000000,3200.000000,4.000000,4.000000,4.000000,0.000000,0.000000,0.000000,0
0,26400.000000,-8800.000000,3200.000000,4.000000,4.000000,4.000000,0.000000,0.000000,0.000000,0
0,26400.000000,-8400.000000,3200.000000,4.000000,4.000000,4.000000,0.000000,0.000000,0.000000,0
0,26400.000000,-8000.000000,3200.000000,4.000000,4.000000,4.000000,0.000000,0.000000,0.000000,0
0,26400.000000,-7600.000000,3200.000000,4.000000,4.000000,4.000000,0.000000,0.000000,0.000000,0
0,26400.000000,-7200.000000,3200.000000,4.000000,4.000000,4.000000,0.000000,0.000000,0.000000,0
0,26400.000000,-6800.000000,3200.000000,4.000000,4.000000,4.000000,0.000000,0.000000,0.000000,0
0,26400.000000,-6400.000000,3200.000000,4.000000,4.000000,4.000000,0.000000,0.000000,0.000000,0
0,26400.000000,-6000.000000,3200.000000,4.000000,4.000000,4.000000,0.000000,0.000000,0.000000,0
0,26400.000000,-5600.000000,3200.000000,4.000000,4.000000,4.000000,0.000000,0.000000,0.000000,0
0,26400.000000,-5200.000000,3200.000000,4.000000,4.000000,4.000000,0.000000,0.000000,0.000000,0
0,26400.000000,-4800.000000,3200.000000,4.000000,4.000000,4.000000,0.000000,0.000000,0.000000,0
0,26400.000000,-4400.000000,3200.000000,4.000000,4.000000,4.000000,0.000000,0.000000,0.000000,0
0,26400.000000,-4000.000000,3200.000000,4.000000,4.000000,4.000000,0.000000,0.000000,0.000000,0
33,12325.000000,325.000000,3200.000000,4.000000,4.000000,4.000000,0.000000,0.000000,0.000000,0
33,12623.000000,325.000000,3200.000000,4.000000,4.000000,4.000000,0.000000,-1.570796,0.000000,0
33,12423.000000,540.000000,3200.000000,4.000000,4.000000,4.000000,0.000000,-0.436332,0.000000,0
33,13525.000000,325.000000,3200.000000,4.000000,4.000000,4.000000,0.000000,0.000000,0.000000,0
33,13823.000000,325.000000,3200.000000,4.000000,4.000000,4.000000,0.000000,-1.570796,0.000000,0
33,13623.000000,540.000000,3200.000000,4.000000,4.000000,4.000000,0.000000,-0.436332,0.000000,0
33,13125.000000,-4475.000000,3200.000000,4.000000,4.000000,4.000000,0.000000,0.000000,0.000000,0
33,13423.000000,-4475.000000,3200.000000,4.000000,4.000000,4.000000,0.000000,-1.570796,0.000000,0
33,13223.000000,-4260.000000,3200.000000,4.000000,4.000000,4.000000,0.000000,-0.436332,0.000000,0
33,11525.000000,-4475.000000,3200.000000,4.000000,4.000000,4.000000,0.000000,0.000000,0.000000,0
33,11823.000000,-4475.000000,3200.000000,4.000000,4.000000,4.000000,0.000000,-1.570796,0.000000,0
33,11623.000000,-4260.000000,3200.000000,4.000000,4.000000,4.000000,0.000000,-0.436332,0.000000,0
33,12325.000000,-10875.000000,3200.000000,4.000000,4.000000,4.000000,0.000000,0.000000,0.000000,0
33,12623.000000,-10875.000000,3200.000000,4.000000,4.000000,4.000000,0.000000,-1.570796,0.000000,0
33,12423.000000,-10660.000000,3200.000000,4.000000,4.000000,4.000000,0.000000,-0.436332,0.000000,0
33,11525.000000,-10875.000000,3200.000000,4.000000,4.000000,4.000000,0.000000,0.000000,0.000000,0
33,11823.000000,-10875.000000,3200.000000,4.000000,4.000000,4.000000,0.000000,-1.570796,0.000000,0
33,11623.000000,-10660.000000,3200.000000,4.000000,4.000000,4.000000,0.000000,-0.436332,0.000000,0
33,15125.000000,-10875.000000,3200.000000,4.000000,4.000000,4.000000,0.000000,0.000000,0.000000,0
33,15423.000000,-10875.000000,3200.000000,4.000000,4.000000,4.000000,0.000000,-1.570796,0.000000,0
33,15223.000000,-10660.000000,3200.000000,4.000000,4.000000,4.000000,0.000000,-0.436332,0.000000,0
33,16725.000000,-10875.000000,3200.000000,4.000000,4.000000,4.000000,0.000000,0.000000,0.000000,0
33,17023.000000,-10875.000000,3200.000000,4.000000,4.000000,4.000000,0.000000,-1.570796,0.000000,0
33,16823.000000,-10660.000000,3200.000000,4.000000,4.000000,4.000000,0.000000,-0.436332,0.000000,0
0,14400.000000,-11200.000000,3200.000000,4.000000,4.000000,4.000000,0.000000,0.000000,0.000000,0
0,14000.000000,-11200.000000,3200.000000,4.000000,4.000000,4.000000,0.000000,0.000000,0.000000,0
0,13600.000000,-11200.000000,3200.000000,4.000000,4.000000,4.000000,0.000000,0.000000,0.000000,0
0,13200.000000,-11200.000000,3200.000000,4.000000,4.000000,4.000000,0.000000,0.000000,0.000000,0
32,10800.000000,-6400.000000,2800.000000,4.000000,4.000000,4.000000,0.000000,0.000000,0.000000,0
32,10800.000000,-7600.000000,2800.000000,4.000000,4.000000,4.000000,0.000000,0.000000,0.000000,0
32,10800.000000,-10000.000000,2800.000000,4.000000,4.000000,4.000000,0.000000,0.000000,0.000000,0
32,14400.000000,-1600.000000,2800.000000,4.000000,4.000000,4.000000,0.000000,0.000000,0.000000,0
32,14400.000000,-3200.000000,2800.000000,4.000000,4.000000,4.000000,0.000000,0.000000,0.000000,0
32,26400.000000,-10800.000000,2800.000000,4.000000,4.000000,4.000000,0.000000,0.000000,0.000000,0
32,26400.000000,-8400.000000,2800.000000,4.000000,4.000000,4.000000,0.000000,0.000000,0.000000,0
32,26400.000000,-5600.000000,2800.000000,4.000000,4.000000,4.000000,0.000000,0.000000,0.000000,0
33,20400.000000,-10872.000000,3200.000000,4.000000,4.000000,4.000000,0.000000,0.383972,0.000000,0
33,20400.000000,-10648.000000,3200.000000,4.000000,4.000000,4.000000,0.000000,-0.366519,0.000000,0
33,21200.000000,-10872.000000,3200.000000,4.000000,4.000000,4.000000,0.000000,0.383972,0.000000,0
33,21200.000000,-10648.000000,3200.000000,4.000000,4.000000,4.000000,0.000000,-0.366519,0.000000,0
33,22400.000000,-10872.000000,3200.000000,4.000000,4.000000,4.000000,0.000000,0.383972,0.000000,0
33,22400.000000,-10648.000000,3200.000000,4.000000,4.000000,4.000000,0.000000,-0.366519,0.000000,0
33,23200.000000,-10872.000000,3200.000000,4.000000,4.000000,4.000000,0.000000,0.383972,0.000000,0
33,23200.000000,-10648.000000,3200.000000,4.000000,4.000000,4.000000,0.000000,-0.366519,0.000000,0
33,16000.000000,-10872.000000,3200.000000,4.000000,4.000000,4.000000,0.000000,0.383972,0.000000,0
33,16000.000000,-10648.000000,3200.000000,4.000000,4.000000,4.000000,0.000000,-0.366519,0.000000,0
33,24800.000000,-10872.000000,3200.000000,4.000000,4.000000,4.000000,0.000000,0.383972,0.000000,0
33,24800.000000,-10648.000000,3200.000000,4.000000,4.000000,4.000000,0.000000,-0.366519,0.000000,0
16,-1200.000000,-800.000000,0.000000,19.000000,19.000000,4.000000,0.000000,0.000000,0.000000,0,1
8,-2400.000000,0.000000,0.000000,4.000000,4.000000,4.000000,0.000000,0.000000,0.000000,0
8,-2400.000000,-400.000000,0.000000,4.000000,4.000000,4.000000,0.000000,0.000000,0.000000,0
8,-2400.000000,-800.000000,0.000000,4.000000,4.000000,4.000000,0.000000,0.000000,0.000000,0
8,-2400.000000,-1200.000000,0.000000,4.000000,4.000000,4.000000,0.000000,0.000000,0.000000,0
0,-400.000000,-3200.000000,0.000000,4.000000,4.000000,4.000000,0.000000,0.000000,0.000000,0
7,-800.000000,-3200.000000,0.000000,4.000000,4.000000,4.000000,0.000000,0.000000,0.000000,0
7,-800.000000,-3200.000000,400.000000,4.000000,4.000000,4.000000,0.000000,0.000000,0.000000,0
7,-1200.000000,-3200.000000,400.000000,4.000000,4.000000,4.000000,0.000000,0.000000,0.000000,0
7,-1600.000000,-3200.000000,400.000000,4.000000,4.000000,4.000000,0.000000,0.000000,0.000000,0
7,-2000.000000,-3200.000000,400.000000,4.000000,4.000000,4.000000,0.000000,0.000000,0.000000,0
13,11600.000000,-6400.000000,0.000000,4.000000,4.000000,4.000000,0.000000,0.000000,0.000000,0
0,2400.000000,400.000000,0.000000,4.000000,4.000000,4.000000,0.000000,0.000000,0.000000,0
0,-3200.000000,-4800.000000,8800.000000,4.000000,4.000000,4.000000,0.000000,0.000000,0.000000,0
0,-2800.000000,-4800.000000,8800.000000,4.000000,4.000000,4.000000,0.000000,0.000000,0.000000,0
0,-2400.000000,-4800.000000,8800.000000,4.000000,4.000000,4.000000,0.000000,0.000000,0.000000,0
0,-2000.000000,-4800.000000,8800.000000,4.000000,4.000000,4.000000,0.000000,0.000000,0.000000,0
0,-1600.000000,-4800.000000,8800.000000,4.000000,4.000000,4.000000,0.000000,0.000000,0.000000,0
0,-1200.000000,-4800.000000,8800.000000,4.000000,4.000000,4.000000,0.000000,0.000000,0.000000,0
0,-800.000000,-4800.000000,8800.000000,4.000000,4.000000,4.000000,0.000000,0.000000,0.000000,0
0,-400.000000,-4800.000000,8800.000000,4.000000,4.000000,4.000000,0.000000,0.000000,0.000000,0
0,0.000000,-4800.000000,8800.000000,4.000000,4.000000,4.000000,0.000000,0.000000,0.000000,0
0,400.000000,-4800.000000,8800.000000,4.000000,4.000000,4.000000,0.000000,0.000000,0.000000,0
0,800.000000,-4800.000000,8800.000000,4.000000,4.000000,4.000000,0.000000,0.000000,0.000000,0
0,1200.000000,-4800.000000,8800.000000,4.000000,4.000000,4.000000,0.000000,0.000000,0.000000,0
0,1600.000000,-4800.000000,8800.000000,4.000000,4.000000,4.000000,0.000000,0.000000,0.000000,0
0,2000.000000,-4800.000000,8800.000000,4.000000,4.000000,4.000000,0.000000,0.000000,0.000000,0
0,2400.000000,-4800.000000,8800.000000,4.000000,4.000000,4.000000,0.000000,0.000000,0.000000,0
0,2800.000000,-4800.000000,8800.000000,4.000000,4.000000,4.000000,0.000000,0.000000,0.000000,0
0,2000.000000,-3200.000000,8800.000000,4.000000,4.000000,4.000000,0.000000,0.000000,0.000000,0
0,1600.000000,-3200.000000,8800.000000,4.000000,4.000000,4.000000,0.000000,0.000000,0.000000,0
0,1200.000000,-3200.000000,8800.000000,4.000000,4.000000,4.000000,0.000000,0.000000,0.000000,0
0,800.000000,-3200.000000,8800.000000,4.000000,4.000000,4.000000,0.000000,0.000000,0.000000,0
0,400.000000,-3200.000000,8800.000000,4.000000,4.000000,4.000000,0.000000,0.000000,0.000000,0
0,0.000000,-3200.000000,8800.000000,4.000000,4.000000,4.000000,0.000000,0.000000,0.000000,0
0,-400.000000,-3200.000000,8800.000000,4.000000,4.000000,4.000000,0.000000,0.000000,0.000000,0
0,-800.000000,-3200.000000,8800.000000,4.000000,4.000000,4.000000,0.000000,0.000000,0.000000,0
0,-1200.000000,-3200.000000,8800.000000,4.000000,4.000000,4.000000,0.000000,0.000000,0.000000,0
0,-1600.000000,-3200.000000,8800.000000,4.000000,4.000000,4.000000,0.000000,0.000000,0.000000,0
0,-2000.000000,-3200.000000,8800.000000,4.000000,4.000000,4.000000,0.000000,0.000000,0.000000,0
0,-2400.000000,-3200.000000,8800.000000,4.000000,4.000000,4.000000,0.000000,0.000000,0.000000,0
0,-2800.000000,-3200.000000,8800.000000,4.000000,4.000000,4.000000,0.000000,0.000000,0.000000,0
0,-3200.000000,-3200.000000,8800.000000,4.000000,4.000000,4.000000,0.000000,0.000000,0.000000,0
0,4000.000000,-3200.000000,8800.000000,4.000000,4.000000,4.000000,0.000000,0.000000,0.000000,0
0,4400.000000,-3200.000000,8800.000000,4.000000,4.000000,4.000000,0.000000,0.000000,0.000000,0
0,4800.000000,-3200.000000,8800.000000,4.000000,4.000000,4.000000,0.000000,0.000000,0.000000,0
0,5200.000000,-3200.000000,8800.000000,4.000000,4.000000,4.000000,0.000000,0.000000,0.000000,0
0,5600.000000,-3200.000000,8800.000000,4.000000,4.000000,4.000000,0.000000,0.000000,0.000000,0
0,6000.000000,-3200.000000,8800.000000,4.000000,4.000000,4.000000,0.000000,0.000000,0.000000,0
0,6400.000000,-3200.000000,8800.000000,4.000000,4.000000,4.000000,0.000000,0.000000,0.000000,0
0,6800.000000,-3200.000000,8800.000000,4.000000,4.000000,4.000000,0.000000,0.000000,0.000000,0
0,7200.000000,-3200.000000,8800.000000,4.000000,4.000000,4.000000,0.000000,0.000000,0.000000,0
0,7600.000000,-3200.000000,8800.000000,4.000000,4.000000,4.000000,0.000000,0.000000,0.000000,0
0,8000.000000,-3200.000000,8800.000000,4.000000,4.000000,4.000000,0.000000,0.000000,0.000000,0
0,4800.000000,-4800.000000,8800.000000,4.000000,4.000000,4.000000,0.000000,0.000000,0.000000,0
0,5200.000000,-4800.000000,8800.000000,4.000000,4.000000,4.000000,0.000000,0.000000,0.000000,0
0,5600.000000,-4800.000000,8800.000000,4.000000,4.000000,4.000000,0.000000,0.000000,0.000000,0
0,6000.000000,-4800.000000,8800.000000,4.000000,4.000000,4.000000,0.000000,0.000000,0.000000,0
0,6400.000000,-4800.000000,8800.000000,4.000000,4.000000,4.000000,0.000000,0.000000,0.000000,0
0,6800.000000,-4800.000000,8800.000000,4.000000,4.000000,4.000000,0.000000,0.000000,0.000000,0
0,7200.000000,-4800.000000,8800.000000,4.000000,4.000000,4.000000,0.000000,0.000000,0.000000,0
0,7600.000000,-4800.000000,8800.000000,4.000000,4.000000,4.000000,0.000000,0.000000,0.000000,0
0,8000.000000,-4800.000000,8800.000000,4.000000,4.000000,4.000000,0.000000,0.000000,0.000000,0
0,8400.000000,-4800.000000,8800.000000,4.000000,4.000000,4.000000,0.000000,0.000000,0.000000,0
0,0.000000,-5200.000000,8800.000000,4.000000,4.000000,4.000000,0.000000,0.000000,0.000000,0
0,0.000000,-5600.000000,8800.000000,4.000000,4.000000,4.000000,0.000000,0.000000,0.000000,0
0,0.000000,-6000.000000,8800.000000,4.000000,4.000000,4.000000,0.000000,0.000000,0.000000,0
0,0.000000,-6400.000000,8800.000000,4.000000,4.000000,4.000000,0.000000,0.000000,0.000000,0
0,0.000000,-6800.000000,8800.000000,4.000000,4.000000,4.000000,0.000000,0.000000,0.000000,0
0,0.000000,-7200.000000,8800.000000,4.000000,4.000000,4.000000,0.000000,0.000000,0.000000,0
0,0.000000,-7600.000000,8800.000000,4.000000,4.000000,4.000000,0.000000,0.000000,0.000000,0
0,-800.000000,-2800.000000,8800.000000,4.000000,4.000000,4.000000,0.000000,0.000000,0.000000,0
0,-800.000000,-2400.000000,8800.000000,4.000000,4.000000,4.000000,0.000000,0.000000,0.000000,0
0,-800.000000,-2000.000000,8800.000000,4.000000,4.000000,4.000000,0.000000,0.000000,0.000000,0
0,-800.000000,-1600.000000,8800.000000,4.000000,4.000000,4.000000,0.000000,0.000000,0.000000,0
0,-800.000000,-1200.000000,8800.000000,4.000000,4.000000,4.000000,0.000000,0.000000,0.000000,0
0,-800.000000,-800.000000,8800.000000,4.000000,4.000000,4.000000,0.000000,0.000000,0.000000,0
0,6000.000000,-2800.000000,8800.000000,4.000000,4.000000,4.000000,0.000000,0.000000,0.000000,0
0,6000.000000,-2400.000000,8800.000000,4.000000,4.000000,4.000000,0.000000,0.000000,0.000000,0
0,6000.000000,-2000.000000,8800.000000,4.000000,4.000000,4.000000,0.000000,0.000000,0.000000,0
0,6000.000000,-1600.000000,8800.000000,4.000000,4.000000,4.000000,0.000000,0.000000,0.000000,0
0,6000.000000,-1200.000000,8800.000000,4.000000,4.000000,4.000000,0.000000,0.000000,0.000000,0
0,6000.000000,-800.000000,8800.000000,4.000000,4.000000,4.000000,0.000000,0.000000,0.000000,0
0,6000.000000,-400.000000,8800.000000,4.000000,4.000000,4.000000,0.000000,0.000000,0.000000,0
0,5600.000000,-5200.000000,8800.000000,4.000000,4.000000,4.000000,0.000000,0.000000,0.000000,0
0,5600.000000,-5600.000000,8800.000000,4.000000,4.000000,4.000000,0.000000,0.000000,0.000000,0
0,5600.000000,-6000.000000,8800.000000,4.000000,4.000000,4.000000,0.000000,0.000000,0.000000,0
0,5600.000000,-6400.000000,8800.000000,4.000000,4.000000,4.000000,0.000000,0.000000,0.000000,0
0,5600.000000,-6800.000000,8800.000000,4.000000,4.000000,4.000000,0.000000,0.000000,0.000000,0
0,5600.000000,-7200.000000,8800.000000,4.000000,4.000000,4.000000,0.000000,0.000000,0.000000,0
0,5600.000000,-7600.000000,8800.000000,4.000000,4.000000,4.000000,0.000000,0.000000,0.000000,0
0,-400.000000,-1200.000000,8800.000000,4.000000,4.000000,4.000000,0.000000,0.000000,0.000000,0
0,0.000000,-1200.000000,8800.000000,4.000000,4.000000,4.000000,0.000000,0.000000,0.000000,0
0,400.000000,-1200.000000,8800.000000,4.000000,4.000000,4.000000,0.000000,0.000000,0.000000,0
0,800.000000,-1200.000000,8800.000000,4.000000,4.000000,4.000000,0.000000,0.000000,0.000000,0
0,1200.000000,-1200.000000,8800.000000,4.000000,4.000000,4.000000,0.000000,0.000000,0.000000,0
0,1600.000000,-1200.000000,8800.000000,4.000000,4.000000,4.000000,0.000000,0.000000,0.000000,0
0,2000.000000,-1200.000000,8800.000000,4.000000,4.000000,4.000000,0.000000,0.000000,0.000000,0
0,6400.000000,-1200.000000,8800.000000,4.000000,4.000000,4.000000,0.000000,0.000000,0.000000,0
0,6800.000000,-1200.000000,8800.000000,4.000000,4.000000,4.000000,0.000000,0.000000,0.000000,0
0,7200.000000,-1200.000000,8800.000000,4.000000,4.000000,4.000000,0.000000,0.000000,0.000000,0
0,7600.000000,-1200.000000,8800.000000,4.000000,4.000000,4.000000,0.000000,0.000000,0.000000,0
0,6000.000000,-6400.000000,8800.000000,4.000000,4.000000,4.000000,0.000000,0.000000,0.000000,0
0,6400.000000,-6400.000000,8800.000000,4.000000,4.000000,4.000000,0.000000,0.000000,0.000000,0
0,6800.000000,-6400.000000,8800.000000,4.000000,4.000000,4.000000,0.000000,0.000000,0.000000,0
0,400.000000,-6400.000000,8800.000000,4.000000,4.000000,4.000000,0.000000,0.000000,0.000000,0
0,800.000000,-6400.000000,8800.000000,4.000000,4.000000,4.000000,0.000000,0.000000,0.000000,0
0,1200.000000,-6400.000000,8800.000000,4.000000,4.000000,4.000000,0.000000,0.000000,0.000000,0
0,1600.000000,-6400.000000,8800.000000,4.000000,4.000000,4.000000,0.000000,0.000000,0.000000,0
33,-3057.000000,-70.000000,2800.000000,4.000000,4.000000,4.000000,0.000000,-0.523599,0.000000,0
33,-3244.000000,-77.000000,2800.000000,3.800000,3.800000,3.800000,0.000000,0.052360,0.000000,0
33,-3171.000000,135.000000,2800.000000,3.500000,3.500000,3.500000,0.000000,-0.436332,0.000000,0
33,-1057.000000,-70.000000,2800.000000,4.000000,4.000000,4.000000,0.000000,-0.523599,0.000000,0
33,-1244.000000,-77.000000,2800.000000,3.800000,3.800000,3.800000,0.000000,0.052360,0.000000,0
33,-1171.000000,135.000000,2800.000000,3.500000,3.500000,3.500000,0.000000,-0.436332,0.000000,0
33,943.000000,-70.000000,2800.000000,4.000000,4.000000,4.000000,0.000000,-0.523599,0.000000,0
33,756.000000,-77.000000,2800.000000,3.800000,3.800000,3.800000,0.000000,0.052360,0.000000,0
33,829.000000,135.000000,2800.000000,3.500000,3.500000,3.500000,0.000000,-0.436332,0.000000,0
33,3343.000000,730.000000,2800.000000,4.000000,4.000000,4.000000,0.000000,-0.523599,0.000000,0
33,3156.000000,723.000000,2800.000000,3.800000,3.800000,3.800000,0.000000,0.052360,0.000000,0
33,3229.000000,935.000000,2800.000000,3.500000,3.500000,3.500000,0.000000,-0.436332,0.000000,0
33,5343.000000,730.000000,2800.000000,4.000000,4.000000,4.000000,0.000000,-0.523599,0.000000,0
33,5156.000000,723.000000,2800.000000,3.800000,3.800000,3.800000,0.000000,0.052360,0.000000,0
33,5229.000000,935.000000,2800.000000,3.500000,3.500000,3.500000,0.000000,-0.436332,0.000000,0
33,7343.000000,730.000000,2800.000000,4.000000,4.000000,4.000000,0.000000,-0.523599,0.000000,0
33,7156.000000,723.000000,2800.000000,3.800000,3.800000,3.800000,0.000000,0.052360,0.000000,0
33,7229.000000,935.000000,2800.000000,3.500000,3.500000,3.500000,0.000000,-0.436332,0.000000,0
33,-1200.000000,728.000000,4800.000000,4.000000,4.000000,4.000000,0.000000,0.383972,0.000000,0
33,-1200.000000,952.000000,4800.000000,4.000000,4.000000,4.000000,0.000000,-0.366519,0.000000,0
33,-400.000000,728.000000,4800.000000,4.000000,4.000000,4.000000,0.000000,0.383972,0.000000,0
33,-400.000000,952.000000,4800.000000,4.000000,4.000000,4.000000,0.000000,-0.366519,0.000000,0
33,-2400.000000,728.000000,4800.000000,4.000000,4.000000,4.000000,0.000000,0.383972,0.000000,0
33,-2400.000000,952.000000,4800.000000,4.000000,4.000000,4.000000,0.000000,-0.366519,0.000000,0
33,-2000.000000,728.000000,4800.000000,4.000000,4.000000,4.000000,0.000000,0.383972,0.000000,0
33,-2000.000000,952.000000,4800.000000,4.000000,4.000000,4.000000,0.000000,-0.366519,0.000000,0
35,16000.000000,-6000.000000,0.000000,104.000000,104.000000,4.000000,0.000000,0.000000,0.000000,0,0,0,-1000,-1500
2,1000.000000,-600.000000,0.000000,7.000000,7.000000,4.000000,0.000000,0.000000,0.000000,0
