0,-4800.000000,6000.000000,0.000000,4.000000,4.000000,4.000000,0.000000,0.000000,0.000000,0
0,-4800.000000,6000.000000,400.000000,4.000000,4.000000,4.000000,0.000000,0.000000,0.000000,0
0,-4400.000000,6000.000000,0.000000,4.000000,4.000000,4.000000,0.000000,0.000000,0.000000,0
0,-4400.000000,6000.000000,400.000000,4.000000,4.000000,4.000000,0.000000,0.000000,0.000000,0
0,-4000.000000,6000.000000,0.000000,4.000000,4.000000,4.000000,0.000000,0.000000,0.000000,0
0,-4000.000000,6000.000000,400.000000,4.000000,4.000000,4.000000,0.000000,0.000000,0.000000,0
0,-3600.000000,6000.000000,0.000000,4.000000,4.000000,4.000000,0.000000,0.000000,0.000000,0
0,-3600.000000,6000.000000,400.000000,4.000000,4.000000,4.000000,0.000000,0.000000,0.000000,0
0,-3200.000000,6000.000000,0.000000,4.000000,4.000000,4.000000,0.000000,0.000000,0.000000,0
0,-3200.000000,6000.000000,400.000000,4.000000,4.000000,4.000000,0.000000,0.000000,0.000000,0
0,-2800.000000,6000.000000,0.000000,4.000000,4.000000,4.000000,0.000000,0.000000,0.000000,0
0,-2800.000000,6000.000000,400.000000,4.000000,4.000000,4.000000,0.000000,0.000000,0.000000,0
0,-2400.000000,6000.000000,0.000000,4.000000,4.000000,4.000000,0.000000,0.000000,0.000000,0
0,-2400.000000,6000.000000,400.000000,4.000000,4.000000,4.000000,0.000000,0.000000,0.000000,0
0,-2000.000000,6000.000000,0.000000,4.000000,4.000000,4.000000,0.000000,0.000000,0.000000,0
0,-2000.000000,6000.000000,400.000000,4.000000,4.000000,4.000000,0.000000,0.000000,0.000000,0
0,-1600.000000,6000.000000,0.000000,4.000000,4.000000,4.000000,0.000000,0.000000,0.000000,0
0,-1600.000000,6000.000000,400.000000,4.000000,4.000000,4.000000,0.000000,0.000000,0.000000,0
0,-1200.000000,6000.000000,0.000000,4.000000,4.000000,4.000000,0.000000,0.000000,0.000000,0
0,-1200.000000,6000.000000,400.000000,4.000000,4.000000,4.000000,0.000000,0.000000,0.000000,0
0,-800.000000,6000.000000,0.000000,4.000000,4.000000,4.000000,0.000000,0.000000,0.000000,0
0,-800.000000,6000.000000,400.000000,4.000000,4.000000,4.000000,0.000000,0.000000,0.000000,0
0,-800.000000,5600.000000,0.000000,4.000000,4.000000,4.000000,0.000000,0.000000,0.000000,0
0,-800.000000,5600.000000,400.000000,4.000000,4.000000,4.000000,0.000000,0.000000,0.000000,0
0,-800.000000,5200.000000,0.000000,4.000000,4.000000,4.000000,0.000000,0.000000,0.000000,0
0,-800.000000,5200.000000,400.000000,4.000000,4.000000,4.000000,0.000000,0.000000,0.000000,0
0,-800.000000,4800.000000,0.000000,4.000000,4.000000,4.000000,0.000000,0.000000,0.000000,0
0,-800.000000,4800.000000,400.000000,4.000000,4.000000,4.000000,0.000000,0.000000,0.000000,0
0,-800.000000,4400.000000,0.000000,4.000000,4.000000,4.000000,0.000000,0.000000,0.000000,0
0,-800.000000,4400.000000,400.000000,4.000000,4.000000,4.000000,0.000000,0.000000,0.000000,0
0,-800.000000,4000.000000,0.000000,4.000000,4.000000,4.000000,0.000000,0.000000,0.000000,0
0,-800.000000,4000.000000,400.000000,4.000000,4.000000,4.000000,0.000000,0.000000,0.000000,0
0,-800.000000,3600.000000,0.000000,4.000000,4.000000,4.000000,0.000000,0.000000,0.000000,0
0,-800.000000,3600.000000,400.000000,4.000000,4.000000,4.000000,0.000000,0.000000,0.000000,0
0,-800.000000,3200.000000,0.000000,4.000000,4.000000,4.000000,0.000000,0.000000,0.000000,0
0,-800.000000,3200.000000,400.000000,4.000000,4.000000,4.000000,0.000000,0.000000,0.000000,0
0,-800.000000,2800.000000,0.000000,4.000000,4.000000,4.000000,0.000000,0.000000,0.000000,0
0,-800.000000,2800.000000,400.000000,4.000000,4.000000,4.000000,0.000000,0.000000,0.000000,0
0,-800.000000,2400.000000,0.000000,4.000000,4.000000,4.000000,0.000000,0.000000,0.000000,0
0,-800.000000,2400.000000,400.000000,4.000000,4.000000,4.000000,0.000000,0.000000,0.000000,0
0,-800.000000,2000.000000,0.000000,4.000000,4.000000,4.000000,0.000000,0.000000,0.000000,0
0,-800.000000,2000.000000,400.000000,4.000000,4.000000,4.000000,0.000000,0.000000,0.000000,0
0,-800.000000,1600.000000,0.000000,4.000000,4.000000,4.000000,0.000000,0.000000,0.000000,0
0,-800.000000,1600.000000,400.000000,4.000000,4.000000,4.000000,0.000000,0.000000,0.000000,0
0,-800.000000,-800.000000,0.000000,4.000000,4.000000,4.000000,0.000000,0.000000,0.000000,0
0,-800.000000,-800.000000,400.000000,4.000000,4.000000,4.000000,0.000000,0.000000,0.000000,0
0,-800.000000,-1200.000000,0.000000,4.000000,4.000000,4.000000,0.000000,0.000000,0.000000,0
0,-800.000000,-1200.000000,400.000000,4.000000,4.000000,4.000000,0.000000,0.000000,0.000000,0
0,-800.000000,-1600.000000,0.000000,4.000000,4.000000,4.000000,0.000000,0.000000,0.000000,0
0,-800.000000,-1600.000000,400.000000,4.000000,4.000000,4.000000,0.000000,0.000000,0.000000,0
0,-800.000000,-2400.000000,0.000000,4.000000,4.000000,4.000000,0.000000,0.000000,0.000000,0
0,-800.000000,-2400.000000,400.000000,4.000000,4.000000,4.000000,0.000000,0.000000,0.000000,0
0,-800.000000,-2800.000000,0.000000,4.000000,4.000000,4.000000,0.000000,0.000000,0.000000,0
0,-800.000000,-2800.000000,400.000000,4.000000,4.000000,4.000000,0.000000,0.000000,0.000000,0
0,-800.000000,-2000.000000,0.000000,4.000000,4.000000,4.000000,0.000000,0.000000,0.000000,0
0,-800.000000,-2000.000000,400.000000,4.000000,4.000000,4.000000,0.000000,0.000000,0.000000,0
0,2400.000000,-2800.000000,0.000000,4.000000,4.000000,4.000000,0.000000,0.000000,0.000000,0
0,2400.000000,-2800.000000,400.000000,4.000000,4.000000,4.000000,0.000000,0.000000,0.000000,0
0,2800.000000,-2800.000000,0.000000,4.000000,4.000000,4.000000,0.000000,0.000000,0.000000,0
0,2800.000000,-2800.000000,400.000000,4.000000,4.000000,4.000000,0.000000,0.000000,0.000000,0
0,3200.000000,-2800.000000,0.000000,4.000000,4.000000,4.000000,0.000000,0.000000,0.000000,0
0,3200.000000,-2800.000000,400.000000,4.000000,4.000000,4.000000,0.000000,0.000000,0.000000,0
0,3600.000000,-2800.000000,0.000000,4.000000,4.000000,4.000000,0.000000,0.000000,0.000000,0
0,3600.000000,-2800.000000,400.000000,4.000000,4.000000,4.000000,0.000000,0.000000,0.000000,0
0,3600.000000,-2000.000000,0.000000,4.000000,4.000000,4.000000,0.000000,0.000000,0.000000,0
0,3600.000000,-2000.000000,400.000000,4.000000,4.000000,4.000000,0.000000,0.000000,0.000000,0
0,3600.000000,-2400.000000,0.000000,4.000000,4.000000,4.000000,0.000000,0.000000,0.000000,0
0,3600.000000,-2400.000000,400.000000,4.000000,4.000000,4.000000,0.000000,0.000000,0.000000,0
0,3600.000000,-1600.000000,0.000000,4.000000,4.000000,4.000000,0.000000,0.000000,0.000000,0
0,3600.000000,-1600.000000,400.000000,4.000000,4.000000,4.000000,0.000000,0.000000,0.000000,0
0,3600.000000,-1200.000000,0.000000,4.000000,4.000000,4.000000,0.000000,0.000000,0.000000,0
0,3600.000000,-1200.000000,400.000000,4.000000,4.000000,4.000000,0.000000,0.000000,0.000000,0
0,3600.000000,-800.000000,0.000000,4.000000,4.000000,4.000000,0.000000,0.000000,0.000000,0
0,3600.000000,-800.000000,400.000000,4.000000,4.000000,4.000000,0.000000,0.000000,0.000000,0
0,3600.000000,-400.000000,0.000000,4.000000,4.000000,4.000000,0.000000,0.000000,0.000000,0
0,3600.000000,-400.000000,400.000000,4.000000,4.000000,4.000000,0.000000,0.000000,0.000000,0
0,3600.000000,0.000000,0.000000,4.000000,4.000000,4.000000,0.000000,0.000000,0.000000,0
0,3600.000000,0.000000,400.000000,4.000000,4.000000,4.000000,0.000000,0.000000,0.000000,0
0,3600.000000,400.000000,0.000000,4.000000,4.000000,4.000000,0.000000,0.000000,0.000000,0
0,3600.000000,400.000000,400.000000,4.000000,4.000000,4.000000,0.000000,0.000000,0.000000,0
0,3600.000000,800.000000,0.000000,4.000000,4.000000,4.000000,0.000000,0.000000,0.000000,0
0,3600.000000,800.000000,400.000000,4.000000,4.000000,4.000000,0.000000,0.000000,0.000000,0
0,3600.000000,1600.000000,0.000000,4.000000,4.000000,4.000000,0.000000,0.000000,0.000000,0
0,3600.000000,1600.000000,400.000000,4.000000,4.000000,4.000000,0.000000,0.000000,0.000000,0
0,3600.000000,1200.000000,0.000000,4.000000,4.000000,4.000000,0.000000,0.000000,0.000000,0
0,3600.000000,1200.000000,400.000000,4.000000,4.000000,4.000000,0.000000,0.000000,0.000000,0
0,4000.000000,1600.000000,0.000000,4.000000,4.000000,4.000000,0.000000,0.000000,0.000000,0
0,4000.000000,1600.000000,400.000000,4.000000,4.000000,4.000000,0.000000,0.000000,0.000000,0
0,4400.000000,1600.000000,0.000000,4.000000,4.000000,4.000000,0.000000,0.000000,0.000000,0
0,4400.000000,1600.000000,400.000000,4.000000,4.000000,4.000000,0.000000,0.000000,0.000000,0
0,4800.000000,1600.000000,0.000000,4.000000,4.000000,4.000000,0.000000,0.000000,0.000000,0
0,4800.000000,1600.000000,400.000000,4.000000,4.000000,4.000000,0.000000,0.000000,0.000000,0
0,5200.000000,1600.000000,0.000000,4.000000,4.000000,4.000000,0.000000,0.000000,0.000000,0
0,5200.000000,1600.000000,400.000000,4.000000,4.000000,4.000000,0.000000,0.000000,0.000000,0
0,5600.000000,1600.000000,0.000000,4.000000,4.000000,4.000000,0.000000,0.000000,0.000000,0
0,5600.000000,1600.000000,400.000000,4.000000,4.000000,4.000000,0.000000,0.000000,0.000000,0
0,6000.000000,1600.000000,0.000000,4.000000,4.000000,4.000000,0.000000,0.000000,0.000000,0
0,6000.000000,1600.000000,400.000000,4.000000,4.000000,4.000000,0.000000,0.000000,0.000000,0
0,6400.000000,1600.000000,0.000000,4.000000,4.000000,4.000000,0.000000,0.000000,0.000000,0
0,6400.000000,1600.000000,400.000000,4.000000,4.000000,4.000000,0.000000,0.000000,0.000000,0
0,6800.000000,1600.000000,0.000000,4.000000,4.000000,4.000000,0.000000,0.000000,0.000000,0
0,6800.000000,1600.000000,400.000000,4.000000,4.000000,4.000000,0.000000,0.000000,0.000000,0
0,7200.000000,1600.000000,0.000000,4.000000,4.000000,4.000000,0.000000,0.000000,0.000000,0
0,7200.000000,1600.000000,400.000000,4.000000,4.000000,4.000000,0.000000,0.000000,0.000000,0
0,7600.000000,1600.000000,0.000000,4.000000,4.000000,4.000000,0.000000,0.000000,0.000000,0
0,7600.000000,1600.000000,400.000000,4.000000,4.000000,4.000000,0.000000,0.000000,0.000000,0
0,8000.000000,1600.000000,0.000000,4.000000,4.000000,4.000000,0.000000,0.000000,0.000000,0
0,8000.000000,1600.000000,400.000000,4.000000,4.000000,4.000000,0.000000,0.000000,0.000000,0
0,8400.000000,1600.000000,0.000000,4.000000,4.000000,4.000000,0.000000,0.000000,0.000000,0
0,8400.000000,1600.000000,400.000000,4.000000,4.000000,4.000000,0.000000,0.000000,0.000000,0
0,8800.000000,1600.000000,0.000000,4.000000,4.000000,4.000000,0.000000,0.000000,0.000000,0
0,8800.000000,1600.000000,400.000000,4.000000,4.000000,4.000000,0.000000,0.000000,0.000000,0
0,9200.000000,1600.000000,0.000000,4.000000,4.000000,4.000000,0.000000,0.000000,0.000000,0
0,9200.000000,1600.000000,400.000000,4.000000,4.000000,4.000000,0.000000,0.000000,0.000000,0
0,9600.000000,1600.000000,0.000000,4.000000,4.000000,4.000000,0.000000,0.000000,0.000000,0
0,9600.000000,1600.000000,400.000000,4.000000,4.000000,4.000000,0.000000,0.000000,0.000000,0
0,10000.000000,0.000000,0.000000,4.000000,4.000000,4.000000,0.000000,0.000000,0.000000,0
0,10000.000000,0.000000,400.000000,4.000000,4.000000,4.000000,0.000000,0.000000,0.000000,0
0,10400.000000,0.000000,0.000000,4.000000,4.000000,4.000000,0.000000,0.000000,0.000000,0
0,10400.000000,0.000000,400.000000,4.000000,4.000000,4.000000,0.000000,0.000000,0.000000,0
0,10800.000000,0.000000,0.000000,4.000000,4.000000,4.000000,0.000000,0.000000,0.000000,0
0,10800.000000,0.000000,400.000000,4.000000,4.000000,4.000000,0.000000,0.000000,0.000000,0
0,11200.000000,0.000000,0.000000,4.000000,4.000000,4.000000,0.000000,0.000000,0.000000,0
0,11200.000000,0.000000,400.000000,4.000000,4.000000,4.000000,0.000000,0.000000,0.000000,0
0,10000.000000,1600.000000,0.000000,4.000000,4.000000,4.000000,0.000000,0.000000,0.000000,0
0,10000.000000,1600.000000,400.000000,4.000000,4.000000,4.000000,0.000000,0.000000,0.000000,0
0,10400.000000,1600.000000,0.000000,4.000000,4.000000,4.000000,0.000000,0.000000,0.000000,0
0,10400.000000,1600.000000,400.000000,4.000000,4.000000,4.000000,0.000000,0.000000,0.000000,0
0,10800.000000,1600.000000,0.000000,4.000000,4.000000,4.000000,0.000000,0.000000,0.000000,0
0,10800.000000,1600.000000,400.000000,4.000000,4.000000,4.000000,0.000000,0.000000,0.000000,0
0,11200.000000,1600.000000,0.000000,4.000000,4.000000,4.000000,0.000000,0.000000,0.000000,0
0,11200.000000,1600.000000,400.000000,4.000000,4.000000,4.000000,0.000000,0.000000,0.000000,0
0,11600.000000,0.000000,0.000000,4.000000,4.000000,4.000000,0.000000,0.000000,0.000000,0
0,11600.000000,0.000000,400.000000,4.000000,4.000000,4.000000,0.000000,0.000000,0.000000,0
0,12000.000000,0.000000,0.000000,4.000000,4.000000,4.000000,0.000000,0.000000,0.000000,0
0,12000.000000,0.000000,400.000000,4.000000,4.000000,4.000000,0.000000,0.000000,0.000000,0
0,12400.000000,0.000000,0.000000,4.000000,4.000000,4.000000,0.000000,0.000000,0.000000,0
0,12400.000000,0.000000,400.000000,4.000000,4.000000,4.000000,0.000000,0.000000,0.000000,0
0,12400.000000,-400.000000,0.000000,4.000000,4.000000,4.000000,0.000000,0.000000,0.000000,0
0,12400.000000,-400.000000,400.000000,4.000000,4.000000,4.000000,0.000000,0.000000,0.000000,0
0,12400.000000,-800.000000,0.000000,4.000000,4.000000,4.000000,0.000000,0.000000,0.000000,0
0,12400.000000,-800.000000,400.000000,4.000000,4.000000,4.000000,0.000000,0.000000,0.000000,0
0,12400.000000,-1200.000000,0.000000,4.000000,4.000000,4.000000,0.000000,0.000000,0.000000,0
0,12400.000000,-1200.000000,400.000000,4.000000,4.000000,4.000000,0.000000,0.000000,0.000000,0
0,8400.000000,0.000000,0.000000,4.000000,4.000000,4.000000,0.000000,0.000000,0.000000,0
0,8400.000000,0.000000,400.000000,4.000000,4.000000,4.000000,0.000000,0.000000,0.000000,0
0,8800.000000,0.000000,0.000000,4.000000,4.000000,4.000000,0.000000,0.000000,0.000000,0
0,8800.000000,0.000000,400.000000,4.000000,4.000000,4.000000,0.000000,0.000000,0.000000,0
0,9200.000000,0.000000,0.000000,4.000000,4.000000,4.000000,0.000000,0.000000,0.000000,0
0,9200.000000,0.000000,400.000000,4.000000,4.000000,4.000000,0.000000,0.000000,0.000000,0
0,9600.000000,0.000000,0.000000,4.000000,4.000000,4.000000,0.000000,0.000000,0.000000,0
0,9600.000000,0.000000,400.000000,4.000000,4.000000,4.000000,0.000000,0.000000,0.000000,0
0,12400.000000,-1600.000000,0.000000,4.000000,4.000000,4.000000,0.000000,0.000000,0.000000,0
0,12400.000000,-1600.000000,400.000000,4.000000,4.000000,4.000000,0.000000,0.000000,0.000000,0
0,12400.000000,-2000.000000,0.000000,4.000000,4.000000,4.000000,0.000000,0.000000,0.000000,0
0,12400.000000,-2000.000000,400.000000,4.000000,4.000000,4.000000,0.000000,0.000000,0.000000,0
0,12800.000000,-2000.000000,0.000000,4.000000,4.000000,4.000000,0.000000,0.000000,0.000000,0
0,12800.000000,-2000.000000,400.000000,4.000000,4.000000,4.000000,0.000000,0.000000,0.000000,0
0,13200.000000,-2000.000000,0.000000,4.000000,4.000000,4.000000,0.000000,0.000000,0.000000,0
0,13200.000000,-2000.000000,400.000000,4.000000,4.000000,4.000000,0.000000,0.000000,0.000000,0
0,13600.000000,-2000.000000,0.000000,4.000000,4.000000,4.000000,0.000000,0.000000,0.000000,0
0,13600.000000,-2000.000000,400.000000,4.000000,4.000000,4.000000,0.000000,0.000000,0.000000,0
0,14000.000000,-2000.000000,0.000000,4.000000,4.000000,4.000000,0.000000,0.000000,0.000000,0
0,14000.000000,-2000.000000,400.000000,4.000000,4.000000,4.000000,0.000000,0.000000,0.000000,0
0,14000.000000,-1600.000000,0.000000,4.000000,4.000000,4.000000,0.000000,0.000000,0.000000,0
0,14000.000000,-1600.000000,400.000000,4.000000,4.000000,4.000000,0.000000,0.000000,0.000000,0
0,14000.000000,-1200.000000,0.000000,4.000000,4.000000,4.000000,0.000000,0.000000,0.000000,0
0,14000.000000,-1200.000000,400.000000,4.000000,4.000000,4.000000,0.000000,0.000000,0.000000,0
0,14000.000000,-800.000000,0.000000,4.000000,4.000000,4.000000,0.000000,0.000000,0.000000,0
0,14000.000000,-800.000000,400.000000,4.000000,4.000000,4.000000,0.000000,0.000000,0.000000,0
0,14000.000000,-400.000000,0.000000,4.000000,4.000000,4.000000,0.000000,0.000000,0.000000,0
0,14000.000000,-400.000000,400.000000,4.000000,4.000000,4.000000,0.000000,0.000000,0.000000,0
0,14000.000000,0.000000,0.000000,4.000000,4.000000,4.000000,0.000000,0.000000,0.000000,0
0,14000.000000,0.000000,400.000000,4.000000,4.000000,4.000000,0.000000,0.000000,0.000000,0
0,11600.000000,1600.000000,0.000000,4.000000,4.000000,4.000000,0.000000,0.000000,0.000000,0
0,11600.000000,1600.000000,400.000000,4.000000,4.000000,4.000000,0.000000,0.000000,0.000000,0
0,12000.000000,1600.000000,0.000000,4.000000,4.000000,4.000000,0.000000,0.000000,0.000000,0
0,12000.000000,1600.000000,400.000000,4.000000,4.000000,4.000000,0.000000,0.000000,0.000000,0
0,12400.000000,1600.000000,0.000000,4.000000,4.000000,4.000000,0.000000,0.000000,0.000000,0
0,12400.000000,1600.000000,400.000000,4.000000,4.000000,4.000000,0.000000,0.000000,0.000000,0
0,12800.000000,1600.000000,0.000000,4.000000,4.000000,4.000000,0.000000,0.000000,0.000000,0
0,12800.000000,1600.000000,400.000000,4.000000,4.000000,4.000000,0.000000,0.000000,0.000000,0
0,13200.000000,1600.000000,0.000000,4.000000,4.000000,4.000000,0.000000,0.000000,0.000000,0
0,13200.000000,1600.000000,400.000000,4.000000,4.000000,4.000000,0.000000,0.000000,0.000000,0
0,13600.000000,1600.000000,0.000000,4.000000,4.000000,4.000000,0.000000,0.000000,0.000000,0
0,13600.000000,1600.000000,400.000000,4.000000,4.000000,4.000000,0.000000,0.000000,0.000000,0
0,14000.000000,1600.000000,0.000000,4.000000,4.000000,4.000000,0.000000,0.000000,0.000000,0
0,14000.000000,1600.000000,400.000000,4.000000,4.000000,4.000000,0.000000,0.000000,0.000000,0
0,14400.000000,1600.000000,0.000000,4.000000,4.000000,4.000000,0.000000,0.000000,0.000000,0
0,14400.000000,1600.000000,400.000000,4.000000,4.000000,4.000000,0.000000,0.000000,0.000000,0
0,14400.000000,0.000000,0.000000,4.000000,4.000000,4.000000,0.000000,0.000000,0.000000,0
0,14400.000000,0.000000,400.000000,4.000000,4.000000,4.000000,0.000000,0.000000,0.000000,0
0,14800.000000,0.000000,0.000000,4.000000,4.000000,4.000000,0.000000,0.000000,0.000000,0
0,14800.000000,0.000000,400.000000,4.000000,4.000000,4.000000,0.000000,0.000000,0.000000,0
0,15200.000000,0.000000,0.000000,4.000000,4.000000,4.000000,0.000000,0.000000,0.000000,0
0,15200.000000,0.000000,400.000000,4.000000,4.000000,4.000000,0.000000,0.000000,0.000000,0
0,14800.000000,1600.000000,0.000000,4.000000,4.000000,4.000000,0.000000,0.000000,0.000000,0
0,14800.000000,1600.000000,400.000000,4.000000,4.000000,4.000000,0.000000,0.000000,0.000000,0
0,14800.000000,1200.000000,0.000000,4.000000,4.000000,4.000000,0.000000,0.000000,0.000000,0
0,14800.000000,1200.000000,400.000000,4.000000,4.000000,4.000000,0.000000,0.000000,0.000000,0
0,15600.000000,0.000000,0.000000,4.000000,4.000000,4.000000,0.000000,0.000000,0.000000,0
0,15600.000000,0.000000,400.000000,4.000000,4.000000,4.000000,0.000000,0.000000,0.000000,0
0,16000.000000,0.000000,0.000000,4.000000,4.000000,4.000000,0.000000,0.000000,0.000000,0
0,16000.000000,0.000000,400.000000,4.000000,4.000000,4.000000,0.000000,0.000000,0.000000,0
0,16400.000000,0.000000,0.000000,4.000000,4.000000,4.000000,0.000000,0.000000,0.000000,0
0,16400.000000,0.000000,400.000000,4.000000,4.000000,4.000000,0.000000,0.000000,0.000000,0
0,16800.000000,1200.000000,0.000000,4.000000,4.000000,4.000000,0.000000,0.000000,0.000000,0
0,16800.000000,1200.000000,400.000000,4.000000,4.000000,4.000000,0.000000,0.000000,0.000000,0
0,16800.000000,1600.000000,0.000000,4.000000,4.000000,4.000000,0.000000,0.000000,0.000000,0
0,16800.000000,1600.000000,400.000000,4.000000,4.000000,4.000000,0.000000,0.000000,0.000000,0
0,16800.000000,0.000000,0.000000,4.000000,4.000000,4.000000,0.000000,0.000000,0.000000,0
0,16800.000000,0.000000,400.000000,4.000000,4.000000,4.000000,0.000000,0.000000,0.000000,0
0,17200.000000,0.000000,0.000000,4.000000,4.000000,4.000000,0.000000,0.000000,0.000000,0
0,17200.000000,0.000000,400.000000,4.000000,4.000000,4.000000,0.000000,0.000000,0.000000,0
7,12800.000000,-1200.000000,0.000000,4.000000,4.000000,4.000000,0.000000,0.000000,0.000000,0
7,12800.000000,-1200.000000,400.000000,4.000000,4.000000,4.000000,0.000000,0.000000,0.000000,0
7,13200.000000,-1200.000000,0.000000,4.000000,4.000000,4.000000,0.000000,0.000000,0.000000,0
7,13200.000000,-1200.000000,400.000000,4.000000,4.000000,4.000000,0.000000,0.000000,0.000000,0
7,13600.000000,-1200.000000,0.000000,4.000000,4.000000,4.000000,0.000000,0.000000,0.000000,0
7,13600.000000,-1200.000000,400.000000,4.000000,4.000000,4.000000,0.000000,0.000000,0.000000,0
7,13600.000000,-1600.000000,0.000000,4.000000,4.000000,4.000000,0.000000,0.000000,0.000000,0
7,13600.000000,-1600.000000,400.000000,4.000000,4.000000,4.000000,0.000000,0.000000,0.000000,0
7,13200.000000,-1600.000000,0.000000,4.000000,4.000000,4.000000,0.000000,0.000000,0.000000,0
7,13200.000000,-1600.000000,400.000000,4.000000,4.000000,4.000000,0.000000,0.000000,0.000000,0
7,12800.000000,-1600.000000,0.000000,4.000000,4.000000,4.000000,0.000000,0.000000,0.000000,0
7,12800.000000,-1600.000000,400.000000,4.000000,4.000000,4.000000,0.000000,0.000000,0.000000,0
0,17600.000000,0.000000,0.000000,4.000000,4.000000,4.000000,0.000000,0.000000,0.000000,0
0,17600.000000,0.000000,400.000000,4.000000,4.000000,4.000000,0.000000,0.000000,0.000000,0
0,18000.000000,0.000000,0.000000,4.000000,4.000000,4.000000,0.000000,0.000000,0.000000,0
0,18000.000000,0.000000,400.000000,4.000000,4.000000,4.000000,0.000000,0.000000,0.000000,0
0,17200.000000,1600.000000,0.000000,4.000000,4.000000,4.000000,0.000000,0.000000,0.000000,0
0,17200.000000,1600.000000,400.000000,4.000000,4.000000,4.000000,0.000000,0.000000,0.000000,0
7,14400.000000,1200.000000,0.000000,4.000000,4.000000,4.000000,0.000000,0.000000,0.000000,0
7,14400.000000,1200.000000,400.000000,4.000000,4.000000,4.000000,0.000000,0.000000,0.000000,0
0,16400.000000,1200.000000,0.000000,4.000000,4.000000,4.000000,0.000000,0.000000,0.000000,0
0,16400.000000,1200.000000,400.000000,4.000000,4.000000,4.000000,0.000000,0.000000,0.000000,0
0,16000.000000,1200.000000,0.000000,4.000000,4.000000,4.000000,0.000000,0.000000,0.000000,0
0,16000.000000,1200.000000,400.000000,4.000000,4.000000,4.000000,0.000000,0.000000,0.000000,0
0,15600.000000,1200.000000,0.000000,4.000000,4.000000,4.000000,0.000000,0.000000,0.000000,0
0,15600.000000,1200.000000,400.000000,4.000000,4.000000,4.000000,0.000000,0.000000,0.000000,0
0,15200.000000,1200.000000,0.000000,4.000000,4.000000,4.000000,0.000000,0.000000,0.000000,0
0,15200.000000,1200.000000,400.000000,4.000000,4.000000,4.000000,0.000000,0.000000,0.000000,0
7,17200.000000,1200.000000,0.000000,4.000000,4.000000,4.000000,0.000000,0.000000,0.000000,0
7,17200.000000,1200.000000,400.000000,4.000000,4.000000,4.000000,0.000000,0.000000,0.000000,0
0,18400.000000,0.000000,0.000000,4.000000,4.000000,4.000000,0.000000,0.000000,0.000000,0
0,18400.000000,0.000000,400.000000,4.000000,4.000000,4.000000,0.000000,0.000000,0.000000,0
0,18800.000000,0.000000,0.000000,4.000000,4.000000,4.000000,0.000000,0.000000,0.000000,0
0,18800.000000,0.000000,400.000000,4.000000,4.000000,4.000000,0.000000,0.000000,0.000000,0
0,18800.000000,400.000000,0.000000,4.000000,4.000000,4.000000,0.000000,0.000000,0.000000,0
0,18800.000000,400.000000,400.000000,4.000000,4.000000,4.000000,0.000000,0.000000,0.000000,0
0,18800.000000,800.000000,0.000000,4.000000,4.000000,4.000000,0.000000,0.000000,0.000000,0
0,18800.000000,800.000000,400.000000,4.000000,4.000000,4.000000,0.000000,0.000000,0.000000,0
0,18800.000000,1200.000000,0.000000,4.000000,4.000000,4.000000,0.000000,0.000000,0.000000,0
0,18800.000000,1200.000000,400.000000,4.000000,4.000000,4.000000,0.000000,0.000000,0.000000,0
0,18800.000000,1600.000000,0.000000,4.000000,4.000000,4.000000,0.000000,0.000000,0.000000,0
0,18800.000000,1600.000000,400.000000,4.000000,4.000000,4.000000,0.000000,0.000000,0.000000,0
0,18800.000000,2000.000000,0.000000,4.000000,4.000000,4.000000,0.000000,0.000000,0.000000,0
0,18800.000000,2000.000000,400.000000,4.000000,4.000000,4.000000,0.000000,0.000000,0.000000,0
0,18800.000000,2400.000000,0.000000,4.000000,4.000000,4.000000,0.000000,0.000000,0.000000,0
0,18800.000000,2400.000000,400.000000,4.000000,4.000000,4.000000,0.000000,0.000000,0.000000,0
0,18800.000000,2800.000000,0.000000,4.000000,4.000000,4.000000,0.000000,0.000000,0.000000,0
0,18800.000000,2800.000000,400.000000,4.000000,4.000000,4.000000,0.000000,0.000000,0.000000,0
0,18800.000000,3200.000000,0.000000,4.000000,4.000000,4.000000,0.000000,0.000000,0.000000,0
0,18800.000000,3200.000000,400.000000,4.000000,4.000000,4.000000,0.000000,0.000000,0.000000,0
0,18800.000000,3600.000000,0.000000,4.000000,4.000000,4.000000,0.000000,0.000000,0.000000,0
0,18800.000000,3600.000000,400.000000,4.000000,4.000000,4.000000,0.000000,0.000000,0.000000,0
0,18800.000000,4000.000000,0.000000,4.000000,4.000000,4.000000,0.000000,0.000000,0.000000,0
0,18800.000000,4000.000000,400.000000,4.000000,4.000000,4.000000,0.000000,0.000000,0.000000,0
0,18800.000000,4400.000000,0.000000,4.000000,4.000000,4.000000,0.000000,0.000000,0.000000,0
0,18800.000000,4400.000000,400.000000,4.000000,4.000000,4.000000,0.000000,0.000000,0.000000,0
0,18800.000000,4800.000000,0.000000,4.000000,4.000000,4.000000,0.000000,0.000000,0.000000,0
0,18800.000000,4800.000000,400.000000,4.000000,4.000000,4.000000,0.000000,0.000000,0.000000,0
0,18800.000000,5200.000000,0.000000,4.000000,4.000000,4.000000,0.000000,0.000000,0.000000,0
0,18800.000000,5200.000000,400.000000,4.000000,4.000000,4.000000,0.000000,0.000000,0.000000,0
7,17600.000000,1200.000000,0.000000,4.000000,4.000000,4.000000,0.000000,0.000000,0.000000,0
7,17600.000000,1200.000000,400.000000,4.000000,4.000000,4.000000,0.000000,0.000000,0.000000,0
0,17600.000000,1600.000000,0.000000,4.000000,4.000000,4.000000,0.000000,0.000000,0.000000,0
0,17600.000000,1600.000000,400.000000,4.000000,4.000000,4.000000,0.000000,0.000000,0.000000,0
7,17600.000000,2000.000000,0.000000,4.000000,4.000000,4.000000,0.000000,0.000000,0.000000,0
7,17600.000000,2000.000000,400.000000,4.000000,4.000000,4.000000,0.000000,0.000000,0.000000,0
0,18800.000000,5600.000000,0.000000,4.000000,4.000000,4.000000,0.000000,0.000000,0.000000,0
0,18800.000000,5600.000000,400.000000,4.000000,4.000000,4.000000,0.000000,0.000000,0.000000,0
0,18800.000000,8800.000000,0.000000,4.000000,4.000000,4.000000,0.000000,0.000000,0.000000,0
0,18800.000000,8800.000000,400.000000,4.000000,4.000000,4.000000,0.000000,0.000000,0.000000,0
0,18400.000000,8800.000000,0.000000,4.000000,4.000000,4.000000,0.000000,0.000000,0.000000,0
0,18400.000000,8800.000000,400.000000,4.000000,4.000000,4.000000,0.000000,0.000000,0.000000,0
0,18000.000000,8800.000000,0.000000,4.000000,4.000000,4.000000,0.000000,0.000000,0.000000,0
0,18000.000000,8800.000000,400.000000,4.000000,4.000000,4.000000,0.000000,0.000000,0.000000,0
0,17600.000000,8800.000000,0.000000,4.000000,4.000000,4.000000,0.000000,0.000000,0.000000,0
0,17600.000000,8800.000000,400.000000,4.000000,4.000000,4.000000,0.000000,0.000000,0.000000,0
0,17200.000000,8800.000000,0.000000,4.000000,4.000000,4.000000,0.000000,0.000000,0.000000,0
0,17200.000000,8800.000000,400.000000,4.000000,4.000000,4.000000,0.000000,0.000000,0.000000,0
0,16800.000000,8800.000000,0.000000,4.000000,4.000000,4.000000,0.000000,0.000000,0.000000,0
0,16800.000000,8800.000000,400.000000,4.000000,4.000000,4.000000,0.000000,0.000000,0.000000,0
0,16400.000000,8800.000000,0.000000,4.000000,4.000000,4.000000,0.000000,0.000000,0.000000,0
0,16400.000000,8800.000000,400.000000,4.000000,4.000000,4.000000,0.000000,0.000000,0.000000,0
0,16000.000000,8800.000000,0.000000,4.000000,4.000000,4.000000,0.000000,0.000000,0.000000,0
0,16000.000000,8800.000000,400.000000,4.000000,4.000000,4.000000,0.000000,0.000000,0.000000,0
0,15600.000000,8800.000000,0.000000,4.000000,4.000000,4.000000,0.000000,0.000000,0.000000,0
0,15600.000000,8800.000000,400.000000,4.000000,4.000000,4.000000,0.000000,0.000000,0.000000,0
0,15200.000000,8800.000000,0.000000,4.000000,4.000000,4.000000,0.000000,0.000000,0.000000,0
0,15200.000000,8800.000000,400.000000,4.000000,4.000000,4.000000,0.000000,0.000000,0.000000,0
0,14800.000000,8800.000000,0.000000,4.000000,4.000000,4.000000,0.000000,0.000000,0.000000,0
0,14800.000000,8800.000000,400.000000,4.000000,4.000000,4.000000,0.000000,0.000000,0.000000,0
0,14400.000000,8800.000000,0.000000,4.000000,4.000000,4.000000,0.000000,0.000000,0.000000,0
0,14400.000000,8800.000000,400.000000,4.000000,4.000000,4.000000,0.000000,0.000000,0.000000,0
0,14000.000000,8800.000000,0.000000,4.000000,4.000000,4.000000,0.000000,0.000000,0.000000,0
0,14000.000000,8800.000000,400.000000,4.000000,4.000000,4.000000,0.000000,0.000000,0.000000,0
0,13600.000000,8800.000000,0.000000,4.000000,4.000000,4.000000,0.000000,0.000000,0.000000,0
0,13600.000000,8800.000000,400.000000,4.000000,4.000000,4.000000,0.000000,0.000000,0.000000,0
0,13200.000000,8800.000000,0.000000,4.000000,4.000000,4.000000,0.000000,0.000000,0.000000,0
0,13200.000000,8800.000000,400.000000,4.000000,4.000000,4.000000,0.000000,0.000000,0.000000,0
0,12800.000000,8800.000000,0.000000,4.000000,4.000000,4.000000,0.000000,0.000000,0.000000,0
0,12800.000000,8800.000000,400.000000,4.000000,4.000000,4.000000,0.000000,0.000000,0.000000,0
0,12400.000000,8800.000000,0.000000,4.000000,4.000000,4.000000,0.000000,0.000000,0.000000,0
0,12400.000000,8800.000000,400.000000,4.000000,4.000000,4.000000,0.000000,0.000000,0.000000,0
0,12000.000000,8800.000000,0.000000,4.000000,4.000000,4.000000,0.000000,0.000000,0.000000,0
0,12000.000000,8800.000000,400.000000,4.000000,4.000000,4.000000,0.000000,0.000000,0.000000,0
0,11600.000000,8800.000000,0.000000,4.000000,4.000000,4.000000,0.000000,0.000000,0.000000,0
0,11600.000000,8800.000000,400.000000,4.000000,4.000000,4.000000,0.000000,0.000000,0.000000,0
7,11600.000000,8400.000000,0.000000,4.000000,4.000000,4.000000,0.000000,0.000000,0.000000,0
7,11600.000000,8400.000000,400.000000,4.000000,4.000000,4.000000,0.000000,0.000000,0.000000,0
7,12000.000000,8400.000000,0.000000,4.000000,4.000000,4.000000,0.000000,0.000000,0.000000,0
7,12000.000000,8400.000000,400.000000,4.000000,4.000000,4.000000,0.000000,0.000000,0.000000,0
7,12400.000000,8400.000000,0.000000,4.000000,4.000000,4.000000,0.000000,0.000000,0.000000,0
7,12400.000000,8400.000000,400.000000,4.000000,4.000000,4.000000,0.000000,0.000000,0.000000,0
7,12800.000000,8400.000000,0.000000,4.000000,4.000000,4.000000,0.000000,0.000000,0.000000,0
7,12800.000000,8400.000000,400.000000,4.000000,4.000000,4.000000,0.000000,0.000000,0.000000,0
7,13200.000000,8400.000000,0.000000,4.000000,4.000000,4.000000,0.000000,0.000000,0.000000,0
7,13200.000000,8400.000000,400.000000,4.000000,4.000000,4.000000,0.000000,0.000000,0.000000,0
7,13600.000000,8400.000000,0.000000,4.000000,4.000000,4.000000,0.000000,0.000000,0.000000,0
7,13600.000000,8400.000000,400.000000,4.000000,4.000000,4.000000,0.000000,0.000000,0.000000,0
7,14000.000000,8400.000000,0.000000,4.000000,4.000000,4.000000,0.000000,0.000000,0.000000,0
7,14000.000000,8400.000000,400.000000,4.000000,4.000000,4.000000,0.000000,0.000000,0.000000,0
7,14400.000000,8400.000000,0.000000,4.000000,4.000000,4.000000,0.000000,0.000000,0.000000,0
7,14400.000000,8400.000000,400.000000,4.000000,4.000000,4.000000,0.000000,0.000000,0.000000,0
7,14800.000000,8400.000000,0.000000,4.000000,4.000000,4.000000,0.000000,0.000000,0.000000,0
7,14800.000000,8400.000000,400.000000,4.000000,4.000000,4.000000,0.000000,0.000000,0.000000,0
7,15200.000000,8400.000000,0.000000,4.000000,4.000000,4.000000,0.000000,0.000000,0.000000,0
7,15200.000000,8400.000000,400.000000,4.000000,4.000000,4.000000,0.000000,0.000000,0.000000,0
7,15600.000000,8400.000000,0.000000,4.000000,4.000000,4.000000,0.000000,0.000000,0.000000,0
7,15600.000000,8400.000000,400.000000,4.000000,4.000000,4.000000,0.000000,0.000000,0.000000,0
7,16000.000000,8400.000000,0.000000,4.000000,4.000000,4.000000,0.000000,0.000000,0.000000,0
7,16000.000000,8400.000000,400.000000,4.000000,4.000000,4.000000,0.000000,0.000000,0.000000,0
7,16400.000000,8400.000000,0.000000,4.000000,4.000000,4.000000,0.000000,0.000000,0.000000,0
7,16400.000000,8400.000000,400.000000,4.000000,4.000000,4.000000,0.000000,0.000000,0.000000,0
7,16800.000000,8400.000000,0.000000,4.000000,4.000000,4.000000,0.000000,0.000000,0.000000,0
7,16800.000000,8400.000000,400.000000,4.000000,4.000000,4.000000,0.000000,0.000000,0.000000,0
7,17200.000000,8400.000000,0.000000,4.000000,4.000000,4.000000,0.000000,0.000000,0.000000,0
7,17200.000000,8400.000000,400.000000,4.000000,4.000000,4.000000,0.000000,0.000000,0.000000,0
7,17600.000000,8400.000000,0.000000,4.000000,4.000000,4.000000,0.000000,0.000000,0.000000,0
7,17600.000000,8400.000000,400.000000,4.000000,4.000000,4.000000,0.000000,0.000000,0.000000,0
7,18000.000000,8400.000000,0.000000,4.000000,4.000000,4.000000,0.000000,0.000000,0.000000,0
7,18000.000000,8400.000000,400.000000,4.000000,4.000000,4.000000,0.000000,0.000000,0.000000,0
0,18800.000000,6000.000000,0.000000,4.000000,4.000000,4.000000,0.000000,0.000000,0.000000,0
0,18800.000000,6000.000000,400.000000,4.000000,4.000000,4.000000,0.000000,0.000000,0.000000,0
0,18800.000000,6400.000000,0.000000,4.000000,4.000000,4.000000,0.000000,0.000000,0.000000,0
0,18800.000000,6400.000000,400.000000,4.000000,4.000000,4.000000,0.000000,0.000000,0.000000,0
0,18800.000000,6800.000000,0.000000,4.000000,4.000000,4.000000,0.000000,0.000000,0.000000,0
0,18800.000000,6800.000000,400.000000,4.000000,4.000000,4.000000,0.000000,0.000000,0.000000,0
0,18800.000000,7200.000000,0.000000,4.000000,4.000000,4.000000,0.000000,0.000000,0.000000,0
0,18800.000000,7200.000000,400.000000,4.000000,4.000000,4.000000,0.000000,0.000000,0.000000,0
0,18800.000000,7600.000000,0.000000,4.000000,4.000000,4.000000,0.000000,0.000000,0.000000,0
0,18800.000000,7600.000000,400.000000,4.000000,4.000000,4.000000,0.000000,0.000000,0.000000,0
0,18800.000000,8000.000000,0.000000,4.000000,4.000000,4.000000,0.000000,0.000000,0.000000,0
0,18800.000000,8000.000000,400.000000,4.000000,4.000000,4.000000,0.000000,0.000000,0.000000,0
0,18800.000000,8400.000000,0.000000,4.000000,4.000000,4.000000,0.000000,0.000000,0.000000,0
0,18800.000000,8400.000000,400.000000,4.000000,4.000000,4.000000,0.000000,0.000000,0.000000,0
7,18400.000000,8400.000000,0.000000,4.000000,4.000000,4.000000,0.000000,0.000000,0.000000,0
7,18400.000000,8400.000000,400.000000,4.000000,4.000000,4.000000,0.000000,0.000000,0.000000,0
7,18400.000000,3600.000000,0.000000,4.000000,4.000000,4.000000,0.000000,0.000000,0.000000,0
7,18400.000000,3600.000000,400.000000,4.000000,4.000000,4.000000,0.000000,0.000000,0.000000,0
7,18400.000000,4000.000000,0.000000,4.000000,4.000000,4.000000,0.000000,0.000000,0.000000,0
7,18400.000000,4000.000000,400.000000,4.000000,4.000000,4.000000,0.000000,0.000000,0.000000,0
7,18400.000000,4400.000000,0.000000,4.000000,4.000000,4.000000,0.000000,0.000000,0.000000,0
7,18400.000000,4400.000000,400.000000,4.000000,4.000000,4.000000,0.000000,0.000000,0.000000,0
7,18400.000000,4800.000000,0.000000,4.000000,4.000000,4.000000,0.000000,0.000000,0.000000,0
7,18400.000000,4800.000000,400.000000,4.000000,4.000000,4.000000,0.000000,0.000000,0.000000,0
7,18400.000000,5200.000000,0.000000,4.000000,4.000000,4.000000,0.000000,0.000000,0.000000,0
7,18400.000000,5200.000000,400.000000,4.000000,4.000000,4.000000,0.000000,0.000000,0.000000,0
7,18400.000000,5600.000000,0.000000,4.000000,4.000000,4.000000,0.000000,0.000000,0.000000,0
7,18400.000000,5600.000000,400.000000,4.000000,4.000000,4.000000,0.000000,0.000000,0.000000,0
7,18400.000000,6000.000000,0.000000,4.000000,4.000000,4.000000,0.000000,0.000000,0.000000,0
7,18400.000000,6000.000000,400.000000,4.000000,4.000000,4.000000,0.000000,0.000000,0.000000,0
7,18400.000000,6400.000000,0.000000,4.000000,4.000000,4.000000,0.000000,0.000000,0.000000,0
7,18400.000000,6400.000000,400.000000,4.000000,4.000000,4.000000,0.000000,0.000000,0.000000,0
7,18400.000000,6800.000000,0.000000,4.000000,4.000000,4.000000,0.000000,0.000000,0.000000,0
7,18400.000000,6800.000000,400.000000,4.000000,4.000000,4.000000,0.000000,0.000000,0.000000,0
7,18400.000000,7200.000000,0.000000,4.000000,4.000000,4.000000,0.000000,0.000000,0.000000,0
7,18400.000000,7200.000000,400.000000,4.000000,4.000000,4.000000,0.000000,0.000000,0.000000,0
7,18400.000000,7600.000000,0.000000,4.000000,4.000000,4.000000,0.000000,0.000000,0.000000,0
7,18400.000000,7600.000000,400.000000,4.000000,4.000000,4.000000,0.000000,0.000000,0.000000,0
7,18400.000000,8000.000000,0.000000,4.000000,4.000000,4.000000,0.000000,0.000000,0.000000,0
7,18400.000000,8000.000000,400.000000,4.000000,4.000000,4.000000,0.000000,0.000000,0.000000,0
7,17200.000000,2000.000000,0.000000,4.000000,4.000000,4.000000,0.000000,0.000000,0.000000,0
7,17200.000000,2000.000000,400.000000,4.000000,4.000000,4.000000,0.000000,0.000000,0.000000,0
0,15600.000000,1600.000000,0.000000,4.000000,4.000000,4.000000,0.000000,0.000000,0.000000,0
0,15600.000000,1600.000000,400.000000,4.000000,4.000000,4.000000,0.000000,0.000000,0.000000,0
0,15600.000000,2000.000000,0.000000,4.000000,4.000000,4.000000,0.000000,0.000000,0.000000,0
0,15600.000000,2000.000000,400.000000,4.000000,4.000000,4.000000,0.000000,0.000000,0.000000,0
0,15600.000000,2400.000000,0.000000,4.000000,4.000000,4.000000,0.000000,0.000000,0.000000,0
0,15600.000000,2400.000000,400.000000,4.000000,4.000000,4.000000,0.000000,0.000000,0.000000,0
0,15600.000000,2800.000000,0.000000,4.000000,4.000000,4.000000,0.000000,0.000000,0.000000,0
0,15600.000000,2800.000000,400.000000,4.000000,4.000000,4.000000,0.000000,0.000000,0.000000,0
0,15600.000000,3200.000000,0.000000,4.000000,4.000000,4.000000,0.000000,0.000000,0.000000,0
0,15600.000000,3200.000000,400.000000,4.000000,4.000000,4.000000,0.000000,0.000000,0.000000,0
0,15600.000000,3600.000000,0.000000,4.000000,4.000000,4.000000,0.000000,0.000000,0.000000,0
0,15600.000000,3600.000000,400.000000,4.000000,4.000000,4.000000,0.000000,0.000000,0.000000,0
0,15600.000000,4000.000000,0.000000,4.000000,4.000000,4.000000,0.000000,0.000000,0.000000,0
0,15600.000000,4000.000000,400.000000,4.000000,4.000000,4.000000,0.000000,0.000000,0.000000,0
0,15600.000000,4400.000000,0.000000,4.000000,4.000000,4.000000,0.000000,0.000000,0.000000,0
0,15600.000000,4400.000000,400.000000,4.000000,4.000000,4.000000,0.000000,0.000000,0.000000,0
0,15600.000000,4800.000000,0.000000,4.000000,4.000000,4.000000,0.000000,0.000000,0.000000,0
0,15600.000000,4800.000000,400.000000,4.000000,4.000000,4.000000,0.000000,0.000000,0.000000,0
0,15600.000000,5200.000000,0.000000,4.000000,4.000000,4.000000,0.000000,0.000000,0.000000,0
0,15600.000000,5200.000000,400.000000,4.000000,4.000000,4.000000,0.000000,0.000000,0.000000,0
0,17200.000000,4000.000000,0.000000,4.000000,4.000000,4.000000,0.000000,0.000000,0.000000,0
0,17200.000000,4000.000000,400.000000,4.000000,4.000000,4.000000,0.000000,0.000000,0.000000,0
7,16000.000000,5200.000000,0.000000,4.000000,4.000000,4.000000,0.000000,0.000000,0.000000,0
7,16000.000000,5200.000000,400.000000,4.000000,4.000000,4.000000,0.000000,0.000000,0.000000,0
7,16000.000000,4800.000000,0.000000,4.000000,4.000000,4.000000,0.000000,0.000000,0.000000,0
7,16000.000000,4800.000000,400.000000,4.000000,4.000000,4.000000,0.000000,0.000000,0.000000,0
7,16000.000000,4400.000000,0.000000,4.000000,4.000000,4.000000,0.000000,0.000000,0.000000,0
7,16000.000000,4400.000000,400.000000,4.000000,4.000000,4.000000,0.000000,0.000000,0.000000,0
7,16000.000000,4000.000000,0.000000,4.000000,4.000000,4.000000,0.000000,0.000000,0.000000,0
7,16000.000000,4000.000000,400.000000,4.000000,4.000000,4.000000,0.000000,0.000000,0.000000,0
7,16000.000000,3600.000000,0.000000,4.000000,4.000000,4.000000,0.000000,0.000000,0.000000,0
7,16000.000000,3600.000000,400.000000,4.000000,4.000000,4.000000,0.000000,0.000000,0.000000,0
7,16000.000000,3200.000000,0.000000,4.000000,4.000000,4.000000,0.000000,0.000000,0.000000,0
7,16000.000000,3200.000000,400.000000,4.000000,4.000000,4.000000,0.000000,0.000000,0.000000,0
7,16000.000000,2800.000000,0.000000,4.000000,4.000000,4.000000,0.000000,0.000000,0.000000,0
7,16000.000000,2800.000000,400.000000,4.000000,4.000000,4.000000,0.000000,0.000000,0.000000,0
7,16000.000000,2400.000000,0.000000,4.000000,4.000000,4.000000,0.000000,0.000000,0.000000,0
7,16000.000000,2400.000000,400.000000,4.000000,4.000000,4.000000,0.000000,0.000000,0.000000,0
7,16000.000000,2000.000000,0.000000,4.000000,4.000000,4.000000,0.000000,0.000000,0.000000,0
7,16000.000000,2000.000000,400.000000,4.000000,4.000000,4.000000,0.000000,0.000000,0.000000,0
7,16000.000000,1600.000000,0.000000,4.000000,4.000000,4.000000,0.000000,0.000000,0.000000,0
7,16000.000000,1600.000000,400.000000,4.000000,4.000000,4.000000,0.000000,0.000000,0.000000,0
7,16400.000000,1600.000000,0.000000,4.000000,4.000000,4.000000,0.000000,0.000000,0.000000,0
7,16400.000000,1600.000000,400.000000,4.000000,4.000000,4.000000,0.000000,0.000000,0.000000,0
7,16400.000000,2000.000000,0.000000,4.000000,4.000000,4.000000,0.000000,0.000000,0.000000,0
7,16400.000000,2000.000000,400.000000,4.000000,4.000000,4.000000,0.000000,0.000000,0.000000,0
7,16800.000000,2000.000000,0.000000,4.000000,4.000000,4.000000,0.000000,0.000000,0.000000,0
7,16800.000000,2000.000000,400.000000,4.000000,4.000000,4.000000,0.000000,0.000000,0.000000,0
0,15600.000000,5600.000000,0.000000,4.000000,4.000000,4.000000,0.000000,0.000000,0.000000,0
0,15600.000000,5600.000000,400.000000,4.000000,4.000000,4.000000,0.000000,0.000000,0.000000,0
0,15600.000000,6000.000000,0.000000,4.000000,4.000000,4.000000,0.000000,0.000000,0.000000,0
0,15600.000000,6000.000000,400.000000,4.000000,4.000000,4.000000,0.000000,0.000000,0.000000,0
0,15600.000000,6400.000000,0.000000,4.000000,4.000000,4.000000,0.000000,0.000000,0.000000,0
0,15600.000000,6400.000000,400.000000,4.000000,4.000000,4.000000,0.000000,0.000000,0.000000,0
7,16000.000000,5600.000000,0.000000,4.000000,4.000000,4.000000,0.000000,0.000000,0.000000,0
7,16000.000000,5600.000000,400.000000,4.000000,4.000000,4.000000,0.000000,0.000000,0.000000,0
0,13200.000000,6800.000000,0.000000,4.000000,4.000000,4.000000,0.000000,0.000000,0.000000,0
0,13200.000000,6800.000000,400.000000,4.000000,4.000000,4.000000,0.000000,0.000000,0.000000,0
0,12800.000000,6800.000000,0.000000,4.000000,4.000000,4.000000,0.000000,0.000000,0.000000,0
0,12800.000000,6800.000000,400.000000,4.000000,4.000000,4.000000,0.000000,0.000000,0.000000,0
0,12400.000000,6800.000000,0.000000,4.000000,4.000000,4.000000,0.000000,0.000000,0.000000,0
0,12400.000000,6800.000000,400.000000,4.000000,4.000000,4.000000,0.000000,0.000000,0.000000,0
0,12000.000000,6800.000000,0.000000,4.000000,4.000000,4.000000,0.000000,0.000000,0.000000,0
0,12000.000000,6800.000000,400.000000,4.000000,4.000000,4.000000,0.000000,0.000000,0.000000,0
0,11600.000000,6800.000000,400.000000,4.000000,4.000000,4.000000,0.000000,0.000000,0.000000,0
0,16800.000000,7200.000000,0.000000,4.000000,4.000000,4.000000,0.000000,0.000000,0.000000,0
0,16800.000000,7200.000000,400.000000,4.000000,4.000000,4.000000,0.000000,0.000000,0.000000,0
7,11600.000000,7200.000000,0.000000,4.000000,4.000000,4.000000,0.000000,0.000000,0.000000,0
7,11600.000000,7200.000000,400.000000,4.000000,4.000000,4.000000,0.000000,0.000000,0.000000,0
7,12000.000000,7200.000000,0.000000,4.000000,4.000000,4.000000,0.000000,0.000000,0.000000,0
7,12000.000000,7200.000000,400.000000,4.000000,4.000000,4.000000,0.000000,0.000000,0.000000,0
7,12400.000000,7200.000000,0.000000,4.000000,4.000000,4.000000,0.000000,0.000000,0.000000,0
7,12400.000000,7200.000000,400.000000,4.000000,4.000000,4.000000,0.000000,0.000000,0.000000,0
7,12800.000000,7200.000000,0.000000,4.000000,4.000000,4.000000,0.000000,0.000000,0.000000,0
7,12800.000000,7200.000000,400.000000,4.000000,4.000000,4.000000,0.000000,0.000000,0.000000,0
7,13200.000000,7200.000000,0.000000,4.000000,4.000000,4.000000,0.000000,0.000000,0.000000,0
7,13200.000000,7200.000000,400.000000,4.000000,4.000000,4.000000,0.000000,0.000000,0.000000,0
7,13600.000000,7200.000000,0.000000,4.000000,4.000000,4.000000,0.000000,0.000000,0.000000,0
7,13600.000000,7200.000000,400.000000,4.000000,4.000000,4.000000,0.000000,0.000000,0.000000,0
7,15200.000000,2000.000000,0.000000,4.000000,4.000000,4.000000,0.000000,0.000000,0.000000,0
7,15200.000000,2400.000000,0.000000,4.000000,4.000000,4.000000,0.000000,0.000000,0.000000,0
7,15200.000000,2800.000000,0.000000,4.000000,4.000000,4.000000,0.000000,0.000000,0.000000,0
7,15200.000000,3200.000000,0.000000,4.000000,4.000000,4.000000,0.000000,0.000000,0.000000,0
7,15200.000000,3600.000000,0.000000,4.000000,4.000000,4.000000,0.000000,0.000000,0.000000,0
7,15200.000000,4000.000000,0.000000,4.000000,4.000000,4.000000,0.000000,0.000000,0.000000,0
7,15200.000000,4400.000000,0.000000,4.000000,4.000000,4.000000,0.000000,0.000000,0.000000,0
7,15200.000000,4800.000000,0.000000,4.000000,4.000000,4.000000,0.000000,0.000000,0.000000,0
7,15200.000000,5200.000000,0.000000,4.000000,4.000000,4.000000,0.000000,0.000000,0.000000,0
7,15200.000000,5600.000000,0.000000,4.000000,4.000000,4.000000,0.000000,0.000000,0.000000,0
7,15200.000000,6000.000000,0.000000,4.000000,4.000000,4.000000,0.000000,0.000000,0.000000,0
7,15200.000000,6400.000000,0.000000,4.000000,4.000000,4.000000,0.000000,0.000000,0.000000,0
7,15200.000000,1600.000000,0.000000,4.000000,4.000000,4.000000,0.000000,0.000000,0.000000,0
7,15600.000000,6800.000000,0.000000,4.000000,4.000000,4.000000,0.000000,0.000000,0.000000,0
0,11200.000000,8800.000000,400.000000,4.000000,4.000000,4.000000,0.000000,0.000000,0.000000,0
0,11200.000000,8800.000000,0.000000,4.000000,4.000000,4.000000,0.000000,0.000000,0.000000,0
0,11200.000000,6800.000000,0.000000,4.000000,4.000000,4.000000,0.000000,0.000000,0.000000,0
0,11200.000000,6800.000000,400.000000,4.000000,4.000000,4.000000,0.000000,0.000000,0.000000,0
0,10800.000000,6800.000000,0.000000,4.000000,4.000000,4.000000,0.000000,0.000000,0.000000,0
0,10800.000000,6800.000000,400.000000,4.000000,4.000000,4.000000,0.000000,0.000000,0.000000,0
0,10400.000000,6800.000000,0.000000,4.000000,4.000000,4.000000,0.000000,0.000000,0.000000,0
0,10400.000000,6800.000000,400.000000,4.000000,4.000000,4.000000,0.000000,0.000000,0.000000,0
7,11200.000000,7200.000000,0.000000,4.000000,4.000000,4.000000,0.000000,0.000000,0.000000,0
7,11200.000000,7200.000000,400.000000,4.000000,4.000000,4.000000,0.000000,0.000000,0.000000,0
7,10800.000000,7200.000000,0.000000,4.000000,4.000000,4.000000,0.000000,0.000000,0.000000,0
7,10800.000000,7200.000000,400.000000,4.000000,4.000000,4.000000,0.000000,0.000000,0.000000,0
7,10400.000000,7200.000000,0.000000,4.000000,4.000000,4.000000,0.000000,0.000000,0.000000,0
7,10400.000000,7200.000000,400.000000,4.000000,4.000000,4.000000,0.000000,0.000000,0.000000,0
7,11200.000000,8400.000000,0.000000,4.000000,4.000000,4.000000,0.000000,0.000000,0.000000,0
7,11200.000000,8400.000000,400.000000,4.000000,4.000000,4.000000,0.000000,0.000000,0.000000,0
7,10800.000000,8400.000000,0.000000,4.000000,4.000000,4.000000,0.000000,0.000000,0.000000,0
7,10800.000000,8400.000000,400.000000,4.000000,4.000000,4.000000,0.000000,0.000000,0.000000,0
7,10400.000000,8400.000000,0.000000,4.000000,4.000000,4.000000,0.000000,0.000000,0.000000,0
7,10400.000000,8400.000000,400.000000,4.000000,4.000000,4.000000,0.000000,0.000000,0.000000,0
0,10800.000000,8800.000000,0.000000,4.000000,4.000000,4.000000,0.000000,0.000000,0.000000,0
0,10800.000000,8800.000000,400.000000,4.000000,4.000000,4.000000,0.000000,0.000000,0.000000,0
0,10400.000000,8800.000000,0.000000,4.000000,4.000000,4.000000,0.000000,0.000000,0.000000,0
0,10400.000000,8800.000000,400.000000,4.000000,4.000000,4.000000,0.000000,0.000000,0.000000,0
0,10000.000000,8800.000000,0.000000,4.000000,4.000000,4.000000,0.000000,0.000000,0.000000,0
0,10000.000000,8800.000000,400.000000,4.000000,4.000000,4.000000,0.000000,0.000000,0.000000,0
0,9600.000000,8800.000000,0.000000,4.000000,4.000000,4.000000,0.000000,0.000000,0.000000,0
0,9600.000000,8800.000000,400.000000,4.000000,4.000000,4.000000,0.000000,0.000000,0.000000,0
0,9200.000000,8800.000000,0.000000,4.000000,4.000000,4.000000,0.000000,0.000000,0.000000,0
0,9200.000000,8800.000000,400.000000,4.000000,4.000000,4.000000,0.000000,0.000000,0.000000,0
0,7600.000000,3600.000000,0.000000,4.000000,4.000000,4.000000,0.000000,0.000000,0.000000,0
0,7600.000000,3600.000000,400.000000,4.000000,4.000000,4.000000,0.000000,0.000000,0.000000,0
0,7200.000000,3600.000000,0.000000,4.000000,4.000000,4.000000,0.000000,0.000000,0.000000,0
0,7200.000000,3600.000000,400.000000,4.000000,4.000000,4.000000,0.000000,0.000000,0.000000,0
0,6800.000000,3600.000000,0.000000,4.000000,4.000000,4.000000,0.000000,0.000000,0.000000,0
0,6800.000000,3600.000000,400.000000,4.000000,4.000000,4.000000,0.000000,0.000000,0.000000,0
0,6400.000000,3600.000000,0.000000,4.000000,4.000000,4.000000,0.000000,0.000000,0.000000,0
0,6400.000000,3600.000000,400.000000,4.000000,4.000000,4.000000,0.000000,0.000000,0.000000,0
0,6000.000000,3600.000000,0.000000,4.000000,4.000000,4.000000,0.000000,0.000000,0.000000,0
0,6000.000000,3600.000000,400.000000,4.000000,4.000000,4.000000,0.000000,0.000000,0.000000,0
0,5600.000000,3600.000000,0.000000,4.000000,4.000000,4.000000,0.000000,0.000000,0.000000,0
0,5600.000000,3600.000000,400.000000,4.000000,4.000000,4.000000,0.000000,0.000000,0.000000,0
0,5200.000000,3600.000000,0.000000,4.000000,4.000000,4.000000,0.000000,0.000000,0.000000,0
0,5200.000000,3600.000000,400.000000,4.000000,4.000000,4.000000,0.000000,0.000000,0.000000,0
0,4800.000000,3600.000000,0.000000,4.000000,4.000000,4.000000,0.000000,0.000000,0.000000,0
0,4800.000000,3600.000000,400.000000,4.000000,4.000000,4.000000,0.000000,0.000000,0.000000,0
0,4400.000000,3600.000000,0.000000,4.000000,4.000000,4.000000,0.000000,0.000000,0.000000,0
0,4400.000000,3600.000000,400.000000,4.000000,4.000000,4.000000,0.000000,0.000000,0.000000,0
0,4000.000000,3600.000000,0.000000,4.000000,4.000000,4.000000,0.000000,0.000000,0.000000,0
0,4000.000000,3600.000000,400.000000,4.000000,4.000000,4.000000,0.000000,0.000000,0.000000,0
0,3600.000000,3600.000000,0.000000,4.000000,4.000000,4.000000,0.000000,0.000000,0.000000,0
0,3600.000000,3600.000000,400.000000,4.000000,4.000000,4.000000,0.000000,0.000000,0.000000,0
7,10000.000000,8400.000000,0.000000,4.000000,4.000000,4.000000,0.000000,0.000000,0.000000,0
7,10000.000000,8400.000000,400.000000,4.000000,4.000000,4.000000,0.000000,0.000000,0.000000,0
7,9600.000000,8400.000000,0.000000,4.000000,4.000000,4.000000,0.000000,0.000000,0.000000,0
7,9600.000000,8400.000000,400.000000,4.000000,4.000000,4.000000,0.000000,0.000000,0.000000,0
7,9200.000000,8400.000000,400.000000,4.000000,4.000000,4.000000,0.000000,0.000000,0.000000,0
0,10400.000000,2000.000000,0.000000,4.000000,4.000000,4.000000,0.000000,0.000000,0.000000,0
0,10400.000000,2000.000000,400.000000,4.000000,4.000000,4.000000,0.000000,0.000000,0.000000,0
0,10400.000000,2400.000000,0.000000,4.000000,4.000000,4.000000,0.000000,0.000000,0.000000,0
0,10400.000000,2400.000000,400.000000,4.000000,4.000000,4.000000,0.000000,0.000000,0.000000,0
0,10400.000000,2800.000000,0.000000,4.000000,4.000000,4.000000,0.000000,0.000000,0.000000,0
0,10400.000000,2800.000000,400.000000,4.000000,4.000000,4.000000,0.000000,0.000000,0.000000,0
0,10400.000000,3200.000000,0.000000,4.000000,4.000000,4.000000,0.000000,0.000000,0.000000,0
0,10400.000000,3200.000000,400.000000,4.000000,4.000000,4.000000,0.000000,0.000000,0.000000,0
0,10400.000000,3600.000000,0.000000,4.000000,4.000000,4.000000,0.000000,0.000000,0.000000,0
0,10400.000000,3600.000000,400.000000,4.000000,4.000000,4.000000,0.000000,0.000000,0.000000,0
0,10400.000000,4000.000000,0.000000,4.000000,4.000000,4.000000,0.000000,0.000000,0.000000,0
0,10400.000000,4000.000000,400.000000,4.000000,4.000000,4.000000,0.000000,0.000000,0.000000,0
0,10400.000000,4400.000000,0.000000,4.000000,4.000000,4.000000,0.000000,0.000000,0.000000,0
0,10400.000000,4400.000000,400.000000,4.000000,4.000000,4.000000,0.000000,0.000000,0.000000,0
0,10400.000000,4800.000000,0.000000,4.000000,4.000000,4.000000,0.000000,0.000000,0.000000,0
0,10400.000000,4800.000000,400.000000,4.000000,4.000000,4.000000,0.000000,0.000000,0.000000,0
0,10400.000000,5200.000000,0.000000,4.000000,4.000000,4.000000,0.000000,0.000000,0.000000,0
0,10400.000000,5200.000000,400.000000,4.000000,4.000000,4.000000,0.000000,0.000000,0.000000,0
0,10400.000000,5600.000000,0.000000,4.000000,4.000000,4.000000,0.000000,0.000000,0.000000,0
0,10400.000000,5600.000000,400.000000,4.000000,4.000000,4.000000,0.000000,0.000000,0.000000,0
0,10400.000000,6000.000000,0.000000,4.000000,4.000000,4.000000,0.000000,0.000000,0.000000,0
0,10400.000000,6000.000000,400.000000,4.000000,4.000000,4.000000,0.000000,0.000000,0.000000,0
0,10400.000000,6400.000000,0.000000,4.000000,4.000000,4.000000,0.000000,0.000000,0.000000,0
0,10400.000000,6400.000000,400.000000,4.000000,4.000000,4.000000,0.000000,0.000000,0.000000,0
7,10000.000000,7200.000000,0.000000,4.000000,4.000000,4.000000,0.000000,0.000000,0.000000,0
7,10000.000000,7200.000000,400.000000,4.000000,4.000000,4.000000,0.000000,0.000000,0.000000,0
7,10000.000000,6800.000000,0.000000,4.000000,4.000000,4.000000,0.000000,0.000000,0.000000,0
7,10000.000000,6800.000000,400.000000,4.000000,4.000000,4.000000,0.000000,0.000000,0.000000,0
7,10000.000000,6400.000000,0.000000,4.000000,4.000000,4.000000,0.000000,0.000000,0.000000,0
7,10000.000000,6400.000000,400.000000,4.000000,4.000000,4.000000,0.000000,0.000000,0.000000,0
7,10000.000000,6000.000000,0.000000,4.000000,4.000000,4.000000,0.000000,0.000000,0.000000,0
7,10000.000000,6000.000000,400.000000,4.000000,4.000000,4.000000,0.000000,0.000000,0.000000,0
7,17200.000000,7200.000000,0.000000,4.000000,4.000000,4.000000,0.000000,0.000000,0.000000,0
7,17200.000000,7200.000000,400.000000,4.000000,4.000000,4.000000,0.000000,0.000000,0.000000,0
7,16800.000000,7600.000000,0.000000,4.000000,4.000000,4.000000,0.000000,0.000000,0.000000,0
7,16800.000000,7600.000000,400.000000,4.000000,4.000000,4.000000,0.000000,0.000000,0.000000,0
7,9600.000000,2000.000000,0.000000,4.000000,4.000000,4.000000,0.000000,0.000000,0.000000,0
7,9600.000000,2000.000000,400.000000,4.000000,4.000000,4.000000,0.000000,0.000000,0.000000,0
7,10000.000000,2000.000000,0.000000,4.000000,4.000000,4.000000,0.000000,0.000000,0.000000,0
7,10000.000000,2000.000000,400.000000,4.000000,4.000000,4.000000,0.000000,0.000000,0.000000,0
7,10000.000000,2400.000000,0.000000,4.000000,4.000000,4.000000,0.000000,0.000000,0.000000,0
7,10000.000000,2400.000000,400.000000,4.000000,4.000000,4.000000,0.000000,0.000000,0.000000,0
0,3200.000000,1600.000000,0.000000,4.000000,4.000000,4.000000,0.000000,0.000000,0.000000,0
0,3200.000000,1600.000000,400.000000,4.000000,4.000000,4.000000,0.000000,0.000000,0.000000,0
0,3200.000000,2000.000000,0.000000,4.000000,4.000000,4.000000,0.000000,0.000000,0.000000,0
0,3200.000000,2000.000000,400.000000,4.000000,4.000000,4.000000,0.000000,0.000000,0.000000,0
0,3200.000000,2400.000000,0.000000,4.000000,4.000000,4.000000,0.000000,0.000000,0.000000,0
0,3200.000000,2400.000000,400.000000,4.000000,4.000000,4.000000,0.000000,0.000000,0.000000,0
0,3200.000000,3600.000000,0.000000,4.000000,4.000000,4.000000,0.000000,0.000000,0.000000,0
0,3200.000000,3600.000000,400.000000,4.000000,4.000000,4.000000,0.000000,0.000000,0.000000,0
0,2800.000000,2400.000000,0.000000,4.000000,4.000000,4.000000,0.000000,0.000000,0.000000,0
0,2800.000000,2400.000000,400.000000,4.000000,4.000000,4.000000,0.000000,0.000000,0.000000,0
0,2400.000000,2400.000000,0.000000,4.000000,4.000000,4.000000,0.000000,0.000000,0.000000,0
0,2400.000000,2400.000000,400.000000,4.000000,4.000000,4.000000,0.000000,0.000000,0.000000,0
0,2000.000000,2400.000000,0.000000,4.000000,4.000000,4.000000,0.000000,0.000000,0.000000,0
0,2000.000000,2400.000000,400.000000,4.000000,4.000000,4.000000,0.000000,0.000000,0.000000,0
0,3200.000000,4000.000000,0.000000,4.000000,4.000000,4.000000,0.000000,0.000000,0.000000,0
0,3200.000000,4000.000000,400.000000,4.000000,4.000000,4.000000,0.000000,0.000000,0.000000,0
0,3200.000000,4400.000000,0.000000,4.000000,4.000000,4.000000,0.000000,0.000000,0.000000,0
0,3200.000000,4400.000000,400.000000,4.000000,4.000000,4.000000,0.000000,0.000000,0.000000,0
0,3200.000000,4800.000000,0.000000,4.000000,4.000000,4.000000,0.000000,0.000000,0.000000,0
0,3200.000000,4800.000000,400.000000,4.000000,4.000000,4.000000,0.000000,0.000000,0.000000,0
0,3200.000000,5200.000000,0.000000,4.000000,4.000000,4.000000,0.000000,0.000000,0.000000,0
0,3200.000000,5200.000000,400.000000,4.000000,4.000000,4.000000,0.000000,0.000000,0.000000,0
7,-400.000000,6000.000000,0.000000,4.000000,4.000000,4.000000,0.000000,0.000000,0.000000,0
7,-400.000000,6000.000000,400.000000,4.000000,4.000000,4.000000,0.000000,0.000000,0.000000,0
7,-400.000000,5600.000000,0.000000,4.000000,4.000000,4.000000,0.000000,0.000000,0.000000,0
7,-400.000000,5600.000000,400.000000,4.000000,4.000000,4.000000,0.000000,0.000000,0.000000,0
7,-400.000000,5200.000000,0.000000,4.000000,4.000000,4.000000,0.000000,0.000000,0.000000,0
7,-400.000000,5200.000000,400.000000,4.000000,4.000000,4.000000,0.000000,0.000000,0.000000,0
7,-400.000000,4800.000000,0.000000,4.000000,4.000000,4.000000,0.000000,0.000000,0.000000,0
7,-400.000000,4800.000000,400.000000,4.000000,4.000000,4.000000,0.000000,0.000000,0.000000,0
7,-400.000000,4400.000000,0.000000,4.000000,4.000000,4.000000,0.000000,0.000000,0.000000,0
7,-400.000000,4400.000000,400.000000,4.000000,4.000000,4.000000,0.000000,0.000000,0.000000,0
7,-400.000000,4000.000000,0.000000,4.000000,4.000000,4.000000,0.000000,0.000000,0.000000,0
7,-400.000000,4000.000000,400.000000,4.000000,4.000000,4.000000,0.000000,0.000000,0.000000,0
7,-400.000000,3600.000000,0.000000,4.000000,4.000000,4.000000,0.000000,0.000000,0.000000,0
7,-400.000000,3600.000000,400.000000,4.000000,4.000000,4.000000,0.000000,0.000000,0.000000,0
7,-400.000000,3200.000000,0.000000,4.000000,4.000000,4.000000,0.000000,0.000000,0.000000,0
7,-400.000000,3200.000000,400.000000,4.000000,4.000000,4.000000,0.000000,0.000000,0.000000,0
7,-400.000000,2800.000000,0.000000,4.000000,4.000000,4.000000,0.000000,0.000000,0.000000,0
7,-400.000000,2800.000000,400.000000,4.000000,4.000000,4.000000,0.000000,0.000000,0.000000,0
7,-400.000000,2400.000000,0.000000,4.000000,4.000000,4.000000,0.000000,0.000000,0.000000,0
7,-400.000000,2400.000000,400.000000,4.000000,4.000000,4.000000,0.000000,0.000000,0.000000,0
7,1600.000000,2400.000000,0.000000,4.000000,4.000000,4.000000,0.000000,0.000000,0.000000,0
7,1600.000000,2400.000000,400.000000,4.000000,4.000000,4.000000,0.000000,0.000000,0.000000,0
7,-400.000000,2000.000000,400.000000,4.000000,4.000000,4.000000,0.000000,0.000000,0.000000,0
0,4800.000000,-5200.000000,0.000000,4.000000,4.000000,4.000000,0.000000,0.000000,0.000000,0
0,4800.000000,-5200.000000,400.000000,4.000000,4.000000,4.000000,0.000000,0.000000,0.000000,0
0,4800.000000,-4800.000000,0.000000,4.000000,4.000000,4.000000,0.000000,0.000000,0.000000,0
0,4800.000000,-4800.000000,400.000000,4.000000,4.000000,4.000000,0.000000,0.000000,0.000000,0
0,4800.000000,-4400.000000,0.000000,4.000000,4.000000,4.000000,0.000000,0.000000,0.000000,0
0,4800.000000,-4400.000000,400.000000,4.000000,4.000000,4.000000,0.000000,0.000000,0.000000,0
0,4800.000000,-4000.000000,0.000000,4.000000,4.000000,4.000000,0.000000,0.000000,0.000000,0
0,4800.000000,-4000.000000,400.000000,4.000000,4.000000,4.000000,0.000000,0.000000,0.000000,0
0,4800.000000,-3600.000000,0.000000,4.000000,4.000000,4.000000,0.000000,0.000000,0.000000,0
0,4800.000000,-3600.000000,400.000000,4.000000,4.000000,4.000000,0.000000,0.000000,0.000000,0
0,4800.000000,-3200.000000,0.000000,4.000000,4.000000,4.000000,0.000000,0.000000,0.000000,0
0,4800.000000,-3200.000000,400.000000,4.000000,4.000000,4.000000,0.000000,0.000000,0.000000,0
0,4800.000000,-2800.000000,0.000000,4.000000,4.000000,4.000000,0.000000,0.000000,0.000000,0
0,4800.000000,-2800.000000,400.000000,4.000000,4.000000,4.000000,0.000000,0.000000,0.000000,0
6,11200.000000,1600.000000,-400.000000,55.000000,4.000000,14.000000,0.000000,0.000000,0.000000,0
6,10000.000000,0.000000,-400.000000,36.000000,4.000000,14.000000,0.000000,0.000000,0.000000,0
6,8400.000000,800.000000,-400.000000,16.000000,4.000000,14.000000,0.000000,-9.424778,1.570796,0
6,12000.000000,-1200.000000,-400.000000,24.000000,4.000000,16.000000,0.000000,-9.424778,1.570796,0
6,14000.000000,-400.000000,-400.000000,44.000000,4.000000,16.000000,0.000000,-9.424778,1.570796,0
6,14800.000000,1600.000000,-400.000000,8.000000,4.000000,21.000000,0.000000,-9.424778,3.141593,0
0,13200.000000,6400.000000,0.000000,4.000000,4.000000,4.000000,0.000000,-9.424778,-0.000000,0
0,13200.000000,6400.000000,400.000000,4.000000,4.000000,4.000000,0.000000,-9.424778,-0.000000,0
0,13200.000000,6000.000000,0.000000,4.000000,4.000000,4.000000,0.000000,-9.424778,-0.000000,0
0,13200.000000,6000.000000,400.000000,4.000000,4.000000,4.000000,0.000000,-9.424778,-0.000000,0
0,13200.000000,5600.000000,0.000000,4.000000,4.000000,4.000000,0.000000,-9.424778,-0.000000,0
0,13200.000000,5600.000000,400.000000,4.000000,4.000000,4.000000,0.000000,-9.424778,-0.000000,0
0,13200.000000,5200.000000,0.000000,4.000000,4.000000,4.000000,0.000000,-9.424778,-0.000000,0
0,13200.000000,5200.000000,400.000000,4.000000,4.000000,4.000000,0.000000,-9.424778,-0.000000,0
0,13200.000000,4800.000000,0.000000,4.000000,4.000000,4.000000,0.000000,-9.424778,-0.000000,0
0,13200.000000,4800.000000,400.000000,4.000000,4.000000,4.000000,0.000000,-9.424778,-0.000000,0
0,13200.000000,4400.000000,0.000000,4.000000,4.000000,4.000000,0.000000,-9.424778,-0.000000,0
0,13200.000000,4400.000000,400.000000,4.000000,4.000000,4.000000,0.000000,-9.424778,-0.000000,0
0,13200.000000,4000.000000,0.000000,4.000000,4.000000,4.000000,0.000000,-9.424778,-0.000000,0
0,13200.000000,4000.000000,400.000000,4.000000,4.000000,4.000000,0.000000,-9.424778,-0.000000,0
0,13200.000000,3600.000000,0.000000,4.000000,4.000000,4.000000,0.000000,-9.424778,-0.000000,0
0,13200.000000,3600.000000,400.000000,4.000000,4.000000,4.000000,0.000000,-9.424778,-0.000000,0
0,13200.000000,3200.000000,0.000000,4.000000,4.000000,4.000000,0.000000,-9.424778,-0.000000,0
0,13200.000000,3200.000000,400.000000,4.000000,4.000000,4.000000,0.000000,-9.424778,-0.000000,0
0,13200.000000,2800.000000,0.000000,4.000000,4.000000,4.000000,0.000000,-9.424778,-0.000000,0
0,13200.000000,2800.000000,400.000000,4.000000,4.000000,4.000000,0.000000,-9.424778,-0.000000,0
0,13200.000000,2400.000000,0.000000,4.000000,4.000000,4.000000,0.000000,-9.424778,-0.000000,0
0,13200.000000,2400.000000,400.000000,4.000000,4.000000,4.000000,0.000000,-9.424778,-0.000000,0
0,13200.000000,2000.000000,0.000000,4.000000,4.000000,4.000000,0.000000,-9.424778,-0.000000,0
0,13200.000000,2000.000000,400.000000,4.000000,4.000000,4.000000,0.000000,-9.424778,-0.000000,0
7,13600.000000,6800.000000,0.000000,4.000000,4.000000,4.000000,0.000000,-9.424778,-0.000000,0
7,13600.000000,6800.000000,400.000000,4.000000,4.000000,4.000000,0.000000,-9.424778,-0.000000,0
7,13600.000000,6400.000000,0.000000,4.000000,4.000000,4.000000,0.000000,-9.424778,-0.000000,0
7,13600.000000,6400.000000,400.000000,4.000000,4.000000,4.000000,0.000000,-9.424778,-0.000000,0
7,13600.000000,6000.000000,0.000000,4.000000,4.000000,4.000000,0.000000,-9.424778,-0.000000,0
7,13600.000000,6000.000000,400.000000,4.000000,4.000000,4.000000,0.000000,-9.424778,-0.000000,0
7,13600.000000,5600.000000,0.000000,4.000000,4.000000,4.000000,0.000000,-9.424778,-0.000000,0
7,13600.000000,5600.000000,400.000000,4.000000,4.000000,4.000000,0.000000,-9.424778,-0.000000,0
7,13600.000000,5200.000000,0.000000,4.000000,4.000000,4.000000,0.000000,-9.424778,-0.000000,0
7,13600.000000,5200.000000,400.000000,4.000000,4.000000,4.000000,0.000000,-9.424778,-0.000000,0
7,13600.000000,4800.000000,0.000000,4.000000,4.000000,4.000000,0.000000,-9.424778,-0.000000,0
7,13600.000000,4800.000000,400.000000,4.000000,4.000000,4.000000,0.000000,-9.424778,-0.000000,0
7,13600.000000,4400.000000,0.000000,4.000000,4.000000,4.000000,0.000000,-9.424778,-0.000000,0
7,13600.000000,4400.000000,400.000000,4.000000,4.000000,4.000000,0.000000,-9.424778,-0.000000,0
7,13600.000000,4000.000000,0.000000,4.000000,4.000000,4.000000,0.000000,-9.424778,-0.000000,0
7,13600.000000,4000.000000,400.000000,4.000000,4.000000,4.000000,0.000000,-9.424778,-0.000000,0
7,13600.000000,3600.000000,0.000000,4.000000,4.000000,4.000000,0.000000,-9.424778,-0.000000,0
7,13600.000000,3600.000000,400.000000,4.000000,4.000000,4.000000,0.000000,-9.424778,-0.000000,0
7,13600.000000,3200.000000,0.000000,4.000000,4.000000,4.000000,0.000000,-9.424778,-0.000000,0
7,13600.000000,3200.000000,400.000000,4.000000,4.000000,4.000000,0.000000,-9.424778,-0.000000,0
7,13600.000000,2800.000000,0.000000,4.000000,4.000000,4.000000,0.000000,-9.424778,-0.000000,0
7,13600.000000,2800.000000,400.000000,4.000000,4.000000,4.000000,0.000000,-9.424778,-0.000000,0
7,13600.000000,2400.000000,0.000000,4.000000,4.000000,4.000000,0.000000,-9.424778,-0.000000,0
7,13600.000000,2400.000000,400.000000,4.000000,4.000000,4.000000,0.000000,-9.424778,-0.000000,0
7,13600.000000,2000.000000,0.000000,4.000000,4.000000,4.000000,0.000000,-9.424778,-0.000000,0
7,13600.000000,2000.000000,400.000000,4.000000,4.000000,4.000000,0.000000,-9.424778,-0.000000,0
2,14400.000000,2000.000000,0.000000,4.000000,4.000000,4.000000,0.000000,-9.424778,-0.000000,0
6,13600.000000,4400.000000,-400.000000,4.000000,48.000000,25.000000,0.000000,-9.424778,-0.000000,0
2,10400.000000,800.000000,0.000000,9.000000,9.000000,9.000000,0.000000,0.000000,0.000000,0
6,13200.000000,-1200.000000,-400.000000,29.000000,3.000000,9.000000,0.000000,0.000000,0.000000,0
0,2800.000000,-5600.000000,0.000000,4.000000,4.000000,4.000000,0.000000,0.000000,0.000000,0
0,2800.000000,-5600.000000,400.000000,4.000000,4.000000,4.000000,0.000000,0.000000,0.000000,0
0,3200.000000,-5600.000000,0.000000,4.000000,4.000000,4.000000,0.000000,0.000000,0.000000,0
0,3200.000000,-5600.000000,400.000000,4.000000,4.000000,4.000000,0.000000,0.000000,0.000000,0
0,3600.000000,-5600.000000,0.000000,4.000000,4.000000,4.000000,0.000000,0.000000,0.000000,0
0,3600.000000,-5600.000000,400.000000,4.000000,4.000000,4.000000,0.000000,0.000000,0.000000,0
0,4000.000000,-5600.000000,0.000000,4.000000,4.000000,4.000000,0.000000,0.000000,0.000000,0
0,4000.000000,-5600.000000,400.000000,4.000000,4.000000,4.000000,0.000000,0.000000,0.000000,0
0,4400.000000,-5600.000000,0.000000,4.000000,4.000000,4.000000,0.000000,0.000000,0.000000,0
0,4400.000000,-5600.000000,400.000000,4.000000,4.000000,4.000000,0.000000,0.000000,0.000000,0
0,4800.000000,-5600.000000,0.000000,4.000000,4.000000,4.000000,0.000000,0.000000,0.000000,0
0,4800.000000,-5600.000000,400.000000,4.000000,4.000000,4.000000,0.000000,0.000000,0.000000,0
0,1600.000000,-5600.000000,0.000000,4.000000,4.000000,4.000000,0.000000,0.000000,0.000000,0
0,1600.000000,-5600.000000,400.000000,4.000000,4.000000,4.000000,0.000000,0.000000,0.000000,0
0,2000.000000,-5600.000000,0.000000,4.000000,4.000000,4.000000,0.000000,0.000000,0.000000,0
0,2000.000000,-5600.000000,400.000000,4.000000,4.000000,4.000000,0.000000,0.000000,0.000000,0
0,2400.000000,-5600.000000,0.000000,4.000000,4.000000,4.000000,0.000000,0.000000,0.000000,0
0,2400.000000,-5600.000000,400.000000,4.000000,4.000000,4.000000,0.000000,0.000000,0.000000,0
6,10400.000000,5600.000000,-400.000000,4.000000,27.000000,15.000000,0.000000,0.000000,0.000000,0
6,12000.000000,6800.000000,-400.000000,4.000000,27.000000,15.000000,0.000000,0.000000,-1.570796,0
7,10000.000000,5600.000000,0.000000,4.000000,4.000000,4.000000,0.000000,0.000000,0.000000,0
7,10000.000000,5600.000000,400.000000,4.000000,4.000000,4.000000,0.000000,0.000000,0.000000,0
7,10000.000000,5200.000000,0.000000,4.000000,4.000000,4.000000,0.000000,0.000000,0.000000,0
7,10000.000000,5200.000000,400.000000,4.000000,4.000000,4.000000,0.000000,0.000000,0.000000,0
7,10000.000000,4800.000000,0.000000,4.000000,4.000000,4.000000,0.000000,0.000000,0.000000,0
7,10000.000000,4800.000000,400.000000,4.000000,4.000000,4.000000,0.000000,0.000000,0.000000,0
7,10000.000000,4400.000000,0.000000,4.000000,4.000000,4.000000,0.000000,0.000000,0.000000,0
7,10000.000000,4400.000000,400.000000,4.000000,4.000000,4.000000,0.000000,0.000000,0.000000,0
7,10000.000000,4000.000000,0.000000,4.000000,4.000000,4.000000,0.000000,0.000000,0.000000,0
7,10000.000000,4000.000000,400.000000,4.000000,4.000000,4.000000,0.000000,0.000000,0.000000,0
7,10000.000000,3600.000000,0.000000,4.000000,4.000000,4.000000,0.000000,0.000000,0.000000,0
7,10000.000000,3600.000000,400.000000,4.000000,4.000000,4.000000,0.000000,0.000000,0.000000,0
7,10000.000000,3200.000000,0.000000,4.000000,4.000000,4.000000,0.000000,0.000000,0.000000,0
7,10000.000000,3200.000000,400.000000,4.000000,4.000000,4.000000,0.000000,0.000000,0.000000,0
7,10000.000000,2800.000000,0.000000,4.000000,4.000000,4.000000,0.000000,0.000000,0.000000,0
7,10000.000000,2800.000000,400.000000,4.000000,4.000000,4.000000,0.000000,0.000000,0.000000,0
0,3200.000000,5600.000000,0.000000,4.000000,4.000000,4.000000,0.000000,0.000000,0.000000,0
0,3200.000000,5600.000000,400.000000,4.000000,4.000000,4.000000,0.000000,0.000000,0.000000,0
0,800.000000,6000.000000,0.000000,4.000000,4.000000,4.000000,0.000000,0.000000,0.000000,0
0,800.000000,6000.000000,400.000000,4.000000,4.000000,4.000000,0.000000,0.000000,0.000000,0
0,400.000000,6400.000000,0.000000,4.000000,4.000000,4.000000,0.000000,0.000000,0.000000,0
0,400.000000,6400.000000,400.000000,4.000000,4.000000,4.000000,0.000000,0.000000,0.000000,0
0,0.000000,6800.000000,0.000000,4.000000,4.000000,4.000000,0.000000,0.000000,0.000000,0
0,0.000000,6800.000000,400.000000,4.000000,4.000000,4.000000,0.000000,0.000000,0.000000,0
0,-400.000000,7200.000000,0.000000,4.000000,4.000000,4.000000,0.000000,0.000000,0.000000,0
0,-400.000000,7200.000000,400.000000,4.000000,4.000000,4.000000,0.000000,0.000000,0.000000,0
0,-800.000000,7600.000000,0.000000,4.000000,4.000000,4.000000,0.000000,0.000000,0.000000,0
0,-800.000000,7600.000000,400.000000,4.000000,4.000000,4.000000,0.000000,0.000000,0.000000,0
0,-1200.000000,8000.000000,0.000000,4.000000,4.000000,4.000000,0.000000,0.000000,0.000000,0
0,-1200.000000,8000.000000,400.000000,4.000000,4.000000,4.000000,0.000000,0.000000,0.000000,0
0,-1600.000000,8400.000000,0.000000,4.000000,4.000000,4.000000,0.000000,0.000000,0.000000,0
0,-1600.000000,8400.000000,400.000000,4.000000,4.000000,4.000000,0.000000,0.000000,0.000000,0
0,-2000.000000,8000.000000,0.000000,4.000000,4.000000,4.000000,0.000000,0.000000,0.000000,0
0,-2000.000000,8000.000000,400.000000,4.000000,4.000000,4.000000,0.000000,0.000000,0.000000,0
0,-2400.000000,7600.000000,0.000000,4.000000,4.000000,4.000000,0.000000,0.000000,0.000000,0
0,-2400.000000,7600.000000,400.000000,4.000000,4.000000,4.000000,0.000000,0.000000,0.000000,0
0,-2800.000000,7200.000000,0.000000,4.000000,4.000000,4.000000,0.000000,0.000000,0.000000,0
0,-2800.000000,7200.000000,400.000000,4.000000,4.000000,4.000000,0.000000,0.000000,0.000000,0
0,-3200.000000,6800.000000,0.000000,4.000000,4.000000,4.000000,0.000000,0.000000,0.000000,0
0,-3200.000000,6800.000000,400.000000,4.000000,4.000000,4.000000,0.000000,0.000000,0.000000,0
0,-3600.000000,6400.000000,0.000000,4.000000,4.000000,4.000000,0.000000,0.000000,0.000000,0
0,-3600.000000,6400.000000,400.000000,4.000000,4.000000,4.000000,0.000000,0.000000,0.000000,0
0,1200.000000,5600.000000,0.000000,4.000000,4.000000,4.000000,0.000000,0.000000,0.000000,0
0,1200.000000,5600.000000,400.000000,4.000000,4.000000,4.000000,0.000000,0.000000,0.000000,0
7,2000.000000,5200.000000,0.000000,4.000000,4.000000,4.000000,0.000000,0.000000,0.000000,0
7,2000.000000,5200.000000,400.000000,4.000000,4.000000,4.000000,0.000000,0.000000,0.000000,0
7,1600.000000,5600.000000,0.000000,4.000000,4.000000,4.000000,0.000000,0.000000,0.000000,0
7,1600.000000,5600.000000,400.000000,4.000000,4.000000,4.000000,0.000000,0.000000,0.000000,0
7,1200.000000,6000.000000,0.000000,4.000000,4.000000,4.000000,0.000000,0.000000,0.000000,0
7,1200.000000,6000.000000,400.000000,4.000000,4.000000,4.000000,0.000000,0.000000,0.000000,0
7,800.000000,6400.000000,0.000000,4.000000,4.000000,4.000000,0.000000,0.000000,0.000000,0
7,800.000000,6400.000000,400.000000,4.000000,4.000000,4.000000,0.000000,0.000000,0.000000,0
7,0.000000,7200.000000,0.000000,4.000000,4.000000,4.000000,0.000000,0.000000,0.000000,0
7,0.000000,7200.000000,400.000000,4.000000,4.000000,4.000000,0.000000,0.000000,0.000000,0
7,-400.000000,7600.000000,0.000000,4.000000,4.000000,4.000000,0.000000,0.000000,0.000000,0
7,-400.000000,7600.000000,400.000000,4.000000,4.000000,4.000000,0.000000,0.000000,0.000000,0
7,-800.000000,8000.000000,0.000000,4.000000,4.000000,4.000000,0.000000,0.000000,0.000000,0
7,-800.000000,8000.000000,400.000000,4.000000,4.000000,4.000000,0.000000,0.000000,0.000000,0
7,-1200.000000,8400.000000,0.000000,4.000000,4.000000,4.000000,0.000000,0.000000,0.000000,0
7,-1200.000000,8400.000000,400.000000,4.000000,4.000000,4.000000,0.000000,0.000000,0.000000,0
7,-1600.000000,8800.000000,0.000000,4.000000,4.000000,4.000000,0.000000,0.000000,0.000000,0
7,-1600.000000,8800.000000,400.000000,4.000000,4.000000,4.000000,0.000000,0.000000,0.000000,0
7,-2000.000000,8400.000000,0.000000,4.000000,4.000000,4.000000,0.000000,0.000000,0.000000,0
7,-2000.000000,8400.000000,400.000000,4.000000,4.000000,4.000000,0.000000,0.000000,0.000000,0
7,-2400.000000,8000.000000,0.000000,4.000000,4.000000,4.000000,0.000000,0.000000,0.000000,0
7,-2400.000000,8000.000000,400.000000,4.000000,4.000000,4.000000,0.000000,0.000000,0.000000,0
7,-2800.000000,7600.000000,0.000000,4.000000,4.000000,4.000000,0.000000,0.000000,0.000000,0
7,-2800.000000,7600.000000,400.000000,4.000000,4.000000,4.000000,0.000000,0.000000,0.000000,0
7,-3200.000000,7200.000000,0.000000,4.000000,4.000000,4.000000,0.000000,0.000000,0.000000,0
7,-3200.000000,7200.000000,400.000000,4.000000,4.000000,4.000000,0.000000,0.000000,0.000000,0
7,-3600.000000,6800.000000,0.000000,4.000000,4.000000,4.000000,0.000000,0.000000,0.000000,0
7,-3600.000000,6800.000000,400.000000,4.000000,4.000000,4.000000,0.000000,0.000000,0.000000,0
7,400.000000,6800.000000,0.000000,4.000000,4.000000,4.000000,0.000000,0.000000,0.000000,0
7,400.000000,6800.000000,400.000000,4.000000,4.000000,4.000000,0.000000,0.000000,0.000000,0
0,2800.000000,4000.000000,0.000000,4.000000,4.000000,4.000000,0.000000,0.000000,0.000000,0
0,2800.000000,4000.000000,400.000000,4.000000,4.000000,4.000000,0.000000,0.000000,0.000000,0
0,2400.000000,4000.000000,0.000000,4.000000,4.000000,4.000000,0.000000,0.000000,0.000000,0
0,2400.000000,4000.000000,400.000000,4.000000,4.000000,4.000000,0.000000,0.000000,0.000000,0
0,2000.000000,4000.000000,0.000000,4.000000,4.000000,4.000000,0.000000,0.000000,0.000000,0
0,2000.000000,4000.000000,400.000000,4.000000,4.000000,4.000000,0.000000,0.000000,0.000000,0
0,1200.000000,4000.000000,0.000000,4.000000,4.000000,4.000000,0.000000,0.000000,0.000000,0
0,1200.000000,4000.000000,400.000000,4.000000,4.000000,4.000000,0.000000,0.000000,0.000000,0
0,1600.000000,4000.000000,0.000000,4.000000,4.000000,4.000000,0.000000,0.000000,0.000000,0
0,1600.000000,4000.000000,400.000000,4.000000,4.000000,4.000000,0.000000,0.000000,0.000000,0
7,2800.000000,3600.000000,0.000000,4.000000,4.000000,4.000000,0.000000,0.000000,0.000000,0
7,2800.000000,3600.000000,400.000000,4.000000,4.000000,4.000000,0.000000,0.000000,0.000000,0
7,2400.000000,3600.000000,0.000000,4.000000,4.000000,4.000000,0.000000,0.000000,0.000000,0
7,2400.000000,3600.000000,400.000000,4.000000,4.000000,4.000000,0.000000,0.000000,0.000000,0
7,2000.000000,3600.000000,0.000000,4.000000,4.000000,4.000000,0.000000,0.000000,0.000000,0
7,2000.000000,3600.000000,400.000000,4.000000,4.000000,4.000000,0.000000,0.000000,0.000000,0
7,1600.000000,3600.000000,0.000000,4.000000,4.000000,4.000000,0.000000,0.000000,0.000000,0
7,1600.000000,3600.000000,400.000000,4.000000,4.000000,4.000000,0.000000,0.000000,0.000000,0
7,1200.000000,3600.000000,0.000000,4.000000,4.000000,4.000000,0.000000,0.000000,0.000000,0
7,1200.000000,3600.000000,400.000000,4.000000,4.000000,4.000000,0.000000,0.000000,0.000000,0
0,800.000000,5600.000000,0.000000,4.000000,4.000000,4.000000,0.000000,0.000000,0.000000,0
0,800.000000,5600.000000,400.000000,4.000000,4.000000,4.000000,0.000000,0.000000,0.000000,0
0,400.000000,5600.000000,0.000000,4.000000,4.000000,4.000000,0.000000,0.000000,0.000000,0
0,400.000000,5600.000000,400.000000,4.000000,4.000000,4.000000,0.000000,0.000000,0.000000,0
0,0.000000,5600.000000,0.000000,4.000000,4.000000,4.000000,0.000000,0.000000,0.000000,0
0,0.000000,5600.000000,400.000000,4.000000,4.000000,4.000000,0.000000,0.000000,0.000000,0
7,0.000000,5200.000000,0.000000,4.000000,4.000000,4.000000,0.000000,0.000000,0.000000,0
7,0.000000,5200.000000,400.000000,4.000000,4.000000,4.000000,0.000000,0.000000,0.000000,0
7,400.000000,5200.000000,0.000000,4.000000,4.000000,4.000000,0.000000,0.000000,0.000000,0
7,400.000000,5200.000000,400.000000,4.000000,4.000000,4.000000,0.000000,0.000000,0.000000,0
7,800.000000,5200.000000,0.000000,4.000000,4.000000,4.000000,0.000000,0.000000,0.000000,0
7,800.000000,5200.000000,400.000000,4.000000,4.000000,4.000000,0.000000,0.000000,0.000000,0
7,1200.000000,5200.000000,0.000000,4.000000,4.000000,4.000000,0.000000,0.000000,0.000000,0
7,1200.000000,5200.000000,400.000000,4.000000,4.000000,4.000000,0.000000,0.000000,0.000000,0
7,1600.000000,5200.000000,0.000000,4.000000,4.000000,4.000000,0.000000,0.000000,0.000000,0
7,1600.000000,5200.000000,400.000000,4.000000,4.000000,4.000000,0.000000,0.000000,0.000000,0
7,1200.000000,2400.000000,0.000000,4.000000,4.000000,4.000000,0.000000,0.000000,0.000000,0
7,1200.000000,2400.000000,400.000000,4.000000,4.000000,4.000000,0.000000,0.000000,0.000000,0
7,800.000000,2400.000000,0.000000,4.000000,4.000000,4.000000,0.000000,0.000000,0.000000,0
7,800.000000,2400.000000,400.000000,4.000000,4.000000,4.000000,0.000000,0.000000,0.000000,0
7,400.000000,2400.000000,0.000000,4.000000,4.000000,4.000000,0.000000,0.000000,0.000000,0
7,400.000000,2400.000000,400.000000,4.000000,4.000000,4.000000,0.000000,0.000000,0.000000,0
7,0.000000,2400.000000,0.000000,4.000000,4.000000,4.000000,0.000000,0.000000,0.000000,0
7,0.000000,2400.000000,400.000000,4.000000,4.000000,4.000000,0.000000,0.000000,0.000000,0
0,0.000000,2000.000000,400.000000,4.000000,4.000000,4.000000,0.000000,0.000000,0.000000,0
0,400.000000,2000.000000,0.000000,4.000000,4.000000,4.000000,0.000000,0.000000,0.000000,0
0,400.000000,2000.000000,400.000000,4.000000,4.000000,4.000000,0.000000,0.000000,0.000000,0
0,800.000000,2000.000000,0.000000,4.000000,4.000000,4.000000,0.000000,0.000000,0.000000,0
0,800.000000,2000.000000,400.000000,4.000000,4.000000,4.000000,0.000000,0.000000,0.000000,0
0,1200.000000,2000.000000,0.000000,4.000000,4.000000,4.000000,0.000000,0.000000,0.000000,0
0,1200.000000,2000.000000,400.000000,4.000000,4.000000,4.000000,0.000000,0.000000,0.000000,0
6,14000.000000,3600.000000,-400.000000,7.000000,1.000000,8.000000,0.000000,0.000000,0.000000,0
6,14800.000000,4400.000000,-400.000000,7.000000,1.000000,8.000000,0.000000,0.000000,0.000000,0
6,14000.000000,5200.000000,-400.000000,7.000000,1.000000,8.000000,0.000000,0.000000,0.000000,0
6,14800.000000,6400.000000,-400.000000,7.000000,1.000000,8.000000,0.000000,0.000000,0.000000,0
0,7600.000000,4000.000000,0.000000,4.000000,4.000000,4.000000,0.000000,0.000000,0.000000,0
0,7600.000000,4000.000000,400.000000,4.000000,4.000000,4.000000,0.000000,0.000000,0.000000,0
0,7600.000000,4400.000000,0.000000,4.000000,4.000000,4.000000,0.000000,0.000000,0.000000,0
0,7600.000000,4400.000000,400.000000,4.000000,4.000000,4.000000,0.000000,0.000000,0.000000,0
0,7600.000000,4800.000000,0.000000,4.000000,4.000000,4.000000,0.000000,0.000000,0.000000,0
0,7600.000000,4800.000000,400.000000,4.000000,4.000000,4.000000,0.000000,0.000000,0.000000,0
0,7600.000000,5200.000000,0.000000,4.000000,4.000000,4.000000,0.000000,0.000000,0.000000,0
0,7600.000000,5200.000000,400.000000,4.000000,4.000000,4.000000,0.000000,0.000000,0.000000,0
0,7600.000000,5600.000000,0.000000,4.000000,4.000000,4.000000,0.000000,0.000000,0.000000,0
0,7600.000000,5600.000000,400.000000,4.000000,4.000000,4.000000,0.000000,0.000000,0.000000,0
0,7600.000000,6000.000000,0.000000,4.000000,4.000000,4.000000,0.000000,0.000000,0.000000,0
0,7600.000000,6000.000000,400.000000,4.000000,4.000000,4.000000,0.000000,0.000000,0.000000,0
0,7600.000000,6400.000000,0.000000,4.000000,4.000000,4.000000,0.000000,0.000000,0.000000,0
0,7600.000000,6400.000000,400.000000,4.000000,4.000000,4.000000,0.000000,0.000000,0.000000,0
0,7600.000000,6800.000000,0.000000,4.000000,4.000000,4.000000,0.000000,0.000000,0.000000,0
0,7600.000000,6800.000000,400.000000,4.000000,4.000000,4.000000,0.000000,0.000000,0.000000,0
0,7600.000000,7200.000000,0.000000,4.000000,4.000000,4.000000,0.000000,0.000000,0.000000,0
0,7600.000000,7200.000000,400.000000,4.000000,4.000000,4.000000,0.000000,0.000000,0.000000,0
0,7600.000000,7600.000000,0.000000,4.000000,4.000000,4.000000,0.000000,0.000000,0.000000,0
0,7600.000000,7600.000000,400.000000,4.000000,4.000000,4.000000,0.000000,0.000000,0.000000,0
0,7600.000000,8000.000000,0.000000,4.000000,4.000000,4.000000,0.000000,0.000000,0.000000,0
0,7600.000000,8000.000000,400.000000,4.000000,4.000000,4.000000,0.000000,0.000000,0.000000,0
0,7600.000000,8400.000000,0.000000,4.000000,4.000000,4.000000,0.000000,0.000000,0.000000,0
0,7600.000000,8400.000000,400.000000,4.000000,4.000000,4.000000,0.000000,0.000000,0.000000,0
0,7600.000000,8800.000000,0.000000,4.000000,4.000000,4.000000,0.000000,0.000000,0.000000,0
0,7600.000000,8800.000000,400.000000,4.000000,4.000000,4.000000,0.000000,0.000000,0.000000,0
0,8800.000000,8800.000000,0.000000,3.000000,4.000000,4.000000,0.000000,0.000000,0.000000,0
0,8800.000000,8800.000000,400.000000,3.000000,4.000000,4.000000,0.000000,0.000000,0.000000,0
0,8000.000000,8800.000000,0.000000,4.000000,4.000000,4.000000,0.000000,0.000000,0.000000,0
0,8000.000000,8800.000000,400.000000,4.000000,4.000000,4.000000,0.000000,0.000000,0.000000,0
0,8400.000000,8800.000000,0.000000,4.000000,4.000000,4.000000,0.000000,0.000000,0.000000,0
0,8400.000000,8800.000000,400.000000,4.000000,4.000000,4.000000,0.000000,0.000000,0.000000,0
7,8800.000000,8400.000000,0.000000,4.000000,4.000000,4.000000,0.000000,0.000000,0.000000,0
7,8800.000000,8400.000000,400.000000,4.000000,4.000000,4.000000,0.000000,0.000000,0.000000,0
7,8400.000000,8400.000000,0.000000,4.000000,4.000000,4.000000,0.000000,0.000000,0.000000,0
7,8400.000000,8400.000000,400.000000,4.000000,4.000000,4.000000,0.000000,0.000000,0.000000,0
7,8000.000000,8400.000000,0.000000,4.000000,4.000000,4.000000,0.000000,0.000000,0.000000,0
7,8000.000000,8400.000000,400.000000,4.000000,4.000000,4.000000,0.000000,0.000000,0.000000,0
7,8000.000000,8000.000000,0.000000,4.000000,4.000000,4.000000,0.000000,0.000000,0.000000,0
7,8000.000000,8000.000000,400.000000,4.000000,4.000000,4.000000,0.000000,0.000000,0.000000,0
7,8000.000000,7600.000000,0.000000,4.000000,4.000000,4.000000,0.000000,0.000000,0.000000,0
7,8000.000000,7600.000000,400.000000,4.000000,4.000000,4.000000,0.000000,0.000000,0.000000,0
7,8000.000000,7200.000000,0.000000,4.000000,4.000000,4.000000,0.000000,0.000000,0.000000,0
7,8000.000000,7200.000000,400.000000,4.000000,4.000000,4.000000,0.000000,0.000000,0.000000,0
7,8000.000000,6800.000000,0.000000,4.000000,4.000000,4.000000,0.000000,0.000000,0.000000,0
7,8000.000000,6800.000000,400.000000,4.000000,4.000000,4.000000,0.000000,0.000000,0.000000,0
7,8000.000000,6400.000000,0.000000,4.000000,4.000000,4.000000,0.000000,0.000000,0.000000,0
7,8000.000000,6400.000000,400.000000,4.000000,4.000000,4.000000,0.000000,0.000000,0.000000,0
7,8000.000000,6000.000000,0.000000,4.000000,4.000000,4.000000,0.000000,0.000000,0.000000,0
7,8000.000000,6000.000000,400.000000,4.000000,4.000000,4.000000,0.000000,0.000000,0.000000,0
7,8000.000000,5600.000000,0.000000,4.000000,4.000000,4.000000,0.000000,0.000000,0.000000,0
7,8000.000000,5600.000000,400.000000,4.000000,4.000000,4.000000,0.000000,0.000000,0.000000,0
7,8000.000000,5200.000000,0.000000,4.000000,4.000000,4.000000,0.000000,0.000000,0.000000,0
7,8000.000000,5200.000000,400.000000,4.000000,4.000000,4.000000,0.000000,0.000000,0.000000,0
7,8000.000000,4800.000000,0.000000,4.000000,4.000000,4.000000,0.000000,0.000000,0.000000,0
7,8000.000000,4800.000000,400.000000,4.000000,4.000000,4.000000,0.000000,0.000000,0.000000,0
7,8000.000000,4400.000000,0.000000,4.000000,4.000000,4.000000,0.000000,0.000000,0.000000,0
7,8000.000000,4400.000000,400.000000,4.000000,4.000000,4.000000,0.000000,0.000000,0.000000,0
7,8000.000000,4000.000000,0.000000,4.000000,4.000000,4.000000,0.000000,0.000000,0.000000,0
7,8000.000000,4000.000000,400.000000,4.000000,4.000000,4.000000,0.000000,0.000000,0.000000,0
7,8000.000000,3600.000000,0.000000,4.000000,4.000000,4.000000,0.000000,0.000000,0.000000,0
7,8000.000000,3600.000000,400.000000,4.000000,4.000000,4.000000,0.000000,0.000000,0.000000,0
7,8000.000000,3200.000000,0.000000,4.000000,4.000000,4.000000,0.000000,0.000000,0.000000,0
7,8000.000000,3200.000000,400.000000,4.000000,4.000000,4.000000,0.000000,0.000000,0.000000,0
7,7600.000000,3200.000000,0.000000,4.000000,4.000000,4.000000,0.000000,0.000000,0.000000,0
7,7600.000000,3200.000000,400.000000,4.000000,4.000000,4.000000,0.000000,0.000000,0.000000,0
6,7600.000000,6000.000000,-400.000000,4.000000,48.000000,13.000000,0.000000,0.000000,0.000000,0
6,9200.000000,3600.000000,-400.000000,4.000000,33.000000,13.000000,0.000000,0.000000,-1.570796,0
7,9200.000000,8400.000000,0.000000,4.000000,4.000000,4.000000,0.000000,0.000000,0.000000,0
6,11600.000000,8400.000000,-400.000000,82.000000,4.000000,22.000000,0.000000,0.000000,0.000000,0
0,8400.000000,-2000.000000,0.000000,4.000000,4.000000,4.000000,0.000000,0.000000,0.000000,0
0,8400.000000,-2000.000000,400.000000,4.000000,4.000000,4.000000,0.000000,0.000000,0.000000,0
0,8400.000000,-1600.000000,0.000000,4.000000,4.000000,4.000000,0.000000,0.000000,0.000000,0
0,8400.000000,-1600.000000,400.000000,4.000000,4.000000,4.000000,0.000000,0.000000,0.000000,0
0,8400.000000,-1200.000000,0.000000,4.000000,4.000000,4.000000,0.000000,0.000000,0.000000,0
0,8400.000000,-1200.000000,400.000000,4.000000,4.000000,4.000000,0.000000,0.000000,0.000000,0
0,8400.000000,-800.000000,0.000000,4.000000,4.000000,4.000000,0.000000,0.000000,0.000000,0
0,8400.000000,-800.000000,400.000000,4.000000,4.000000,4.000000,0.000000,0.000000,0.000000,0
0,8400.000000,-400.000000,0.000000,4.000000,4.000000,4.000000,0.000000,0.000000,0.000000,0
0,8400.000000,-400.000000,400.000000,4.000000,4.000000,4.000000,0.000000,0.000000,0.000000,0
0,8400.000000,-2800.000000,0.000000,4.000000,4.000000,4.000000,0.000000,0.000000,0.000000,0
0,8400.000000,-2800.000000,400.000000,4.000000,4.000000,4.000000,0.000000,0.000000,0.000000,0
0,8400.000000,-3200.000000,0.000000,4.000000,4.000000,4.000000,0.000000,0.000000,0.000000,0
0,8400.000000,-3200.000000,400.000000,4.000000,4.000000,4.000000,0.000000,0.000000,0.000000,0
0,8400.000000,-2400.000000,0.000000,4.000000,4.000000,4.000000,0.000000,0.000000,0.000000,0
0,8400.000000,-2400.000000,400.000000,4.000000,4.000000,4.000000,0.000000,0.000000,0.000000,0
0,8000.000000,-3200.000000,0.000000,4.000000,4.000000,4.000000,0.000000,0.000000,0.000000,0
0,8000.000000,-3200.000000,400.000000,4.000000,4.000000,4.000000,0.000000,0.000000,0.000000,0
0,7600.000000,-3200.000000,0.000000,4.000000,4.000000,4.000000,0.000000,0.000000,0.000000,0
0,7600.000000,-3200.000000,400.000000,4.000000,4.000000,4.000000,0.000000,0.000000,0.000000,0
0,7200.000000,-3200.000000,0.000000,4.000000,4.000000,4.000000,0.000000,0.000000,0.000000,0
0,7200.000000,-3200.000000,400.000000,4.000000,4.000000,4.000000,0.000000,0.000000,0.000000,0
0,6800.000000,-3200.000000,0.000000,4.000000,4.000000,4.000000,0.000000,0.000000,0.000000,0
0,6800.000000,-3200.000000,400.000000,4.000000,4.000000,4.000000,0.000000,0.000000,0.000000,0
0,6400.000000,-3200.000000,0.000000,4.000000,4.000000,4.000000,0.000000,0.000000,0.000000,0
0,6400.000000,-3200.000000,400.000000,4.000000,4.000000,4.000000,0.000000,0.000000,0.000000,0
0,6000.000000,-3200.000000,0.000000,4.000000,4.000000,4.000000,0.000000,0.000000,0.000000,0
0,6000.000000,-3200.000000,400.000000,4.000000,4.000000,4.000000,0.000000,0.000000,0.000000,0
0,5600.000000,-3200.000000,0.000000,4.000000,4.000000,4.000000,0.000000,0.000000,0.000000,0
0,5600.000000,-3200.000000,400.000000,4.000000,4.000000,4.000000,0.000000,0.000000,0.000000,0
0,5200.000000,-3200.000000,0.000000,4.000000,4.000000,4.000000,0.000000,0.000000,0.000000,0
0,5200.000000,-3200.000000,400.000000,4.000000,4.000000,4.000000,0.000000,0.000000,0.000000,0
0,5200.000000,-1200.000000,0.000000,4.000000,4.000000,4.000000,0.000000,0.000000,0.000000,0
0,5200.000000,-1200.000000,400.000000,4.000000,4.000000,4.000000,0.000000,0.000000,0.000000,0
0,5200.000000,-800.000000,0.000000,4.000000,4.000000,4.000000,0.000000,0.000000,0.000000,0
0,5200.000000,-800.000000,400.000000,4.000000,4.000000,4.000000,0.000000,0.000000,0.000000,0
0,5200.000000,-400.000000,0.000000,4.000000,4.000000,4.000000,0.000000,0.000000,0.000000,0
0,5200.000000,-400.000000,400.000000,4.000000,4.000000,4.000000,0.000000,0.000000,0.000000,0
0,5200.000000,0.000000,0.000000,4.000000,4.000000,4.000000,0.000000,0.000000,0.000000,0
0,5200.000000,0.000000,400.000000,4.000000,4.000000,4.000000,0.000000,0.000000,0.000000,0
0,5600.000000,0.000000,0.000000,4.000000,4.000000,4.000000,0.000000,0.000000,0.000000,0
0,5600.000000,0.000000,400.000000,4.000000,4.000000,4.000000,0.000000,0.000000,0.000000,0
0,6000.000000,0.000000,0.000000,4.000000,4.000000,4.000000,0.000000,0.000000,0.000000,0
0,6000.000000,0.000000,400.000000,4.000000,4.000000,4.000000,0.000000,0.000000,0.000000,0
0,6400.000000,0.000000,0.000000,4.000000,4.000000,4.000000,0.000000,0.000000,0.000000,0
0,6400.000000,0.000000,400.000000,4.000000,4.000000,4.000000,0.000000,0.000000,0.000000,0
0,6800.000000,0.000000,0.000000,4.000000,4.000000,4.000000,0.000000,0.000000,0.000000,0
0,6800.000000,0.000000,400.000000,4.000000,4.000000,4.000000,0.000000,0.000000,0.000000,0
0,6800.000000,-400.000000,0.000000,4.000000,4.000000,4.000000,0.000000,0.000000,0.000000,0
0,6800.000000,-400.000000,400.000000,4.000000,4.000000,4.000000,0.000000,0.000000,0.000000,0
0,6800.000000,-800.000000,0.000000,4.000000,4.000000,4.000000,0.000000,0.000000,0.000000,0
0,6800.000000,-800.000000,400.000000,4.000000,4.000000,4.000000,0.000000,0.000000,0.000000,0
0,6400.000000,-1200.000000,0.000000,4.000000,4.000000,4.000000,0.000000,0.000000,0.000000,0
0,6400.000000,-1200.000000,400.000000,4.000000,4.000000,4.000000,0.000000,0.000000,0.000000,0
0,6800.000000,-1200.000000,0.000000,4.000000,4.000000,4.000000,0.000000,0.000000,0.000000,0
0,6800.000000,-1200.000000,400.000000,4.000000,4.000000,4.000000,0.000000,0.000000,0.000000,0
0,6000.000000,-1200.000000,0.000000,4.000000,4.000000,4.000000,0.000000,0.000000,0.000000,0
0,6000.000000,-1200.000000,400.000000,4.000000,4.000000,4.000000,0.000000,0.000000,0.000000,0
0,5600.000000,-1200.000000,0.000000,4.000000,4.000000,4.000000,0.000000,0.000000,0.000000,0
0,5600.000000,-1200.000000,400.000000,4.000000,4.000000,4.000000,0.000000,0.000000,0.000000,0
0,3200.000000,6000.000000,0.000000,4.000000,4.000000,4.000000,0.000000,0.000000,0.000000,0
0,3200.000000,6000.000000,400.000000,4.000000,4.000000,4.000000,0.000000,0.000000,0.000000,0
0,3200.000000,6400.000000,0.000000,4.000000,4.000000,4.000000,0.000000,0.000000,0.000000,0
0,3200.000000,6400.000000,400.000000,4.000000,4.000000,4.000000,0.000000,0.000000,0.000000,0
0,3200.000000,6800.000000,0.000000,4.000000,4.000000,4.000000,0.000000,0.000000,0.000000,0
0,3200.000000,6800.000000,400.000000,4.000000,4.000000,4.000000,0.000000,0.000000,0.000000,0
0,3200.000000,7200.000000,0.000000,4.000000,4.000000,4.000000,0.000000,0.000000,0.000000,0
0,3200.000000,7200.000000,400.000000,4.000000,4.000000,4.000000,0.000000,0.000000,0.000000,0
0,3200.000000,7600.000000,0.000000,4.000000,4.000000,4.000000,0.000000,0.000000,0.000000,0
0,3200.000000,7600.000000,400.000000,4.000000,4.000000,4.000000,0.000000,0.000000,0.000000,0
0,3200.000000,8000.000000,0.000000,4.000000,4.000000,4.000000,0.000000,0.000000,0.000000,0
0,3200.000000,8000.000000,400.000000,4.000000,4.000000,4.000000,0.000000,0.000000,0.000000,0
0,3200.000000,8400.000000,0.000000,4.000000,4.000000,4.000000,0.000000,0.000000,0.000000,0
0,3200.000000,8400.000000,400.000000,4.000000,4.000000,4.000000,0.000000,0.000000,0.000000,0
0,-4800.000000,8800.000000,0.000000,4.000000,4.000000,4.000000,0.000000,0.000000,0.000000,0
0,-4800.000000,8800.000000,400.000000,4.000000,4.000000,4.000000,0.000000,0.000000,0.000000,0
0,-4400.000000,9200.000000,0.000000,4.000000,4.000000,4.000000,0.000000,0.000000,0.000000,0
0,-4400.000000,9200.000000,400.000000,4.000000,4.000000,4.000000,0.000000,0.000000,0.000000,0
0,-4000.000000,9600.000000,0.000000,4.000000,4.000000,4.000000,0.000000,0.000000,0.000000,0
0,-4000.000000,9600.000000,400.000000,4.000000,4.000000,4.000000,0.000000,0.000000,0.000000,0
0,-3600.000000,10000.000000,0.000000,4.000000,4.000000,4.000000,0.000000,0.000000,0.000000,0
0,-3600.000000,10000.000000,400.000000,4.000000,4.000000,4.000000,0.000000,0.000000,0.000000,0
0,-3200.000000,10400.000000,0.000000,4.000000,4.000000,4.000000,0.000000,0.000000,0.000000,0
0,-3200.000000,10400.000000,400.000000,4.000000,4.000000,4.000000,0.000000,0.000000,0.000000,0
0,-2800.000000,10800.000000,0.000000,4.000000,4.000000,4.000000,0.000000,0.000000,0.000000,0
0,-2800.000000,10800.000000,400.000000,4.000000,4.000000,4.000000,0.000000,0.000000,0.000000,0
0,-2400.000000,11200.000000,0.000000,4.000000,4.000000,4.000000,0.000000,0.000000,0.000000,0
0,-2400.000000,11200.000000,400.000000,4.000000,4.000000,4.000000,0.000000,0.000000,0.000000,0
0,-2000.000000,11600.000000,0.000000,4.000000,4.000000,4.000000,0.000000,0.000000,0.000000,0
0,-2000.000000,11600.000000,400.000000,4.000000,4.000000,4.000000,0.000000,0.000000,0.000000,0
0,-1600.000000,12000.000000,0.000000,4.000000,4.000000,4.000000,0.000000,0.000000,0.000000,0
0,-1600.000000,12000.000000,400.000000,4.000000,4.000000,4.000000,0.000000,0.000000,0.000000,0
0,2800.000000,8400.000000,0.000000,4.000000,4.000000,4.000000,0.000000,0.000000,0.000000,0
0,2800.000000,8400.000000,400.000000,4.000000,4.000000,4.000000,0.000000,0.000000,0.000000,0
0,2400.000000,8800.000000,0.000000,4.000000,4.000000,4.000000,0.000000,0.000000,0.000000,0
0,2400.000000,8800.000000,400.000000,4.000000,4.000000,4.000000,0.000000,0.000000,0.000000,0
0,2000.000000,9200.000000,0.000000,4.000000,4.000000,4.000000,0.000000,0.000000,0.000000,0
0,2000.000000,9200.000000,400.000000,4.000000,4.000000,4.000000,0.000000,0.000000,0.000000,0
0,-800.000000,12000.000000,0.000000,4.000000,4.000000,4.000000,0.000000,0.000000,0.000000,0
0,-800.000000,12000.000000,400.000000,4.000000,4.000000,4.000000,0.000000,0.000000,0.000000,0
0,-1200.000000,12400.000000,0.000000,4.000000,4.000000,4.000000,0.000000,0.000000,0.000000,0
0,-1200.000000,12400.000000,400.000000,4.000000,4.000000,4.000000,0.000000,0.000000,0.000000,0
7,2400.000000,8400.000000,0.000000,4.000000,4.000000,4.000000,0.000000,0.000000,0.000000,0
7,2400.000000,8400.000000,400.000000,4.000000,4.000000,4.000000,0.000000,0.000000,0.000000,0
7,2000.000000,8800.000000,0.000000,4.000000,4.000000,4.000000,0.000000,0.000000,0.000000,0
7,2000.000000,8800.000000,400.000000,4.000000,4.000000,4.000000,0.000000,0.000000,0.000000,0
7,1600.000000,9200.000000,0.000000,4.000000,4.000000,4.000000,0.000000,0.000000,0.000000,0
7,1600.000000,9200.000000,400.000000,4.000000,4.000000,4.000000,0.000000,0.000000,0.000000,0
7,1200.000000,9600.000000,0.000000,4.000000,4.000000,4.000000,0.000000,0.000000,0.000000,0
7,1200.000000,9600.000000,400.000000,4.000000,4.000000,4.000000,0.000000,0.000000,0.000000,0
7,-800.000000,11600.000000,0.000000,4.000000,4.000000,4.000000,0.000000,0.000000,0.000000,0
7,-800.000000,11600.000000,400.000000,4.000000,4.000000,4.000000,0.000000,0.000000,0.000000,0
7,-1200.000000,12000.000000,0.000000,4.000000,4.000000,4.000000,0.000000,0.000000,0.000000,0
7,-1200.000000,12000.000000,400.000000,4.000000,4.000000,4.000000,0.000000,0.000000,0.000000,0
7,-1600.000000,11600.000000,0.000000,4.000000,4.000000,4.000000,0.000000,0.000000,0.000000,0
7,-1600.000000,11600.000000,400.000000,4.000000,4.000000,4.000000,0.000000,0.000000,0.000000,0
7,-2000.000000,11200.000000,0.000000,4.000000,4.000000,4.000000,0.000000,0.000000,0.000000,0
7,-2000.000000,11200.000000,400.000000,4.000000,4.000000,4.000000,0.000000,0.000000,0.000000,0
7,-2400.000000,10800.000000,0.000000,4.000000,4.000000,4.000000,0.000000,0.000000,0.000000,0
7,-2400.000000,10800.000000,400.000000,4.000000,4.000000,4.000000,0.000000,0.000000,0.000000,0
7,-2800.000000,10400.000000,0.000000,4.000000,4.000000,4.000000,0.000000,0.000000,0.000000,0
7,-2800.000000,10400.000000,400.000000,4.000000,4.000000,4.000000,0.000000,0.000000,0.000000,0
7,-3200.000000,10000.000000,0.000000,4.000000,4.000000,4.000000,0.000000,0.000000,0.000000,0
7,-3200.000000,10000.000000,400.000000,4.000000,4.000000,4.000000,0.000000,0.000000,0.000000,0
7,-3600.000000,9600.000000,0.000000,4.000000,4.000000,4.000000,0.000000,0.000000,0.000000,0
7,-3600.000000,9600.000000,400.000000,4.000000,4.000000,4.000000,0.000000,0.000000,0.000000,0
7,-4000.000000,9200.000000,0.000000,4.000000,4.000000,4.000000,0.000000,0.000000,0.000000,0
7,-4000.000000,9200.000000,400.000000,4.000000,4.000000,4.000000,0.000000,0.000000,0.000000,0
7,-4400.000000,8800.000000,0.000000,4.000000,4.000000,4.000000,0.000000,0.000000,0.000000,0
7,-4400.000000,8800.000000,400.000000,4.000000,4.000000,4.000000,0.000000,0.000000,0.000000,0
7,-4800.000000,8400.000000,0.000000,4.000000,4.000000,4.000000,0.000000,0.000000,0.000000,0
7,-4800.000000,8400.000000,400.000000,4.000000,4.000000,4.000000,0.000000,0.000000,0.000000,0
0,1600.000000,9600.000000,0.000000,4.000000,4.000000,4.000000,0.000000,0.000000,0.000000,0
0,1600.000000,9600.000000,400.000000,4.000000,4.000000,4.000000,0.000000,0.000000,0.000000,0
0,2000.000000,9600.000000,0.000000,4.000000,4.000000,4.000000,0.000000,0.000000,0.000000,0
0,2000.000000,9600.000000,400.000000,4.000000,4.000000,4.000000,0.000000,0.000000,0.000000,0
0,2400.000000,9600.000000,0.000000,4.000000,4.000000,4.000000,0.000000,0.000000,0.000000,0
0,2400.000000,9600.000000,400.000000,4.000000,4.000000,4.000000,0.000000,0.000000,0.000000,0
0,2400.000000,10000.000000,0.000000,4.000000,4.000000,4.000000,0.000000,0.000000,0.000000,0
0,2400.000000,10000.000000,400.000000,4.000000,4.000000,4.000000,0.000000,0.000000,0.000000,0
0,2400.000000,10400.000000,0.000000,4.000000,4.000000,4.000000,0.000000,0.000000,0.000000,0
0,2400.000000,10400.000000,400.000000,4.000000,4.000000,4.000000,0.000000,0.000000,0.000000,0
0,2400.000000,10800.000000,0.000000,4.000000,4.000000,4.000000,0.000000,0.000000,0.000000,0
0,2400.000000,10800.000000,400.000000,4.000000,4.000000,4.000000,0.000000,0.000000,0.000000,0
0,2400.000000,11200.000000,0.000000,4.000000,4.000000,4.000000,0.000000,0.000000,0.000000,0
0,2400.000000,11200.000000,400.000000,4.000000,4.000000,4.000000,0.000000,0.000000,0.000000,0
0,2400.000000,11600.000000,0.000000,4.000000,4.000000,4.000000,0.000000,0.000000,0.000000,0
0,2400.000000,11600.000000,400.000000,4.000000,4.000000,4.000000,0.000000,0.000000,0.000000,0
0,2000.000000,11600.000000,0.000000,4.000000,4.000000,4.000000,0.000000,0.000000,0.000000,0
0,2000.000000,11600.000000,400.000000,4.000000,4.000000,4.000000,0.000000,0.000000,0.000000,0
0,1600.000000,11600.000000,0.000000,4.000000,4.000000,4.000000,0.000000,0.000000,0.000000,0
0,1600.000000,11600.000000,400.000000,4.000000,4.000000,4.000000,0.000000,0.000000,0.000000,0
0,1200.000000,11600.000000,0.000000,4.000000,4.000000,4.000000,0.000000,0.000000,0.000000,0
0,1200.000000,11600.000000,400.000000,4.000000,4.000000,4.000000,0.000000,0.000000,0.000000,0
0,800.000000,11600.000000,0.000000,4.000000,4.000000,4.000000,0.000000,0.000000,0.000000,0
0,800.000000,11600.000000,400.000000,4.000000,4.000000,4.000000,0.000000,0.000000,0.000000,0
0,400.000000,11600.000000,0.000000,4.000000,4.000000,4.000000,0.000000,0.000000,0.000000,0
0,400.000000,11600.000000,400.000000,4.000000,4.000000,4.000000,0.000000,0.000000,0.000000,0
7,2000.000000,10000.000000,0.000000,4.000000,4.000000,4.000000,0.000000,0.000000,0.000000,0
7,2000.000000,10000.000000,400.000000,4.000000,4.000000,4.000000,0.000000,0.000000,0.000000,0
7,1600.000000,10000.000000,0.000000,4.000000,4.000000,4.000000,0.000000,0.000000,0.000000,0
7,1600.000000,10000.000000,400.000000,4.000000,4.000000,4.000000,0.000000,0.000000,0.000000,0
7,2000.000000,10400.000000,0.000000,4.000000,4.000000,4.000000,0.000000,0.000000,0.000000,0
7,2000.000000,10400.000000,400.000000,4.000000,4.000000,4.000000,0.000000,0.000000,0.000000,0
7,2000.000000,10800.000000,0.000000,4.000000,4.000000,4.000000,0.000000,0.000000,0.000000,0
7,2000.000000,10800.000000,400.000000,4.000000,4.000000,4.000000,0.000000,0.000000,0.000000,0
7,2000.000000,11200.000000,0.000000,4.000000,4.000000,4.000000,0.000000,0.000000,0.000000,0
7,2000.000000,11200.000000,400.000000,4.000000,4.000000,4.000000,0.000000,0.000000,0.000000,0
7,1600.000000,11200.000000,0.000000,4.000000,4.000000,4.000000,0.000000,0.000000,0.000000,0
7,1600.000000,11200.000000,400.000000,4.000000,4.000000,4.000000,0.000000,0.000000,0.000000,0
7,1200.000000,11200.000000,0.000000,4.000000,4.000000,4.000000,0.000000,0.000000,0.000000,0
7,1200.000000,11200.000000,400.000000,4.000000,4.000000,4.000000,0.000000,0.000000,0.000000,0
7,400.000000,11200.000000,400.000000,4.000000,4.000000,4.000000,0.000000,0.000000,0.000000,0
0,0.000000,11600.000000,0.000000,4.000000,4.000000,4.000000,0.000000,0.000000,0.000000,0
0,0.000000,11600.000000,400.000000,4.000000,4.000000,4.000000,0.000000,0.000000,0.000000,0
0,-400.000000,12000.000000,0.000000,4.000000,4.000000,4.000000,0.000000,0.000000,0.000000,0
0,-400.000000,12000.000000,400.000000,4.000000,4.000000,4.000000,0.000000,0.000000,0.000000,0
7,0.000000,11200.000000,400.000000,4.000000,4.000000,4.000000,0.000000,0.000000,0.000000,0
7,-400.000000,11600.000000,0.000000,4.000000,4.000000,4.000000,0.000000,0.000000,0.000000,0
7,-400.000000,11600.000000,400.000000,4.000000,4.000000,4.000000,0.000000,0.000000,0.000000,0
6,2000.000000,10400.000000,-400.000000,12.000000,4.000000,9.000000,0.000000,0.000000,-1.570796,0
6,1200.000000,10000.000000,-400.000000,12.000000,4.000000,9.000000,0.000000,0.000000,0.000000,0
6,1200.000000,10000.000000,0.000000,12.000000,4.000000,9.000000,0.000000,0.000000,0.000000,0
6,400.000000,9600.000000,-400.000000,12.000000,4.000000,9.000000,0.000000,0.000000,-1.570796,0
6,400.000000,9600.000000,0.000000,12.000000,4.000000,9.000000,0.000000,0.000000,-1.570796,0
7,400.000000,11200.000000,0.000000,4.000000,4.000000,4.000000,0.000000,0.000000,0.000000,0
7,0.000000,11200.000000,0.000000,4.000000,4.000000,4.000000,0.000000,0.000000,0.000000,0
7,800.000000,11200.000000,400.000000,4.000000,4.000000,4.000000,0.000000,0.000000,0.000000,0
7,-400.000000,11200.000000,0.000000,4.000000,4.000000,4.000000,0.000000,0.000000,0.000000,0
7,-400.000000,11200.000000,400.000000,4.000000,4.000000,4.000000,0.000000,0.000000,0.000000,0
7,800.000000,11200.000000,0.000000,4.000000,4.000000,4.000000,0.000000,0.000000,0.000000,0
7,400.000000,10000.000000,-400.000000,4.000000,4.000000,4.000000,0.000000,0.000000,0.000000,0
0,1600.000000,2000.000000,0.000000,4.000000,4.000000,4.000000,0.000000,0.000000,0.000000,0
0,1600.000000,2000.000000,400.000000,4.000000,4.000000,4.000000,0.000000,0.000000,0.000000,0
2,0.000000,10000.000000,0.000000,4.000000,4.000000,4.000000,0.000000,0.000000,0.000000,0
0,9200.000000,3200.000000,0.000000,4.000000,4.000000,4.000000,0.000000,0.000000,0.000000,0
0,9200.000000,3200.000000,400.000000,4.000000,4.000000,4.000000,0.000000,0.000000,0.000000,0
7,9200.000000,2800.000000,0.000000,4.000000,4.000000,4.000000,0.000000,0.000000,0.000000,0
7,9200.000000,2800.000000,400.000000,4.000000,4.000000,4.000000,0.000000,0.000000,0.000000,0
7,9600.000000,2800.000000,0.000000,4.000000,4.000000,4.000000,0.000000,0.000000,0.000000,0
7,9600.000000,2800.000000,400.000000,4.000000,4.000000,4.000000,0.000000,0.000000,0.000000,0
7,9600.000000,3200.000000,0.000000,4.000000,4.000000,4.000000,0.000000,0.000000,0.000000,0
7,9600.000000,3200.000000,400.000000,4.000000,4.000000,4.000000,0.000000,0.000000,0.000000,0
6,15200.000000,4800.000000,-100.000000,2.000000,69.000000,4.000000,0.000000,0.000000,0.000000,0
6,-400.000000,11200.000000,-400.000000,50.000000,4.000000,4.000000,0.000000,0.000000,0.000000,0
7,800.000000,9600.000000,0.000000,4.000000,4.000000,4.000000,0.000000,0.000000,0.000000,0
7,800.000000,10000.000000,0.000000,4.000000,4.000000,4.000000,0.000000,0.000000,0.000000,0
7,-4400.000000,6400.000000,0.000000,4.000000,4.000000,4.000000,0.000000,0.000000,0.000000,0
7,-4400.000000,6400.000000,400.000000,4.000000,4.000000,4.000000,0.000000,0.000000,0.000000,0
7,-4800.000000,6400.000000,0.000000,4.000000,4.000000,4.000000,0.000000,0.000000,0.000000,0
7,-4800.000000,6400.000000,400.000000,4.000000,4.000000,4.000000,0.000000,0.000000,0.000000,0
7,-5200.000000,6400.000000,0.000000,4.000000,4.000000,4.000000,0.000000,0.000000,0.000000,0
7,-5200.000000,6400.000000,400.000000,4.000000,4.000000,4.000000,0.000000,0.000000,0.000000,0
7,-5600.000000,6400.000000,0.000000,4.000000,4.000000,4.000000,0.000000,0.000000,0.000000,0
7,-5600.000000,6400.000000,400.000000,4.000000,4.000000,4.000000,0.000000,0.000000,0.000000,0
7,-6000.000000,6400.000000,0.000000,4.000000,4.000000,4.000000,0.000000,0.000000,0.000000,0
7,-6000.000000,6400.000000,400.000000,4.000000,4.000000,4.000000,0.000000,0.000000,0.000000,0
7,-6400.000000,6400.000000,0.000000,4.000000,4.000000,4.000000,0.000000,0.000000,0.000000,0
7,-6400.000000,6400.000000,400.000000,4.000000,4.000000,4.000000,0.000000,0.000000,0.000000,0
7,-6800.000000,6400.000000,0.000000,4.000000,4.000000,4.000000,0.000000,0.000000,0.000000,0
7,-6800.000000,6400.000000,400.000000,4.000000,4.000000,4.000000,0.000000,0.000000,0.000000,0
7,-7200.000000,6400.000000,0.000000,4.000000,4.000000,4.000000,0.000000,0.000000,0.000000,0
7,-7200.000000,6400.000000,400.000000,4.000000,4.000000,4.000000,0.000000,0.000000,0.000000,0
7,-7600.000000,6400.000000,0.000000,4.000000,4.000000,4.000000,0.000000,0.000000,0.000000,0
7,-7600.000000,6400.000000,400.000000,4.000000,4.000000,4.000000,0.000000,0.000000,0.000000,0
7,-8000.000000,6400.000000,0.000000,4.000000,4.000000,4.000000,0.000000,0.000000,0.000000,0
7,-8000.000000,6400.000000,400.000000,4.000000,4.000000,4.000000,0.000000,0.000000,0.000000,0
7,-8400.000000,6400.000000,0.000000,4.000000,4.000000,4.000000,0.000000,0.000000,0.000000,0
7,-8400.000000,6400.000000,400.000000,4.000000,4.000000,4.000000,0.000000,0.000000,0.000000,0
7,-5200.000000,8400.000000,0.000000,4.000000,4.000000,4.000000,0.000000,0.000000,0.000000,0
7,-5200.000000,8400.000000,400.000000,4.000000,4.000000,4.000000,0.000000,0.000000,0.000000,0
7,-5600.000000,8400.000000,0.000000,4.000000,4.000000,4.000000,0.000000,0.000000,0.000000,0
7,-5600.000000,8400.000000,400.000000,4.000000,4.000000,4.000000,0.000000,0.000000,0.000000,0
7,-6000.000000,8400.000000,0.000000,4.000000,4.000000,4.000000,0.000000,0.000000,0.000000,0
7,-6000.000000,8400.000000,400.000000,4.000000,4.000000,4.000000,0.000000,0.000000,0.000000,0
7,-6400.000000,8400.000000,0.000000,4.000000,4.000000,4.000000,0.000000,0.000000,0.000000,0
7,-6400.000000,8400.000000,400.000000,4.000000,4.000000,4.000000,0.000000,0.000000,0.000000,0
7,-6800.000000,8400.000000,0.000000,4.000000,4.000000,4.000000,0.000000,0.000000,0.000000,0
7,-6800.000000,8400.000000,400.000000,4.000000,4.000000,4.000000,0.000000,0.000000,0.000000,0
7,-7200.000000,8400.000000,0.000000,4.000000,4.000000,4.000000,0.000000,0.000000,0.000000,0
7,-7200.000000,8400.000000,400.000000,4.000000,4.000000,4.000000,0.000000,0.000000,0.000000,0
7,-7600.000000,8400.000000,0.000000,4.000000,4.000000,4.000000,0.000000,0.000000,0.000000,0
7,-7600.000000,8400.000000,400.000000,4.000000,4.000000,4.000000,0.000000,0.000000,0.000000,0
0,-5200.000000,8800.000000,0.000000,4.000000,4.000000,4.000000,0.000000,0.000000,0.000000,0
0,-5200.000000,8800.000000,400.000000,4.000000,4.000000,4.000000,0.000000,0.000000,0.000000,0
0,-5600.000000,8800.000000,0.000000,4.000000,4.000000,4.000000,0.000000,0.000000,0.000000,0
0,-5600.000000,8800.000000,400.000000,4.000000,4.000000,4.000000,0.000000,0.000000,0.000000,0
0,-6000.000000,8800.000000,0.000000,4.000000,4.000000,4.000000,0.000000,0.000000,0.000000,0
0,-6000.000000,8800.000000,400.000000,4.000000,4.000000,4.000000,0.000000,0.000000,0.000000,0
0,-6400.000000,8800.000000,0.000000,4.000000,4.000000,4.000000,0.000000,0.000000,0.000000,0
0,-6400.000000,8800.000000,400.000000,4.000000,4.000000,4.000000,0.000000,0.000000,0.000000,0
0,-6800.000000,8800.000000,0.000000,4.000000,4.000000,4.000000,0.000000,0.000000,0.000000,0
0,-6800.000000,8800.000000,400.000000,4.000000,4.000000,4.000000,0.000000,0.000000,0.000000,0
0,-7200.000000,8800.000000,0.000000,4.000000,4.000000,4.000000,0.000000,0.000000,0.000000,0
0,-7200.000000,8800.000000,400.000000,4.000000,4.000000,4.000000,0.000000,0.000000,0.000000,0
0,-7600.000000,8800.000000,0.000000,4.000000,4.000000,4.000000,0.000000,0.000000,0.000000,0
0,-7600.000000,8800.000000,400.000000,4.000000,4.000000,4.000000,0.000000,0.000000,0.000000,0
0,-5200.000000,6000.000000,0.000000,4.000000,4.000000,4.000000,0.000000,0.000000,0.000000,0
0,-5200.000000,6000.000000,400.000000,4.000000,4.000000,4.000000,0.000000,0.000000,0.000000,0
0,-5600.000000,6000.000000,0.000000,4.000000,4.000000,4.000000,0.000000,0.000000,0.000000,0
0,-5600.000000,6000.000000,400.000000,4.000000,4.000000,4.000000,0.000000,0.000000,0.000000,0
0,-6000.000000,6000.000000,0.000000,4.000000,4.000000,4.000000,0.000000,0.000000,0.000000,0
0,-6000.000000,6000.000000,400.000000,4.000000,4.000000,4.000000,0.000000,0.000000,0.000000,0
0,-6400.000000,6000.000000,0.000000,4.000000,4.000000,4.000000,0.000000,0.000000,0.000000,0
0,-6400.000000,6000.000000,400.000000,4.000000,4.000000,4.000000,0.000000,0.000000,0.000000,0
0,-6800.000000,6000.000000,0.000000,4.000000,4.000000,4.000000,0.000000,0.000000,0.000000,0
0,-6800.000000,6000.000000,400.000000,4.000000,4.000000,4.000000,0.000000,0.000000,0.000000,0
0,-7200.000000,6000.000000,0.000000,4.000000,4.000000,4.000000,0.000000,0.000000,0.000000,0
0,-7200.000000,6000.000000,400.000000,4.000000,4.000000,4.000000,0.000000,0.000000,0.000000,0
0,-7600.000000,6000.000000,0.000000,4.000000,4.000000,4.000000,0.000000,0.000000,0.000000,0
0,-7600.000000,6000.000000,400.000000,4.000000,4.000000,4.000000,0.000000,0.000000,0.000000,0
0,-8000.000000,6000.000000,0.000000,4.000000,4.000000,4.000000,0.000000,0.000000,0.000000,0
0,-8000.000000,6000.000000,400.000000,4.000000,4.000000,4.000000,0.000000,0.000000,0.000000,0
0,-8400.000000,6000.000000,0.000000,4.000000,4.000000,4.000000,0.000000,0.000000,0.000000,0
0,-8400.000000,6000.000000,400.000000,4.000000,4.000000,4.000000,0.000000,0.000000,0.000000,0
0,-8800.000000,6400.000000,0.000000,4.000000,4.000000,4.000000,0.000000,0.000000,0.000000,0
0,-8800.000000,6400.000000,400.000000,4.000000,4.000000,4.000000,0.000000,0.000000,0.000000,0
0,-9200.000000,6800.000000,0.000000,4.000000,4.000000,4.000000,0.000000,0.000000,0.000000,0
0,-9200.000000,6800.000000,400.000000,4.000000,4.000000,4.000000,0.000000,0.000000,0.000000,0
0,-9600.000000,7200.000000,0.000000,4.000000,4.000000,4.000000,0.000000,0.000000,0.000000,0
0,-9600.000000,7200.000000,400.000000,4.000000,4.000000,4.000000,0.000000,0.000000,0.000000,0
0,-10000.000000,7600.000000,0.000000,4.000000,4.000000,4.000000,0.000000,0.000000,0.000000,0
0,-10000.000000,7600.000000,400.000000,4.000000,4.000000,4.000000,0.000000,0.000000,0.000000,0
0,-10400.000000,8000.000000,0.000000,4.000000,4.000000,4.000000,0.000000,0.000000,0.000000,0
0,-10400.000000,8000.000000,400.000000,4.000000,4.000000,4.000000,0.000000,0.000000,0.000000,0
0,-10800.000000,8400.000000,0.000000,4.000000,4.000000,4.000000,0.000000,0.000000,0.000000,0
0,-10800.000000,8400.000000,400.000000,4.000000,4.000000,4.000000,0.000000,0.000000,0.000000,0
0,-11200.000000,8800.000000,0.000000,4.000000,4.000000,4.000000,0.000000,0.000000,0.000000,0
0,-11200.000000,8800.000000,400.000000,4.000000,4.000000,4.000000,0.000000,0.000000,0.000000,0
0,-8000.000000,8800.000000,0.000000,4.000000,4.000000,4.000000,0.000000,0.000000,0.000000,0
0,-8000.000000,8800.000000,400.000000,4.000000,4.000000,4.000000,0.000000,0.000000,0.000000,0
7,-8800.000000,6800.000000,0.000000,4.000000,4.000000,4.000000,0.000000,0.000000,0.000000,0
7,-8800.000000,6800.000000,400.000000,4.000000,4.000000,4.000000,0.000000,0.000000,0.000000,0
7,-9200.000000,7200.000000,0.000000,4.000000,4.000000,4.000000,0.000000,0.000000,0.000000,0
7,-9200.000000,7200.000000,400.000000,4.000000,4.000000,4.000000,0.000000,0.000000,0.000000,0
7,-9600.000000,7600.000000,0.000000,4.000000,4.000000,4.000000,0.000000,0.000000,0.000000,0
7,-9600.000000,7600.000000,400.000000,4.000000,4.000000,4.000000,0.000000,0.000000,0.000000,0
7,-10000.000000,8000.000000,0.000000,4.000000,4.000000,4.000000,0.000000,0.000000,0.000000,0
7,-10000.000000,8000.000000,400.000000,4.000000,4.000000,4.000000,0.000000,0.000000,0.000000,0
7,-10400.000000,8400.000000,0.000000,4.000000,4.000000,4.000000,0.000000,0.000000,0.000000,0
7,-10400.000000,8400.000000,400.000000,4.000000,4.000000,4.000000,0.000000,0.000000,0.000000,0
7,-10800.000000,8800.000000,0.000000,4.000000,4.000000,4.000000,0.000000,0.000000,0.000000,0
7,-10800.000000,8800.000000,400.000000,4.000000,4.000000,4.000000,0.000000,0.000000,0.000000,0
7,-8400.000000,8800.000000,0.000000,4.000000,4.000000,4.000000,0.000000,0.000000,0.000000,0
7,-8400.000000,8800.000000,400.000000,4.000000,4.000000,4.000000,0.000000,0.000000,0.000000,0
7,-8000.000000,8400.000000,0.000000,4.000000,4.000000,4.000000,0.000000,0.000000,0.000000,0
7,-8000.000000,8400.000000,400.000000,4.000000,4.000000,4.000000,0.000000,0.000000,0.000000,0
0,-11600.000000,9200.000000,0.000000,4.000000,4.000000,4.000000,0.000000,0.000000,0.000000,0
0,-11600.000000,9200.000000,400.000000,4.000000,4.000000,4.000000,0.000000,0.000000,0.000000,0
0,-11600.000000,9600.000000,0.000000,4.000000,4.000000,4.000000,0.000000,0.000000,0.000000,0
0,-11600.000000,9600.000000,400.000000,4.000000,4.000000,4.000000,0.000000,0.000000,0.000000,0
0,-11600.000000,10000.000000,0.000000,4.000000,4.000000,4.000000,0.000000,0.000000,0.000000,0
0,-11600.000000,10000.000000,400.000000,4.000000,4.000000,4.000000,0.000000,0.000000,0.000000,0
0,-11600.000000,10400.000000,0.000000,4.000000,4.000000,4.000000,0.000000,0.000000,0.000000,0
0,-11600.000000,10400.000000,400.000000,4.000000,4.000000,4.000000,0.000000,0.000000,0.000000,0
0,-11600.000000,10800.000000,0.000000,4.000000,4.000000,4.000000,0.000000,0.000000,0.000000,0
0,-11600.000000,10800.000000,400.000000,4.000000,4.000000,4.000000,0.000000,0.000000,0.000000,0
0,-11600.000000,11200.000000,0.000000,4.000000,4.000000,4.000000,0.000000,0.000000,0.000000,0
0,-11600.000000,11200.000000,400.000000,4.000000,4.000000,4.000000,0.000000,0.000000,0.000000,0
0,-11600.000000,11600.000000,0.000000,4.000000,4.000000,4.000000,0.000000,0.000000,0.000000,0
0,-11600.000000,11600.000000,400.000000,4.000000,4.000000,4.000000,0.000000,0.000000,0.000000,0
0,-11600.000000,12000.000000,0.000000,4.000000,4.000000,4.000000,0.000000,0.000000,0.000000,0
0,-11600.000000,12000.000000,400.000000,4.000000,4.000000,4.000000,0.000000,0.000000,0.000000,0
0,-11600.000000,12400.000000,0.000000,4.000000,4.000000,4.000000,0.000000,0.000000,0.000000,0
0,-11600.000000,12400.000000,400.000000,4.000000,4.000000,4.000000,0.000000,0.000000,0.000000,0
0,-11600.000000,12800.000000,0.000000,4.000000,4.000000,4.000000,0.000000,0.000000,0.000000,0
0,-11600.000000,12800.000000,400.000000,4.000000,4.000000,4.000000,0.000000,0.000000,0.000000,0
0,-11200.000000,12800.000000,0.000000,4.000000,4.000000,4.000000,0.000000,0.000000,0.000000,0
0,-11200.000000,12800.000000,400.000000,4.000000,4.000000,4.000000,0.000000,0.000000,0.000000,0
0,-10800.000000,12800.000000,0.000000,4.000000,4.000000,4.000000,0.000000,0.000000,0.000000,0
0,-10800.000000,12800.000000,400.000000,4.000000,4.000000,4.000000,0.000000,0.000000,0.000000,0
0,-10400.000000,12800.000000,0.000000,4.000000,4.000000,4.000000,0.000000,0.000000,0.000000,0
0,-10400.000000,12800.000000,400.000000,4.000000,4.000000,4.000000,0.000000,0.000000,0.000000,0
0,-10000.000000,12800.000000,0.000000,4.000000,4.000000,4.000000,0.000000,0.000000,0.000000,0
0,-10000.000000,12800.000000,400.000000,4.000000,4.000000,4.000000,0.000000,0.000000,0.000000,0
0,-9600.000000,12800.000000,0.000000,4.000000,4.000000,4.000000,0.000000,0.000000,0.000000,0
0,-9600.000000,12800.000000,400.000000,4.000000,4.000000,4.000000,0.000000,0.000000,0.000000,0
0,-9200.000000,12800.000000,0.000000,4.000000,4.000000,4.000000,0.000000,0.000000,0.000000,0
0,-9200.000000,12800.000000,400.000000,4.000000,4.000000,4.000000,0.000000,0.000000,0.000000,0
0,-8800.000000,12800.000000,0.000000,4.000000,4.000000,4.000000,0.000000,0.000000,0.000000,0
0,-8800.000000,12800.000000,400.000000,4.000000,4.000000,4.000000,0.000000,0.000000,0.000000,0
0,-8800.000000,12400.000000,0.000000,4.000000,4.000000,4.000000,0.000000,0.000000,0.000000,0
0,-8800.000000,12400.000000,400.000000,4.000000,4.000000,4.000000,0.000000,0.000000,0.000000,0
0,-8800.000000,12000.000000,0.000000,4.000000,4.000000,4.000000,0.000000,0.000000,0.000000,0
0,-8800.000000,12000.000000,400.000000,4.000000,4.000000,4.000000,0.000000,0.000000,0.000000,0
0,-8800.000000,11600.000000,0.000000,4.000000,4.000000,4.000000,0.000000,0.000000,0.000000,0
0,-8800.000000,11600.000000,400.000000,4.000000,4.000000,4.000000,0.000000,0.000000,0.000000,0
0,-8800.000000,11200.000000,0.000000,4.000000,4.000000,4.000000,0.000000,0.000000,0.000000,0
0,-8800.000000,11200.000000,400.000000,4.000000,4.000000,4.000000,0.000000,0.000000,0.000000,0
0,-8800.000000,10800.000000,0.000000,4.000000,4.000000,4.000000,0.000000,0.000000,0.000000,0
0,-8800.000000,10800.000000,400.000000,4.000000,4.000000,4.000000,0.000000,0.000000,0.000000,0
0,-8800.000000,10400.000000,0.000000,4.000000,4.000000,4.000000,0.000000,0.000000,0.000000,0
0,-8800.000000,10400.000000,400.000000,4.000000,4.000000,4.000000,0.000000,0.000000,0.000000,0
0,-8800.000000,10000.000000,0.000000,4.000000,4.000000,4.000000,0.000000,0.000000,0.000000,0
0,-8800.000000,10000.000000,400.000000,4.000000,4.000000,4.000000,0.000000,0.000000,0.000000,0
0,-8800.000000,9600.000000,0.000000,4.000000,4.000000,4.000000,0.000000,0.000000,0.000000,0
0,-8800.000000,9600.000000,400.000000,4.000000,4.000000,4.000000,0.000000,0.000000,0.000000,0
0,-8400.000000,9200.000000,0.000000,4.000000,4.000000,4.000000,0.000000,0.000000,0.000000,0
0,-8400.000000,9200.000000,400.000000,4.000000,4.000000,4.000000,0.000000,0.000000,0.000000,0
7,-8800.000000,9200.000000,0.000000,4.000000,4.000000,4.000000,0.000000,0.000000,0.000000,0
7,-8800.000000,9200.000000,400.000000,4.000000,4.000000,4.000000,0.000000,0.000000,0.000000,0
7,-11200.000000,9200.000000,0.000000,4.000000,4.000000,4.000000,0.000000,0.000000,0.000000,0
7,-11200.000000,9200.000000,400.000000,4.000000,4.000000,4.000000,0.000000,0.000000,0.000000,0
7,-11200.000000,9600.000000,0.000000,4.000000,4.000000,4.000000,0.000000,0.000000,0.000000,0
7,-11200.000000,9600.000000,400.000000,4.000000,4.000000,4.000000,0.000000,0.000000,0.000000,0
7,-11200.000000,10000.000000,0.000000,4.000000,4.000000,4.000000,0.000000,0.000000,0.000000,0
7,-11200.000000,10000.000000,400.000000,4.000000,4.000000,4.000000,0.000000,0.000000,0.000000,0
7,-11200.000000,10400.000000,0.000000,4.000000,4.000000,4.000000,0.000000,0.000000,0.000000,0
7,-11200.000000,10400.000000,400.000000,4.000000,4.000000,4.000000,0.000000,0.000000,0.000000,0
7,-11200.000000,10800.000000,0.000000,4.000000,4.000000,4.000000,0.000000,0.000000,0.000000,0
7,-11200.000000,10800.000000,400.000000,4.000000,4.000000,4.000000,0.000000,0.000000,0.000000,0
7,-11200.000000,11200.000000,0.000000,4.000000,4.000000,4.000000,0.000000,0.000000,0.000000,0
7,-11200.000000,11200.000000,400.000000,4.000000,4.000000,4.000000,0.000000,0.000000,0.000000,0
7,-11200.000000,11600.000000,0.000000,4.000000,4.000000,4.000000,0.000000,0.000000,0.000000,0
7,-11200.000000,11600.000000,400.000000,4.000000,4.000000,4.000000,0.000000,0.000000,0.000000,0
7,-11200.000000,12000.000000,0.000000,4.000000,4.000000,4.000000,0.000000,0.000000,0.000000,0
7,-11200.000000,12000.000000,400.000000,4.000000,4.000000,4.000000,0.000000,0.000000,0.000000,0
7,-11200.000000,12400.000000,0.000000,4.000000,4.000000,4.000000,0.000000,0.000000,0.000000,0
7,-11200.000000,12400.000000,400.000000,4.000000,4.000000,4.000000,0.000000,0.000000,0.000000,0
7,-10800.000000,12400.000000,0.000000,4.000000,4.000000,4.000000,0.000000,0.000000,0.000000,0
7,-10800.000000,12400.000000,400.000000,4.000000,4.000000,4.000000,0.000000,0.000000,0.000000,0
7,-10400.000000,12400.000000,0.000000,4.000000,4.000000,4.000000,0.000000,0.000000,0.000000,0
7,-10400.000000,12400.000000,400.000000,4.000000,4.000000,4.000000,0.000000,0.000000,0.000000,0
7,-10000.000000,12400.000000,0.000000,4.000000,4.000000,4.000000,0.000000,0.000000,0.000000,0
7,-10000.000000,12400.000000,400.000000,4.000000,4.000000,4.000000,0.000000,0.000000,0.000000,0
7,-9600.000000,12400.000000,0.000000,4.000000,4.000000,4.000000,0.000000,0.000000,0.000000,0
7,-9600.000000,12400.000000,400.000000,4.000000,4.000000,4.000000,0.000000,0.000000,0.000000,0
7,-9200.000000,12400.000000,0.000000,4.000000,4.000000,4.000000,0.000000,0.000000,0.000000,0
7,-9200.000000,12400.000000,400.000000,4.000000,4.000000,4.000000,0.000000,0.000000,0.000000,0
5,-9200.000000,10800.000000,0.000000,4.000000,4.000000,3.000000,0.000000,0.000000,0.000000,0
0,-8400.000000,4000.000000,0.000000,4.000000,4.000000,4.000000,0.000000,0.000000,0.000000,0
0,-8400.000000,4000.000000,400.000000,4.000000,4.000000,4.000000,0.000000,0.000000,0.000000,0
0,-8800.000000,4000.000000,0.000000,4.000000,4.000000,4.000000,0.000000,0.000000,0.000000,0
0,-8800.000000,4000.000000,400.000000,4.000000,4.000000,4.000000,0.000000,0.000000,0.000000,0
0,-9200.000000,4000.000000,0.000000,4.000000,4.000000,4.000000,0.000000,0.000000,0.000000,0
0,-9200.000000,4000.000000,400.000000,4.000000,4.000000,4.000000,0.000000,0.000000,0.000000,0
0,-9600.000000,4000.000000,0.000000,4.000000,4.000000,4.000000,0.000000,0.000000,0.000000,0
0,-9600.000000,4000.000000,400.000000,4.000000,4.000000,4.000000,0.000000,0.000000,0.000000,0
0,-9600.000000,4400.000000,0.000000,4.000000,4.000000,4.000000,0.000000,0.000000,0.000000,0
0,-9600.000000,4400.000000,400.000000,4.000000,4.000000,4.000000,0.000000,0.000000,0.000000,0
0,-9600.000000,4800.000000,0.000000,4.000000,4.000000,4.000000,0.000000,0.000000,0.000000,0
0,-9600.000000,4800.000000,400.000000,4.000000,4.000000,4.000000,0.000000,0.000000,0.000000,0
0,-9600.000000,5200.000000,0.000000,4.000000,4.000000,4.000000,0.000000,0.000000,0.000000,0
0,-9600.000000,5200.000000,400.000000,4.000000,4.000000,4.000000,0.000000,0.000000,0.000000,0
0,-9600.000000,5600.000000,0.000000,4.000000,4.000000,4.000000,0.000000,0.000000,0.000000,0
0,-9600.000000,5600.000000,400.000000,4.000000,4.000000,4.000000,0.000000,0.000000,0.000000,0
0,-9600.000000,6000.000000,0.000000,4.000000,4.000000,4.000000,0.000000,0.000000,0.000000,0
0,-9600.000000,6000.000000,400.000000,4.000000,4.000000,4.000000,0.000000,0.000000,0.000000,0
0,-9600.000000,6400.000000,0.000000,4.000000,4.000000,4.000000,0.000000,0.000000,0.000000,0
0,-9600.000000,6400.000000,400.000000,4.000000,4.000000,4.000000,0.000000,0.000000,0.000000,0
0,-9600.000000,6800.000000,0.000000,4.000000,4.000000,4.000000,0.000000,0.000000,0.000000,0
0,-9600.000000,6800.000000,400.000000,4.000000,4.000000,4.000000,0.000000,0.000000,0.000000,0
0,-8000.000000,4000.000000,0.000000,4.000000,4.000000,4.000000,0.000000,0.000000,0.000000,0
0,-8000.000000,4000.000000,400.000000,4.000000,4.000000,4.000000,0.000000,0.000000,0.000000,0
0,-7600.000000,4000.000000,0.000000,4.000000,4.000000,4.000000,0.000000,0.000000,0.000000,0
0,-7600.000000,4000.000000,400.000000,4.000000,4.000000,4.000000,0.000000,0.000000,0.000000,0
0,-7200.000000,4000.000000,0.000000,4.000000,4.000000,4.000000,0.000000,0.000000,0.000000,0
0,-7200.000000,4000.000000,400.000000,4.000000,4.000000,4.000000,0.000000,0.000000,0.000000,0
0,-6800.000000,4000.000000,0.000000,4.000000,4.000000,4.000000,0.000000,0.000000,0.000000,0
0,-6800.000000,4000.000000,400.000000,4.000000,4.000000,4.000000,0.000000,0.000000,0.000000,0
0,-6800.000000,3600.000000,0.000000,4.000000,4.000000,4.000000,0.000000,0.000000,0.000000,0
0,-6800.000000,3600.000000,400.000000,4.000000,4.000000,4.000000,0.000000,0.000000,0.000000,0
0,-6800.000000,3200.000000,0.000000,4.000000,4.000000,4.000000,0.000000,0.000000,0.000000,0
0,-6800.000000,3200.000000,400.000000,4.000000,4.000000,4.000000,0.000000,0.000000,0.000000,0
0,-6800.000000,2800.000000,0.000000,4.000000,4.000000,4.000000,0.000000,0.000000,0.000000,0
0,-6800.000000,2800.000000,400.000000,4.000000,4.000000,4.000000,0.000000,0.000000,0.000000,0
0,-6800.000000,2400.000000,0.000000,4.000000,4.000000,4.000000,0.000000,0.000000,0.000000,0
0,-6800.000000,2400.000000,400.000000,4.000000,4.000000,4.000000,0.000000,0.000000,0.000000,0
0,-6800.000000,2000.000000,0.000000,4.000000,4.000000,4.000000,0.000000,0.000000,0.000000,0
0,-6800.000000,2000.000000,400.000000,4.000000,4.000000,4.000000,0.000000,0.000000,0.000000,0
0,-6800.000000,1600.000000,0.000000,4.000000,4.000000,4.000000,0.000000,0.000000,0.000000,0
0,-6800.000000,1600.000000,400.000000,4.000000,4.000000,4.000000,0.000000,0.000000,0.000000,0
0,-6800.000000,800.000000,0.000000,4.000000,4.000000,4.000000,0.000000,0.000000,0.000000,0
0,-6800.000000,800.000000,400.000000,4.000000,4.000000,4.000000,0.000000,0.000000,0.000000,0
0,-6800.000000,400.000000,0.000000,4.000000,4.000000,4.000000,0.000000,0.000000,0.000000,0
0,-6800.000000,400.000000,400.000000,4.000000,4.000000,4.000000,0.000000,0.000000,0.000000,0
0,-6800.000000,1200.000000,0.000000,4.000000,4.000000,4.000000,0.000000,0.000000,0.000000,0
0,-6800.000000,1200.000000,400.000000,4.000000,4.000000,4.000000,0.000000,0.000000,0.000000,0
0,-6800.000000,0.000000,0.000000,4.000000,4.000000,4.000000,0.000000,0.000000,0.000000,0
0,-6800.000000,0.000000,400.000000,4.000000,4.000000,4.000000,0.000000,0.000000,0.000000,0
0,-6800.000000,-400.000000,0.000000,4.000000,4.000000,4.000000,0.000000,0.000000,0.000000,0
0,-6800.000000,-400.000000,400.000000,4.000000,4.000000,4.000000,0.000000,0.000000,0.000000,0
0,-6800.000000,-800.000000,0.000000,4.000000,4.000000,4.000000,0.000000,0.000000,0.000000,0
0,-6800.000000,-800.000000,400.000000,4.000000,4.000000,4.000000,0.000000,0.000000,0.000000,0
0,-6800.000000,-1200.000000,0.000000,4.000000,4.000000,4.000000,0.000000,0.000000,0.000000,0
0,-6800.000000,-1200.000000,400.000000,4.000000,4.000000,4.000000,0.000000,0.000000,0.000000,0
0,-6800.000000,-1600.000000,0.000000,4.000000,4.000000,4.000000,0.000000,0.000000,0.000000,0
0,-6800.000000,-1600.000000,400.000000,4.000000,4.000000,4.000000,0.000000,0.000000,0.000000,0
0,-6800.000000,-2000.000000,0.000000,4.000000,4.000000,4.000000,0.000000,0.000000,0.000000,0
0,-6800.000000,-2000.000000,400.000000,4.000000,4.000000,4.000000,0.000000,0.000000,0.000000,0
0,-6800.000000,-2400.000000,0.000000,4.000000,4.000000,4.000000,0.000000,0.000000,0.000000,0
0,-6800.000000,-2400.000000,400.000000,4.000000,4.000000,4.000000,0.000000,0.000000,0.000000,0
0,-6800.000000,-2800.000000,0.000000,4.000000,4.000000,4.000000,0.000000,0.000000,0.000000,0
0,-6800.000000,-2800.000000,400.000000,4.000000,4.000000,4.000000,0.000000,0.000000,0.000000,0
0,-6800.000000,-3200.000000,0.000000,4.000000,4.000000,4.000000,0.000000,0.000000,0.000000,0
0,-6800.000000,-3200.000000,400.000000,4.000000,4.000000,4.000000,0.000000,0.000000,0.000000,0
0,-6800.000000,-3600.000000,0.000000,4.000000,4.000000,4.000000,0.000000,0.000000,0.000000,0
0,-6800.000000,-3600.000000,400.000000,4.000000,4.000000,4.000000,0.000000,0.000000,0.000000,0
0,-6800.000000,-4000.000000,0.000000,4.000000,4.000000,4.000000,0.000000,0.000000,0.000000,0
0,-6800.000000,-4000.000000,400.000000,4.000000,4.000000,4.000000,0.000000,0.000000,0.000000,0
0,-6800.000000,-4400.000000,0.000000,4.000000,4.000000,4.000000,0.000000,0.000000,0.000000,0
0,-6800.000000,-4400.000000,400.000000,4.000000,4.000000,4.000000,0.000000,0.000000,0.000000,0
0,-6800.000000,-4800.000000,0.000000,4.000000,4.000000,4.000000,0.000000,0.000000,0.000000,0
0,-6800.000000,-4800.000000,400.000000,4.000000,4.000000,4.000000,0.000000,0.000000,0.000000,0
0,-6800.000000,-5200.000000,0.000000,4.000000,4.000000,4.000000,0.000000,0.000000,0.000000,0
0,-6800.000000,-5200.000000,400.000000,4.000000,4.000000,4.000000,0.000000,0.000000,0.000000,0
0,-6800.000000,-5600.000000,0.000000,4.000000,4.000000,4.000000,0.000000,0.000000,0.000000,0
0,-6800.000000,-5600.000000,400.000000,4.000000,4.000000,4.000000,0.000000,0.000000,0.000000,0
0,-6400.000000,3600.000000,0.000000,4.000000,4.000000,4.000000,0.000000,0.000000,0.000000,0
0,-6400.000000,3600.000000,400.000000,4.000000,4.000000,4.000000,0.000000,0.000000,0.000000,0
0,-6000.000000,3600.000000,0.000000,4.000000,4.000000,4.000000,0.000000,0.000000,0.000000,0
0,-6000.000000,3600.000000,400.000000,4.000000,4.000000,4.000000,0.000000,0.000000,0.000000,0
0,-5600.000000,3600.000000,0.000000,4.000000,4.000000,4.000000,0.000000,0.000000,0.000000,0
0,-5600.000000,3600.000000,400.000000,4.000000,4.000000,4.000000,0.000000,0.000000,0.000000,0
0,-5200.000000,3600.000000,0.000000,4.000000,4.000000,4.000000,0.000000,0.000000,0.000000,0
0,-5200.000000,3600.000000,400.000000,4.000000,4.000000,4.000000,0.000000,0.000000,0.000000,0
7,-5200.000000,4000.000000,0.000000,4.000000,4.000000,4.000000,0.000000,0.000000,0.000000,0
7,-5200.000000,4000.000000,400.000000,4.000000,4.000000,4.000000,0.000000,0.000000,0.000000,0
7,-5600.000000,4000.000000,0.000000,4.000000,4.000000,4.000000,0.000000,0.000000,0.000000,0
7,-5600.000000,4000.000000,400.000000,4.000000,4.000000,4.000000,0.000000,0.000000,0.000000,0
7,-6000.000000,4000.000000,0.000000,4.000000,4.000000,4.000000,0.000000,0.000000,0.000000,0
7,-6000.000000,4000.000000,400.000000,4.000000,4.000000,4.000000,0.000000,0.000000,0.000000,0
7,-6400.000000,4000.000000,0.000000,4.000000,4.000000,4.000000,0.000000,0.000000,0.000000,0
7,-6400.000000,4000.000000,400.000000,4.000000,4.000000,4.000000,0.000000,0.000000,0.000000,0
0,-4800.000000,3600.000000,0.000000,4.000000,4.000000,4.000000,0.000000,0.000000,0.000000,0
0,-4800.000000,3600.000000,400.000000,4.000000,4.000000,4.000000,0.000000,0.000000,0.000000,0
0,-4400.000000,3600.000000,0.000000,4.000000,4.000000,4.000000,0.000000,0.000000,0.000000,0
0,-4400.000000,3600.000000,400.000000,4.000000,4.000000,4.000000,0.000000,0.000000,0.000000,0
0,-4000.000000,3600.000000,0.000000,4.000000,4.000000,4.000000,0.000000,0.000000,0.000000,0
0,-4000.000000,3600.000000,400.000000,4.000000,4.000000,4.000000,0.000000,0.000000,0.000000,0
7,-4800.000000,4000.000000,0.000000,4.000000,4.000000,4.000000,0.000000,0.000000,0.000000,0
7,-4800.000000,4000.000000,400.000000,4.000000,4.000000,4.000000,0.000000,0.000000,0.000000,0
7,-4400.000000,4000.000000,0.000000,4.000000,4.000000,4.000000,0.000000,0.000000,0.000000,0
7,-4400.000000,4000.000000,400.000000,4.000000,4.000000,4.000000,0.000000,0.000000,0.000000,0
7,-4000.000000,4000.000000,0.000000,4.000000,4.000000,4.000000,0.000000,0.000000,0.000000,0
7,-4000.000000,4000.000000,400.000000,4.000000,4.000000,4.000000,0.000000,0.000000,0.000000,0
0,-1200.000000,1200.000000,0.000000,4.000000,4.000000,4.000000,0.000000,0.000000,0.000000,0
0,-1200.000000,1200.000000,400.000000,4.000000,4.000000,4.000000,0.000000,0.000000,0.000000,0
0,-1600.000000,1200.000000,0.000000,4.000000,4.000000,4.000000,0.000000,0.000000,0.000000,0
0,-1600.000000,1200.000000,400.000000,4.000000,4.000000,4.000000,0.000000,0.000000,0.000000,0
0,-2000.000000,1200.000000,0.000000,4.000000,4.000000,4.000000,0.000000,0.000000,0.000000,0
0,-2000.000000,1200.000000,400.000000,4.000000,4.000000,4.000000,0.000000,0.000000,0.000000,0
0,-2400.000000,1200.000000,0.000000,4.000000,4.000000,4.000000,0.000000,0.000000,0.000000,0
0,-2400.000000,1200.000000,400.000000,4.000000,4.000000,4.000000,0.000000,0.000000,0.000000,0
0,-2800.000000,1200.000000,0.000000,4.000000,4.000000,4.000000,0.000000,0.000000,0.000000,0
0,-2800.000000,1200.000000,400.000000,4.000000,4.000000,4.000000,0.000000,0.000000,0.000000,0
0,-3200.000000,1200.000000,0.000000,4.000000,4.000000,4.000000,0.000000,0.000000,0.000000,0
0,-3200.000000,1200.000000,400.000000,4.000000,4.000000,4.000000,0.000000,0.000000,0.000000,0
0,-3600.000000,1200.000000,0.000000,4.000000,4.000000,4.000000,0.000000,0.000000,0.000000,0
0,-3600.000000,1200.000000,400.000000,4.000000,4.000000,4.000000,0.000000,0.000000,0.000000,0
0,-4000.000000,1200.000000,0.000000,4.000000,4.000000,4.000000,0.000000,0.000000,0.000000,0
0,-4000.000000,1200.000000,400.000000,4.000000,4.000000,4.000000,0.000000,0.000000,0.000000,0
7,-4000.000000,1600.000000,0.000000,4.000000,4.000000,4.000000,0.000000,0.000000,0.000000,0
7,-4000.000000,1600.000000,400.000000,4.000000,4.000000,4.000000,0.000000,0.000000,0.000000,0
7,-3600.000000,1600.000000,0.000000,4.000000,4.000000,4.000000,0.000000,0.000000,0.000000,0
7,-3600.000000,1600.000000,400.000000,4.000000,4.000000,4.000000,0.000000,0.000000,0.000000,0
7,-3200.000000,1600.000000,0.000000,4.000000,4.000000,4.000000,0.000000,0.000000,0.000000,0
7,-3200.000000,1600.000000,400.000000,4.000000,4.000000,4.000000,0.000000,0.000000,0.000000,0
7,-2800.000000,1600.000000,0.000000,4.000000,4.000000,4.000000,0.000000,0.000000,0.000000,0
7,-2800.000000,1600.000000,400.000000,4.000000,4.000000,4.000000,0.000000,0.000000,0.000000,0
7,-2400.000000,1600.000000,0.000000,4.000000,4.000000,4.000000,0.000000,0.000000,0.000000,0
7,-2400.000000,1600.000000,400.000000,4.000000,4.000000,4.000000,0.000000,0.000000,0.000000,0
7,-2000.000000,1600.000000,0.000000,4.000000,4.000000,4.000000,0.000000,0.000000,0.000000,0
7,-2000.000000,1600.000000,400.000000,4.000000,4.000000,4.000000,0.000000,0.000000,0.000000,0
7,-1600.000000,1600.000000,0.000000,4.000000,4.000000,4.000000,0.000000,0.000000,0.000000,0
7,-1600.000000,1600.000000,400.000000,4.000000,4.000000,4.000000,0.000000,0.000000,0.000000,0
7,-1200.000000,1600.000000,0.000000,4.000000,4.000000,4.000000,0.000000,0.000000,0.000000,0
7,-1200.000000,1600.000000,400.000000,4.000000,4.000000,4.000000,0.000000,0.000000,0.000000,0
7,-1200.000000,-3200.000000,0.000000,4.000000,4.000000,4.000000,0.000000,0.000000,0.000000,0
7,-1200.000000,-3200.000000,400.000000,4.000000,4.000000,4.000000,0.000000,0.000000,0.000000,0
0,-6400.000000,-800.000000,0.000000,4.000000,4.000000,4.000000,0.000000,0.000000,0.000000,0
0,-6400.000000,-800.000000,400.000000,4.000000,4.000000,4.000000,0.000000,0.000000,0.000000,0
0,-6000.000000,-800.000000,0.000000,4.000000,4.000000,4.000000,0.000000,0.000000,0.000000,0
0,-6000.000000,-800.000000,400.000000,4.000000,4.000000,4.000000,0.000000,0.000000,0.000000,0
0,-5600.000000,-800.000000,0.000000,4.000000,4.000000,4.000000,0.000000,0.000000,0.000000,0
0,-5600.000000,-800.000000,400.000000,4.000000,4.000000,4.000000,0.000000,0.000000,0.000000,0
0,-5200.000000,-800.000000,0.000000,4.000000,4.000000,4.000000,0.000000,0.000000,0.000000,0
0,-5200.000000,-800.000000,400.000000,4.000000,4.000000,4.000000,0.000000,0.000000,0.000000,0
0,-4800.000000,-800.000000,0.000000,4.000000,4.000000,4.000000,0.000000,0.000000,0.000000,0
0,-4800.000000,-800.000000,400.000000,4.000000,4.000000,4.000000,0.000000,0.000000,0.000000,0
0,-4400.000000,-800.000000,0.000000,4.000000,4.000000,4.000000,0.000000,0.000000,0.000000,0
0,-4400.000000,-800.000000,400.000000,4.000000,4.000000,4.000000,0.000000,0.000000,0.000000,0
0,-4000.000000,-800.000000,0.000000,4.000000,4.000000,4.000000,0.000000,0.000000,0.000000,0
0,-4000.000000,-800.000000,400.000000,4.000000,4.000000,4.000000,0.000000,0.000000,0.000000,0
0,-3600.000000,-800.000000,0.000000,4.000000,4.000000,4.000000,0.000000,0.000000,0.000000,0
0,-3600.000000,-800.000000,400.000000,4.000000,4.000000,4.000000,0.000000,0.000000,0.000000,0
0,-1600.000000,-800.000000,0.000000,4.000000,4.000000,4.000000,0.000000,0.000000,0.000000,0
0,-1600.000000,-800.000000,400.000000,4.000000,4.000000,4.000000,0.000000,0.000000,0.000000,0
0,-1200.000000,-800.000000,0.000000,4.000000,4.000000,4.000000,0.000000,0.000000,0.000000,0
0,-1200.000000,-800.000000,400.000000,4.000000,4.000000,4.000000,0.000000,0.000000,0.000000,0
7,-3600.000000,-400.000000,0.000000,4.000000,4.000000,4.000000,0.000000,0.000000,0.000000,0
7,-3600.000000,-400.000000,400.000000,4.000000,4.000000,4.000000,0.000000,0.000000,0.000000,0
7,-4000.000000,-400.000000,0.000000,4.000000,4.000000,4.000000,0.000000,0.000000,0.000000,0
7,-4000.000000,-400.000000,400.000000,4.000000,4.000000,4.000000,0.000000,0.000000,0.000000,0
7,-4400.000000,-400.000000,0.000000,4.000000,4.000000,4.000000,0.000000,0.000000,0.000000,0
7,-4400.000000,-400.000000,400.000000,4.000000,4.000000,4.000000,0.000000,0.000000,0.000000,0
7,-4800.000000,-400.000000,0.000000,4.000000,4.000000,4.000000,0.000000,0.000000,0.000000,0
7,-4800.000000,-400.000000,400.000000,4.000000,4.000000,4.000000,0.000000,0.000000,0.000000,0
7,-5200.000000,-400.000000,0.000000,4.000000,4.000000,4.000000,0.000000,0.000000,0.000000,0
7,-5200.000000,-400.000000,400.000000,4.000000,4.000000,4.000000,0.000000,0.000000,0.000000,0
7,-5600.000000,-400.000000,0.000000,4.000000,4.000000,4.000000,0.000000,0.000000,0.000000,0
7,-5600.000000,-400.000000,400.000000,4.000000,4.000000,4.000000,0.000000,0.000000,0.000000,0
7,-6000.000000,-400.000000,0.000000,4.000000,4.000000,4.000000,0.000000,0.000000,0.000000,0
7,-6000.000000,-400.000000,400.000000,4.000000,4.000000,4.000000,0.000000,0.000000,0.000000,0
7,-6400.000000,-400.000000,0.000000,4.000000,4.000000,4.000000,0.000000,0.000000,0.000000,0
7,-6400.000000,-400.000000,400.000000,4.000000,4.000000,4.000000,0.000000,0.000000,0.000000,0
7,-1600.000000,-400.000000,0.000000,4.000000,4.000000,4.000000,0.000000,0.000000,0.000000,0
7,-1600.000000,-400.000000,400.000000,4.000000,4.000000,4.000000,0.000000,0.000000,0.000000,0
7,-1200.000000,-400.000000,0.000000,4.000000,4.000000,4.000000,0.000000,0.000000,0.000000,0
7,-1200.000000,-400.000000,400.000000,4.000000,4.000000,4.000000,0.000000,0.000000,0.000000,0
0,-1200.000000,-2800.000000,0.000000,4.000000,4.000000,4.000000,0.000000,0.000000,0.000000,0
0,-1200.000000,-2800.000000,400.000000,4.000000,4.000000,4.000000,0.000000,0.000000,0.000000,0
0,-1600.000000,-2800.000000,0.000000,4.000000,4.000000,4.000000,0.000000,0.000000,0.000000,0
0,-1600.000000,-2800.000000,400.000000,4.000000,4.000000,4.000000,0.000000,0.000000,0.000000,0
0,-2000.000000,-2800.000000,0.000000,4.000000,4.000000,4.000000,0.000000,0.000000,0.000000,0
0,-2000.000000,-2800.000000,400.000000,4.000000,4.000000,4.000000,0.000000,0.000000,0.000000,0
0,-2400.000000,-2800.000000,0.000000,4.000000,4.000000,4.000000,0.000000,0.000000,0.000000,0
0,-2400.000000,-2800.000000,400.000000,4.000000,4.000000,4.000000,0.000000,0.000000,0.000000,0
0,-2800.000000,-2800.000000,0.000000,4.000000,4.000000,4.000000,0.000000,0.000000,0.000000,0
0,-2800.000000,-2800.000000,400.000000,4.000000,4.000000,4.000000,0.000000,0.000000,0.000000,0
0,-3200.000000,-2800.000000,0.000000,4.000000,4.000000,4.000000,0.000000,0.000000,0.000000,0
0,-3200.000000,-2800.000000,400.000000,4.000000,4.000000,4.000000,0.000000,0.000000,0.000000,0
0,-3600.000000,-2800.000000,0.000000,4.000000,4.000000,4.000000,0.000000,0.000000,0.000000,0
0,-3600.000000,-2800.000000,400.000000,4.000000,4.000000,4.000000,0.000000,0.000000,0.000000,0
0,-6400.000000,-2800.000000,0.000000,4.000000,4.000000,4.000000,0.000000,0.000000,0.000000,0
0,-6400.000000,-2800.000000,400.000000,4.000000,4.000000,4.000000,0.000000,0.000000,0.000000,0
0,-6000.000000,-2800.000000,0.000000,4.000000,4.000000,4.000000,0.000000,0.000000,0.000000,0
0,-6000.000000,-2800.000000,400.000000,4.000000,4.000000,4.000000,0.000000,0.000000,0.000000,0
7,-3600.000000,-2400.000000,0.000000,4.000000,4.000000,4.000000,0.000000,0.000000,0.000000,0
7,-3600.000000,-2400.000000,400.000000,4.000000,4.000000,4.000000,0.000000,0.000000,0.000000,0
7,-3200.000000,-2400.000000,0.000000,4.000000,4.000000,4.000000,0.000000,0.000000,0.000000,0
7,-3200.000000,-2400.000000,400.000000,4.000000,4.000000,4.000000,0.000000,0.000000,0.000000,0
7,-2800.000000,-2400.000000,0.000000,4.000000,4.000000,4.000000,0.000000,0.000000,0.000000,0
7,-2800.000000,-2400.000000,400.000000,4.000000,4.000000,4.000000,0.000000,0.000000,0.000000,0
7,-2400.000000,-2400.000000,0.000000,4.000000,4.000000,4.000000,0.000000,0.000000,0.000000,0
7,-2400.000000,-2400.000000,400.000000,4.000000,4.000000,4.000000,0.000000,0.000000,0.000000,0
7,-2000.000000,-2400.000000,0.000000,4.000000,4.000000,4.000000,0.000000,0.000000,0.000000,0
7,-2000.000000,-2400.000000,400.000000,4.000000,4.000000,4.000000,0.000000,0.000000,0.000000,0
7,-1600.000000,-2400.000000,0.000000,4.000000,4.000000,4.000000,0.000000,0.000000,0.000000,0
7,-1600.000000,-2400.000000,400.000000,4.000000,4.000000,4.000000,0.000000,0.000000,0.000000,0
7,-1200.000000,-2400.000000,0.000000,4.000000,4.000000,4.000000,0.000000,0.000000,0.000000,0
7,-1200.000000,-2400.000000,400.000000,4.000000,4.000000,4.000000,0.000000,0.000000,0.000000,0
7,-6000.000000,-2400.000000,0.000000,4.000000,4.000000,4.000000,0.000000,0.000000,0.000000,0
7,-6000.000000,-2400.000000,400.000000,4.000000,4.000000,4.000000,0.000000,0.000000,0.000000,0
7,-6400.000000,-2400.000000,0.000000,4.000000,4.000000,4.000000,0.000000,0.000000,0.000000,0
7,-6400.000000,-2400.000000,400.000000,4.000000,4.000000,4.000000,0.000000,0.000000,0.000000,0
0,-5600.000000,-2800.000000,0.000000,4.000000,4.000000,4.000000,0.000000,0.000000,0.000000,0
0,-5600.000000,-2800.000000,400.000000,4.000000,4.000000,4.000000,0.000000,0.000000,0.000000,0
7,-5600.000000,-2400.000000,0.000000,4.000000,4.000000,4.000000,0.000000,0.000000,0.000000,0
7,-5600.000000,-2400.000000,400.000000,4.000000,4.000000,4.000000,0.000000,0.000000,0.000000,0
7,-5600.000000,-3200.000000,0.000000,4.000000,4.000000,4.000000,0.000000,0.000000,0.000000,0
7,-5600.000000,-3200.000000,400.000000,4.000000,4.000000,4.000000,0.000000,0.000000,0.000000,0
7,-6000.000000,-3200.000000,0.000000,4.000000,4.000000,4.000000,0.000000,0.000000,0.000000,0
7,-6000.000000,-3200.000000,400.000000,4.000000,4.000000,4.000000,0.000000,0.000000,0.000000,0
7,-6400.000000,-3200.000000,0.000000,4.000000,4.000000,4.000000,0.000000,0.000000,0.000000,0
7,-6400.000000,-3200.000000,400.000000,4.000000,4.000000,4.000000,0.000000,0.000000,0.000000,0
7,-3600.000000,-3200.000000,0.000000,4.000000,4.000000,4.000000,0.000000,0.000000,0.000000,0
7,-3600.000000,-3200.000000,400.000000,4.000000,4.000000,4.000000,0.000000,0.000000,0.000000,0
7,-3200.000000,-3200.000000,0.000000,4.000000,4.000000,4.000000,0.000000,0.000000,0.000000,0
7,-3200.000000,-3200.000000,400.000000,4.000000,4.000000,4.000000,0.000000,0.000000,0.000000,0
7,-2800.000000,-3200.000000,0.000000,4.000000,4.000000,4.000000,0.000000,0.000000,0.000000,0
7,-2800.000000,-3200.000000,400.000000,4.000000,4.000000,4.000000,0.000000,0.000000,0.000000,0
7,-2400.000000,-3200.000000,0.000000,4.000000,4.000000,4.000000,0.000000,0.000000,0.000000,0
7,-2400.000000,-3200.000000,400.000000,4.000000,4.000000,4.000000,0.000000,0.000000,0.000000,0
7,-2000.000000,-3200.000000,0.000000,4.000000,4.000000,4.000000,0.000000,0.000000,0.000000,0
7,-2000.000000,-3200.000000,400.000000,4.000000,4.000000,4.000000,0.000000,0.000000,0.000000,0
7,-1600.000000,-3200.000000,0.000000,4.000000,4.000000,4.000000,0.000000,0.000000,0.000000,0
7,-1600.000000,-3200.000000,400.000000,4.000000,4.000000,4.000000,0.000000,0.000000,0.000000,0
0,-6800.000000,-6000.000000,0.000000,4.000000,4.000000,4.000000,0.000000,0.000000,0.000000,0
0,-6800.000000,-6000.000000,400.000000,4.000000,4.000000,4.000000,0.000000,0.000000,0.000000,0
0,-6800.000000,-6400.000000,0.000000,4.000000,4.000000,4.000000,0.000000,0.000000,0.000000,0
0,-6800.000000,-6400.000000,400.000000,4.000000,4.000000,4.000000,0.000000,0.000000,0.000000,0
0,-6800.000000,-6800.000000,0.000000,4.000000,4.000000,4.000000,0.000000,0.000000,0.000000,0
0,-6800.000000,-6800.000000,400.000000,4.000000,4.000000,4.000000,0.000000,0.000000,0.000000,0
0,-6400.000000,-6800.000000,0.000000,4.000000,4.000000,4.000000,0.000000,0.000000,0.000000,0
0,-6400.000000,-6800.000000,400.000000,4.000000,4.000000,4.000000,0.000000,0.000000,0.000000,0
0,-6000.000000,-6800.000000,0.000000,4.000000,4.000000,4.000000,0.000000,0.000000,0.000000,0
0,-6000.000000,-6800.000000,400.000000,4.000000,4.000000,4.000000,0.000000,0.000000,0.000000,0
0,-5600.000000,-6800.000000,0.000000,4.000000,4.000000,4.000000,0.000000,0.000000,0.000000,0
0,-5600.000000,-6800.000000,400.000000,4.000000,4.000000,4.000000,0.000000,0.000000,0.000000,0
0,-5200.000000,-6800.000000,0.000000,4.000000,4.000000,4.000000,0.000000,0.000000,0.000000,0
0,-5200.000000,-6800.000000,400.000000,4.000000,4.000000,4.000000,0.000000,0.000000,0.000000,0
0,-4800.000000,-6800.000000,0.000000,4.000000,4.000000,4.000000,0.000000,0.000000,0.000000,0
0,-4800.000000,-6800.000000,400.000000,4.000000,4.000000,4.000000,0.000000,0.000000,0.000000,0
0,-4400.000000,-6800.000000,0.000000,4.000000,4.000000,4.000000,0.000000,0.000000,0.000000,0
0,-4400.000000,-6800.000000,400.000000,4.000000,4.000000,4.000000,0.000000,0.000000,0.000000,0
0,-4000.000000,-6800.000000,0.000000,4.000000,4.000000,4.000000,0.000000,0.000000,0.000000,0
0,-4000.000000,-6800.000000,400.000000,4.000000,4.000000,4.000000,0.000000,0.000000,0.000000,0
0,-3600.000000,-6800.000000,0.000000,4.000000,4.000000,4.000000,0.000000,0.000000,0.000000,0
0,-3600.000000,-6800.000000,400.000000,4.000000,4.000000,4.000000,0.000000,0.000000,0.000000,0
0,-3200.000000,-6800.000000,0.000000,4.000000,4.000000,4.000000,0.000000,0.000000,0.000000,0
0,-3200.000000,-6800.000000,400.000000,4.000000,4.000000,4.000000,0.000000,0.000000,0.000000,0
0,-2800.000000,-6800.000000,0.000000,4.000000,4.000000,4.000000,0.000000,0.000000,0.000000,0
0,-2800.000000,-6800.000000,400.000000,4.000000,4.000000,4.000000,0.000000,0.000000,0.000000,0
0,-2400.000000,-6800.000000,0.000000,4.000000,4.000000,4.000000,0.000000,0.000000,0.000000,0
0,-2400.000000,-6800.000000,400.000000,4.000000,4.000000,4.000000,0.000000,0.000000,0.000000,0
0,-2000.000000,-6800.000000,0.000000,4.000000,4.000000,4.000000,0.000000,0.000000,0.000000,0
0,-2000.000000,-6800.000000,400.000000,4.000000,4.000000,4.000000,0.000000,0.000000,0.000000,0
0,-1600.000000,-6800.000000,0.000000,4.000000,4.000000,4.000000,0.000000,0.000000,0.000000,0
0,-1600.000000,-6800.000000,400.000000,4.000000,4.000000,4.000000,0.000000,0.000000,0.000000,0
0,-1200.000000,-6800.000000,0.000000,4.000000,4.000000,4.000000,0.000000,0.000000,0.000000,0
0,-1200.000000,-6800.000000,400.000000,4.000000,4.000000,4.000000,0.000000,0.000000,0.000000,0
0,-800.000000,-6800.000000,0.000000,4.000000,4.000000,4.000000,0.000000,0.000000,0.000000,0
0,-800.000000,-6800.000000,400.000000,4.000000,4.000000,4.000000,0.000000,0.000000,0.000000,0
0,-400.000000,-6800.000000,0.000000,4.000000,4.000000,4.000000,0.000000,0.000000,0.000000,0
0,-400.000000,-6800.000000,400.000000,4.000000,4.000000,4.000000,0.000000,0.000000,0.000000,0
0,1600.000000,-6000.000000,0.000000,4.000000,4.000000,4.000000,0.000000,0.000000,0.000000,0
0,1600.000000,-6000.000000,400.000000,4.000000,4.000000,4.000000,0.000000,0.000000,0.000000,0
0,1600.000000,-6400.000000,0.000000,4.000000,4.000000,4.000000,0.000000,0.000000,0.000000,0
0,1600.000000,-6400.000000,400.000000,4.000000,4.000000,4.000000,0.000000,0.000000,0.000000,0
0,1600.000000,-6800.000000,0.000000,4.000000,4.000000,4.000000,0.000000,0.000000,0.000000,0
0,1600.000000,-6800.000000,400.000000,4.000000,4.000000,4.000000,0.000000,0.000000,0.000000,0
0,1200.000000,-6800.000000,0.000000,4.000000,4.000000,4.000000,0.000000,0.000000,0.000000,0
0,1200.000000,-6800.000000,400.000000,4.000000,4.000000,4.000000,0.000000,0.000000,0.000000,0
0,800.000000,-6800.000000,0.000000,4.000000,4.000000,4.000000,0.000000,0.000000,0.000000,0
0,800.000000,-6800.000000,400.000000,4.000000,4.000000,4.000000,0.000000,0.000000,0.000000,0
0,400.000000,-6800.000000,0.000000,4.000000,4.000000,4.000000,0.000000,0.000000,0.000000,0
0,400.000000,-6800.000000,400.000000,4.000000,4.000000,4.000000,0.000000,0.000000,0.000000,0
0,0.000000,-6800.000000,0.000000,4.000000,4.000000,4.000000,0.000000,0.000000,0.000000,0
0,0.000000,-6800.000000,400.000000,4.000000,4.000000,4.000000,0.000000,0.000000,0.000000,0
0,0.000000,-5600.000000,0.000000,4.000000,4.000000,4.000000,0.000000,0.000000,0.000000,0
0,0.000000,-5600.000000,400.000000,4.000000,4.000000,4.000000,0.000000,0.000000,0.000000,0
0,0.000000,-5200.000000,0.000000,4.000000,4.000000,4.000000,0.000000,0.000000,0.000000,0
0,0.000000,-5200.000000,400.000000,4.000000,4.000000,4.000000,0.000000,0.000000,0.000000,0
7,1200.000000,-5600.000000,0.000000,4.000000,4.000000,4.000000,0.000000,0.000000,0.000000,0
7,1200.000000,-5600.000000,400.000000,4.000000,4.000000,4.000000,0.000000,0.000000,0.000000,0
7,1200.000000,-6000.000000,0.000000,4.000000,4.000000,4.000000,0.000000,0.000000,0.000000,0
7,1200.000000,-6000.000000,400.000000,4.000000,4.000000,4.000000,0.000000,0.000000,0.000000,0
7,1200.000000,-6400.000000,0.000000,4.000000,4.000000,4.000000,0.000000,0.000000,0.000000,0
7,1200.000000,-6400.000000,400.000000,4.000000,4.000000,4.000000,0.000000,0.000000,0.000000,0
7,800.000000,-6400.000000,0.000000,4.000000,4.000000,4.000000,0.000000,0.000000,0.000000,0
7,800.000000,-6400.000000,400.000000,4.000000,4.000000,4.000000,0.000000,0.000000,0.000000,0
7,400.000000,-6400.000000,0.000000,4.000000,4.000000,4.000000,0.000000,0.000000,0.000000,0
7,400.000000,-6400.000000,400.000000,4.000000,4.000000,4.000000,0.000000,0.000000,0.000000,0
7,0.000000,-6400.000000,0.000000,4.000000,4.000000,4.000000,0.000000,0.000000,0.000000,0
7,0.000000,-6400.000000,400.000000,4.000000,4.000000,4.000000,0.000000,0.000000,0.000000,0
7,-400.000000,-6400.000000,0.000000,4.000000,4.000000,4.000000,0.000000,0.000000,0.000000,0
7,-400.000000,-6400.000000,400.000000,4.000000,4.000000,4.000000,0.000000,0.000000,0.000000,0
7,-800.000000,-6400.000000,0.000000,4.000000,4.000000,4.000000,0.000000,0.000000,0.000000,0
7,-800.000000,-6400.000000,400.000000,4.000000,4.000000,4.000000,0.000000,0.000000,0.000000,0
7,-1200.000000,-6400.000000,0.000000,4.000000,4.000000,4.000000,0.000000,0.000000,0.000000,0
7,-1200.000000,-6400.000000,400.000000,4.000000,4.000000,4.000000,0.000000,0.000000,0.000000,0
7,-1600.000000,-6400.000000,0.000000,4.000000,4.000000,4.000000,0.000000,0.000000,0.000000,0
7,-1600.000000,-6400.000000,400.000000,4.000000,4.000000,4.000000,0.000000,0.000000,0.000000,0
7,-2000.000000,-6400.000000,0.000000,4.000000,4.000000,4.000000,0.000000,0.000000,0.000000,0
7,-2000.000000,-6400.000000,400.000000,4.000000,4.000000,4.000000,0.000000,0.000000,0.000000,0
7,-2400.000000,-6400.000000,0.000000,4.000000,4.000000,4.000000,0.000000,0.000000,0.000000,0
7,-2400.000000,-6400.000000,400.000000,4.000000,4.000000,4.000000,0.000000,0.000000,0.000000,0
7,-2800.000000,-6400.000000,0.000000,4.000000,4.000000,4.000000,0.000000,0.000000,0.000000,0
7,-2800.000000,-6400.000000,400.000000,4.000000,4.000000,4.000000,0.000000,0.000000,0.000000,0
7,-3200.000000,-6400.000000,0.000000,4.000000,4.000000,4.000000,0.000000,0.000000,0.000000,0
7,-3200.000000,-6400.000000,400.000000,4.000000,4.000000,4.000000,0.000000,0.000000,0.000000,0
7,-3600.000000,-6400.000000,0.000000,4.000000,4.000000,4.000000,0.000000,0.000000,0.000000,0
7,-3600.000000,-6400.000000,400.000000,4.000000,4.000000,4.000000,0.000000,0.000000,0.000000,0
7,-4000.000000,-6400.000000,0.000000,4.000000,4.000000,4.000000,0.000000,0.000000,0.000000,0
7,-4000.000000,-6400.000000,400.000000,4.000000,4.000000,4.000000,0.000000,0.000000,0.000000,0
7,-4400.000000,-6400.000000,0.000000,4.000000,4.000000,4.000000,0.000000,0.000000,0.000000,0
7,-4400.000000,-6400.000000,400.000000,4.000000,4.000000,4.000000,0.000000,0.000000,0.000000,0
7,-4800.000000,-6400.000000,0.000000,4.000000,4.000000,4.000000,0.000000,0.000000,0.000000,0
7,-4800.000000,-6400.000000,400.000000,4.000000,4.000000,4.000000,0.000000,0.000000,0.000000,0
7,-5200.000000,-6400.000000,0.000000,4.000000,4.000000,4.000000,0.000000,0.000000,0.000000,0
7,-5200.000000,-6400.000000,400.000000,4.000000,4.000000,4.000000,0.000000,0.000000,0.000000,0
7,-5600.000000,-6400.000000,0.000000,4.000000,4.000000,4.000000,0.000000,0.000000,0.000000,0
7,-5600.000000,-6400.000000,400.000000,4.000000,4.000000,4.000000,0.000000,0.000000,0.000000,0
7,-6000.000000,-6400.000000,0.000000,4.000000,4.000000,4.000000,0.000000,0.000000,0.000000,0
7,-6000.000000,-6400.000000,400.000000,4.000000,4.000000,4.000000,0.000000,0.000000,0.000000,0
7,-6400.000000,-6400.000000,0.000000,4.000000,4.000000,4.000000,0.000000,0.000000,0.000000,0
7,-6400.000000,-6400.000000,400.000000,4.000000,4.000000,4.000000,0.000000,0.000000,0.000000,0
0,-400.000000,-2800.000000,0.000000,4.000000,4.000000,4.000000,0.000000,0.000000,0.000000,0
0,-400.000000,-2800.000000,400.000000,4.000000,4.000000,4.000000,0.000000,0.000000,0.000000,0
0,0.000000,-2800.000000,0.000000,4.000000,4.000000,4.000000,0.000000,0.000000,0.000000,0
0,0.000000,-2800.000000,400.000000,4.000000,4.000000,4.000000,0.000000,0.000000,0.000000,0
0,400.000000,-2800.000000,0.000000,4.000000,4.000000,4.000000,0.000000,0.000000,0.000000,0
0,400.000000,-2800.000000,400.000000,4.000000,4.000000,4.000000,0.000000,0.000000,0.000000,0
0,800.000000,-2800.000000,0.000000,4.000000,4.000000,4.000000,0.000000,0.000000,0.000000,0
0,800.000000,-2800.000000,400.000000,4.000000,4.000000,4.000000,0.000000,0.000000,0.000000,0
0,1200.000000,-2800.000000,0.000000,4.000000,4.000000,4.000000,0.000000,0.000000,0.000000,0
0,1200.000000,-2800.000000,400.000000,4.000000,4.000000,4.000000,0.000000,0.000000,0.000000,0
0,1600.000000,-2800.000000,0.000000,4.000000,4.000000,4.000000,0.000000,0.000000,0.000000,0
0,1600.000000,-2800.000000,400.000000,4.000000,4.000000,4.000000,0.000000,0.000000,0.000000,0
0,2000.000000,-2800.000000,0.000000,4.000000,4.000000,4.000000,0.000000,0.000000,0.000000,0
0,2000.000000,-2800.000000,400.000000,4.000000,4.000000,4.000000,0.000000,0.000000,0.000000,0
7,-400.000000,-3200.000000,0.000000,4.000000,4.000000,4.000000,0.000000,0.000000,0.000000,0
7,-400.000000,-3200.000000,400.000000,4.000000,4.000000,4.000000,0.000000,0.000000,0.000000,0
7,-800.000000,-3200.000000,0.000000,4.000000,4.000000,4.000000,0.000000,0.000000,0.000000,0
7,-800.000000,-3200.000000,400.000000,4.000000,4.000000,4.000000,0.000000,0.000000,0.000000,0
7,0.000000,-3200.000000,0.000000,4.000000,4.000000,4.000000,0.000000,0.000000,0.000000,0
7,0.000000,-3200.000000,400.000000,4.000000,4.000000,4.000000,0.000000,0.000000,0.000000,0
7,400.000000,-3200.000000,0.000000,4.000000,4.000000,4.000000,0.000000,0.000000,0.000000,0
7,400.000000,-3200.000000,400.000000,4.000000,4.000000,4.000000,0.000000,0.000000,0.000000,0
7,800.000000,-3200.000000,0.000000,4.000000,4.000000,4.000000,0.000000,0.000000,0.000000,0
7,800.000000,-3200.000000,400.000000,4.000000,4.000000,4.000000,0.000000,0.000000,0.000000,0
7,1200.000000,-3200.000000,0.000000,4.000000,4.000000,4.000000,0.000000,0.000000,0.000000,0
7,1200.000000,-3200.000000,400.000000,4.000000,4.000000,4.000000,0.000000,0.000000,0.000000,0
7,1600.000000,-3200.000000,0.000000,4.000000,4.000000,4.000000,0.000000,0.000000,0.000000,0
7,1600.000000,-3200.000000,400.000000,4.000000,4.000000,4.000000,0.000000,0.000000,0.000000,0
7,2000.000000,-3200.000000,0.000000,4.000000,4.000000,4.000000,0.000000,0.000000,0.000000,0
7,2000.000000,-3200.000000,400.000000,4.000000,4.000000,4.000000,0.000000,0.000000,0.000000,0
7,2400.000000,-3200.000000,0.000000,4.000000,4.000000,4.000000,0.000000,0.000000,0.000000,0
7,2400.000000,-3200.000000,400.000000,4.000000,4.000000,4.000000,0.000000,0.000000,0.000000,0
7,2800.000000,-3200.000000,0.000000,4.000000,4.000000,4.000000,0.000000,0.000000,0.000000,0
7,2800.000000,-3200.000000,400.000000,4.000000,4.000000,4.000000,0.000000,0.000000,0.000000,0
7,3200.000000,-3200.000000,0.000000,4.000000,4.000000,4.000000,0.000000,0.000000,0.000000,0
7,3200.000000,-3200.000000,400.000000,4.000000,4.000000,4.000000,0.000000,0.000000,0.000000,0
7,3600.000000,-3200.000000,0.000000,4.000000,4.000000,4.000000,0.000000,0.000000,0.000000,0
7,3600.000000,-3200.000000,400.000000,4.000000,4.000000,4.000000,0.000000,0.000000,0.000000,0
0,-800.000000,1200.000000,0.000000,4.000000,4.000000,4.000000,0.000000,0.000000,0.000000,0
0,-800.000000,1200.000000,400.000000,4.000000,4.000000,4.000000,0.000000,0.000000,0.000000,0
0,-400.000000,1200.000000,0.000000,4.000000,4.000000,4.000000,0.000000,0.000000,0.000000,0
0,-400.000000,1200.000000,400.000000,4.000000,4.000000,4.000000,0.000000,0.000000,0.000000,0
0,0.000000,1200.000000,0.000000,4.000000,4.000000,4.000000,0.000000,0.000000,0.000000,0
0,0.000000,1200.000000,400.000000,4.000000,4.000000,4.000000,0.000000,0.000000,0.000000,0
0,400.000000,1200.000000,0.000000,4.000000,4.000000,4.000000,0.000000,0.000000,0.000000,0
0,400.000000,1200.000000,400.000000,4.000000,4.000000,4.000000,0.000000,0.000000,0.000000,0
0,800.000000,1200.000000,0.000000,4.000000,4.000000,4.000000,0.000000,0.000000,0.000000,0
0,800.000000,1200.000000,400.000000,4.000000,4.000000,4.000000,0.000000,0.000000,0.000000,0
0,1200.000000,1200.000000,0.000000,4.000000,4.000000,4.000000,0.000000,0.000000,0.000000,0
0,1200.000000,1200.000000,400.000000,4.000000,4.000000,4.000000,0.000000,0.000000,0.000000,0
0,1600.000000,1200.000000,0.000000,4.000000,4.000000,4.000000,0.000000,0.000000,0.000000,0
0,1600.000000,1200.000000,400.000000,4.000000,4.000000,4.000000,0.000000,0.000000,0.000000,0
0,2000.000000,1200.000000,0.000000,4.000000,4.000000,4.000000,0.000000,0.000000,0.000000,0
0,2000.000000,1200.000000,400.000000,4.000000,4.000000,4.000000,0.000000,0.000000,0.000000,0
0,2400.000000,1200.000000,0.000000,4.000000,4.000000,4.000000,0.000000,0.000000,0.000000,0
0,2400.000000,1200.000000,400.000000,4.000000,4.000000,4.000000,0.000000,0.000000,0.000000,0
0,2800.000000,1200.000000,0.000000,4.000000,4.000000,4.000000,0.000000,0.000000,0.000000,0
0,2800.000000,1200.000000,400.000000,4.000000,4.000000,4.000000,0.000000,0.000000,0.000000,0
0,3200.000000,1200.000000,0.000000,4.000000,4.000000,4.000000,0.000000,0.000000,0.000000,0
0,3200.000000,1200.000000,400.000000,4.000000,4.000000,4.000000,0.000000,0.000000,0.000000,0
0,-400.000000,-800.000000,0.000000,4.000000,4.000000,4.000000,0.000000,0.000000,0.000000,0
0,-400.000000,-800.000000,400.000000,4.000000,4.000000,4.000000,0.000000,0.000000,0.000000,0
0,0.000000,-800.000000,0.000000,4.000000,4.000000,4.000000,0.000000,0.000000,0.000000,0
0,0.000000,-800.000000,400.000000,4.000000,4.000000,4.000000,0.000000,0.000000,0.000000,0
0,400.000000,-800.000000,0.000000,4.000000,4.000000,4.000000,0.000000,0.000000,0.000000,0
0,400.000000,-800.000000,400.000000,4.000000,4.000000,4.000000,0.000000,0.000000,0.000000,0
7,-800.000000,-400.000000,0.000000,4.000000,4.000000,4.000000,0.000000,0.000000,0.000000,0
7,-800.000000,-400.000000,400.000000,4.000000,4.000000,4.000000,0.000000,0.000000,0.000000,0
7,-400.000000,-400.000000,0.000000,4.000000,4.000000,4.000000,0.000000,0.000000,0.000000,0
7,-400.000000,-400.000000,400.000000,4.000000,4.000000,4.000000,0.000000,0.000000,0.000000,0
7,0.000000,-400.000000,0.000000,4.000000,4.000000,4.000000,0.000000,0.000000,0.000000,0
7,0.000000,-400.000000,400.000000,4.000000,4.000000,4.000000,0.000000,0.000000,0.000000,0
7,400.000000,-400.000000,0.000000,4.000000,4.000000,4.000000,0.000000,0.000000,0.000000,0
7,400.000000,-400.000000,400.000000,4.000000,4.000000,4.000000,0.000000,0.000000,0.000000,0
0,2000.000000,-800.000000,0.000000,4.000000,4.000000,4.000000,0.000000,0.000000,0.000000,0
0,2000.000000,-800.000000,400.000000,4.000000,4.000000,4.000000,0.000000,0.000000,0.000000,0
0,2400.000000,-800.000000,0.000000,4.000000,4.000000,4.000000,0.000000,0.000000,0.000000,0
0,2400.000000,-800.000000,400.000000,4.000000,4.000000,4.000000,0.000000,0.000000,0.000000,0
0,2800.000000,-800.000000,0.000000,4.000000,4.000000,4.000000,0.000000,0.000000,0.000000,0
0,2800.000000,-800.000000,400.000000,4.000000,4.000000,4.000000,0.000000,0.000000,0.000000,0
0,3200.000000,-800.000000,0.000000,4.000000,4.000000,4.000000,0.000000,0.000000,0.000000,0
0,3200.000000,-800.000000,400.000000,4.000000,4.000000,4.000000,0.000000,0.000000,0.000000,0
7,2000.000000,-400.000000,0.000000,4.000000,4.000000,4.000000,0.000000,0.000000,0.000000,0
7,2000.000000,-400.000000,400.000000,4.000000,4.000000,4.000000,0.000000,0.000000,0.000000,0
7,2400.000000,-400.000000,0.000000,4.000000,4.000000,4.000000,0.000000,0.000000,0.000000,0
7,2400.000000,-400.000000,400.000000,4.000000,4.000000,4.000000,0.000000,0.000000,0.000000,0
7,2800.000000,-400.000000,0.000000,4.000000,4.000000,4.000000,0.000000,0.000000,0.000000,0
7,2800.000000,-400.000000,400.000000,4.000000,4.000000,4.000000,0.000000,0.000000,0.000000,0
7,3200.000000,-400.000000,0.000000,4.000000,4.000000,4.000000,0.000000,0.000000,0.000000,0
7,3200.000000,-400.000000,400.000000,4.000000,4.000000,4.000000,0.000000,0.000000,0.000000,0
0,0.000000,2000.000000,0.000000,4.000000,4.000000,4.000000,0.000000,0.000000,0.000000,0
0,-400.000000,2000.000000,0.000000,4.000000,4.000000,4.000000,0.000000,0.000000,0.000000,0
7,-4000.000000,6400.000000,0.000000,4.000000,4.000000,4.000000,0.000000,0.000000,0.000000,0
3,4400.000000,-2800.000000,0.000000,4.000000,4.000000,4.000000,0.000000,0.000000,0.000000,0
3,15600.000000,400.000000,0.000000,4.000000,4.000000,4.000000,0.000000,0.000000,0.000000,0
3,2800.000000,2800.000000,0.000000,4.000000,4.000000,4.000000,0.000000,0.000000,0.000000,0
8,-8400.000000,4800.000000,0.000000,4.000000,4.000000,4.000000,0.000000,0.000000,0.000000,0
