0,-3600.000000,-3200.000000,0.000000,4.000000,4.000000,4.000000,0.000000,0.000000,0.000000,0
0,-3200.000000,-3200.000000,0.000000,4.000000,4.000000,4.000000,0.000000,0.000000,0.000000,0
0,-2800.000000,-3200.000000,0.000000,4.000000,4.000000,4.000000,0.000000,0.000000,0.000000,0
0,-2400.000000,-3200.000000,0.000000,4.000000,4.000000,4.000000,0.000000,0.000000,0.000000,0
0,-2000.000000,-3200.000000,0.000000,4.000000,4.000000,4.000000,0.000000,0.000000,0.000000,0
0,-1600.000000,-3200.000000,0.000000,4.000000,4.000000,4.000000,0.000000,0.000000,0.000000,0
0,-1200.000000,-3200.000000,0.000000,4.000000,4.000000,4.000000,0.000000,0.000000,0.000000,0
0,-800.000000,-3200.000000,0.000000,4.000000,4.000000,4.000000,0.000000,0.000000,0.000000,0
0,-400.000000,-3200.000000,0.000000,4.000000,4.000000,4.000000,0.000000,0.000000,0.000000,0
0,0.000000,-3200.000000,0.000000,4.000000,4.000000,4.000000,0.000000,0.000000,0.000000,0
0,-4000.000000,-3200.000000,0.000000,4.000000,4.000000,4.000000,0.000000,0.000000,0.000000,0
0,-4400.000000,-3200.000000,0.000000,4.000000,4.000000,4.000000,0.000000,0.000000,0.000000,0
0,-4800.000000,-3200.000000,0.000000,4.000000,4.000000,4.000000,0.000000,0.000000,0.000000,0
0,-4800.000000,-2800.000000,0.000000,4.000000,4.000000,4.000000,0.000000,0.000000,0.000000,0
0,-4800.000000,-2400.000000,0.000000,4.000000,4.000000,4.000000,0.000000,0.000000,0.000000,0
0,-4800.000000,-2000.000000,0.000000,4.000000,4.000000,4.000000,0.000000,0.000000,0.000000,0
0,-4800.000000,-1600.000000,0.000000,4.000000,4.000000,4.000000,0.000000,0.000000,0.000000,0
0,-4800.000000,-1200.000000,0.000000,4.000000,4.000000,4.000000,0.000000,0.000000,0.000000,0
0,-4800.000000,-800.000000,0.000000,4.000000,4.000000,4.000000,0.000000,0.000000,0.000000,0
0,-4800.000000,-400.000000,0.000000,4.000000,4.000000,4.000000,0.000000,0.000000,0.000000,0
0,-4400.000000,-400.000000,0.000000,4.000000,4.000000,4.000000,0.000000,0.000000,0.000000,0
0,-4000.000000,-400.000000,0.000000,4.000000,4.000000,4.000000,0.000000,0.000000,0.000000,0
0,-3600.000000,-400.000000,0.000000,4.000000,4.000000,4.000000,0.000000,0.000000,0.000000,0
0,-3200.000000,-400.000000,0.000000,4.000000,4.000000,4.000000,0.000000,0.000000,0.000000,0
0,-2800.000000,-400.000000,0.000000,4.000000,4.000000,4.000000,0.000000,0.000000,0.000000,0
0,-2400.000000,-400.000000,0.000000,4.000000,4.000000,4.000000,0.000000,0.000000,0.000000,0
0,-2000.000000,-400.000000,0.000000,4.000000,4.000000,4.000000,0.000000,0.000000,0.000000,0
0,-1600.000000,-400.000000,0.000000,4.000000,4.000000,4.000000,0.000000,0.000000,0.000000,0
0,-1200.000000,-400.000000,0.000000,4.000000,4.000000,4.000000,0.000000,0.000000,0.000000,0
0,-800.000000,-400.000000,0.000000,4.000000,4.000000,4.000000,0.000000,0.000000,0.000000,0
0,-400.000000,-400.000000,0.000000,4.000000,4.000000,4.000000,0.000000,0.000000,0.000000,0
0,0.000000,-400.000000,0.000000,4.000000,4.000000,4.000000,0.000000,0.000000,0.000000,0
0,400.000000,-400.000000,0.000000,4.000000,4.000000,4.000000,0.000000,0.000000,0.000000,0
0,800.000000,-400.000000,0.000000,4.000000,4.000000,4.000000,0.000000,0.000000,0.000000,0
0,1200.000000,-400.000000,0.000000,4.000000,4.000000,4.000000,0.000000,0.000000,0.000000,0
0,400.000000,-3200.000000,0.000000,4.000000,4.000000,4.000000,0.000000,0.000000,0.000000,0
0,800.000000,-3200.000000,0.000000,4.000000,4.000000,4.000000,0.000000,0.000000,0.000000,0
0,1200.000000,-3200.000000,0.000000,4.000000,4.000000,4.000000,0.000000,0.000000,0.000000,0
0,1600.000000,-3200.000000,0.000000,4.000000,4.000000,4.000000,0.000000,0.000000,0.000000,0
0,2000.000000,-3200.000000,0.000000,4.000000,4.000000,4.000000,0.000000,0.000000,0.000000,0
0,2400.000000,-3200.000000,0.000000,4.000000,4.000000,4.000000,0.000000,0.000000,0.000000,0
0,2800.000000,-3200.000000,0.000000,4.000000,4.000000,4.000000,0.000000,0.000000,0.000000,0
0,3200.000000,-3200.000000,0.000000,4.000000,4.000000,4.000000,0.000000,0.000000,0.000000,0
0,1600.000000,-400.000000,0.000000,4.000000,4.000000,4.000000,0.000000,0.000000,0.000000,0
0,2000.000000,-400.000000,0.000000,4.000000,4.000000,4.000000,0.000000,0.000000,0.000000,0
0,2400.000000,-400.000000,0.000000,4.000000,4.000000,4.000000,0.000000,0.000000,0.000000,0
0,2800.000000,-400.000000,0.000000,4.000000,4.000000,4.000000,0.000000,0.000000,0.000000,0
0,3200.000000,-400.000000,0.000000,4.000000,4.000000,4.000000,0.000000,0.000000,0.000000,0
0,3600.000000,-400.000000,0.000000,4.000000,4.000000,4.000000,0.000000,0.000000,0.000000,0
0,3600.000000,-3200.000000,0.000000,4.000000,4.000000,4.000000,0.000000,0.000000,0.000000,0
0,4000.000000,-400.000000,0.000000,4.000000,4.000000,4.000000,0.000000,0.000000,0.000000,0
0,4400.000000,-400.000000,0.000000,4.000000,4.000000,4.000000,0.000000,0.000000,0.000000,0
0,4000.000000,-3200.000000,0.000000,4.000000,4.000000,4.000000,0.000000,0.000000,0.000000,0
0,4400.000000,-3200.000000,0.000000,4.000000,4.000000,4.000000,0.000000,0.000000,0.000000,0
0,4800.000000,-3200.000000,0.000000,4.000000,4.000000,4.000000,0.000000,0.000000,0.000000,0
0,5200.000000,-3200.000000,0.000000,4.000000,4.000000,4.000000,0.000000,0.000000,0.000000,0
0,5600.000000,-3200.000000,0.000000,4.000000,4.000000,4.000000,0.000000,0.000000,0.000000,0
0,6000.000000,-3200.000000,0.000000,4.000000,4.000000,4.000000,0.000000,0.000000,0.000000,0
0,4800.000000,-400.000000,0.000000,4.000000,4.000000,4.000000,0.000000,0.000000,0.000000,0
0,5200.000000,-400.000000,0.000000,4.000000,4.000000,4.000000,0.000000,0.000000,0.000000,0
0,6400.000000,-3200.000000,0.000000,4.000000,4.000000,4.000000,0.000000,0.000000,0.000000,0
0,6800.000000,-3200.000000,0.000000,4.000000,4.000000,4.000000,0.000000,0.000000,0.000000,0
0,7200.000000,-3200.000000,0.000000,4.000000,4.000000,4.000000,0.000000,0.000000,0.000000,0
0,7600.000000,-3200.000000,0.000000,4.000000,4.000000,4.000000,0.000000,0.000000,0.000000,0
0,8000.000000,-3200.000000,0.000000,4.000000,4.000000,4.000000,0.000000,0.000000,0.000000,0
0,5600.000000,-400.000000,0.000000,4.000000,4.000000,4.000000,0.000000,0.000000,0.000000,0
0,6000.000000,-400.000000,0.000000,4.000000,4.000000,4.000000,0.000000,0.000000,0.000000,0
0,6400.000000,-400.000000,0.000000,4.000000,4.000000,4.000000,0.000000,0.000000,0.000000,0
0,6800.000000,-400.000000,0.000000,4.000000,4.000000,4.000000,0.000000,0.000000,0.000000,0
0,7200.000000,-400.000000,0.000000,4.000000,4.000000,4.000000,0.000000,0.000000,0.000000,0
0,7600.000000,-400.000000,0.000000,4.000000,4.000000,4.000000,0.000000,0.000000,0.000000,0
8,4000.000000,0.000000,0.000000,4.000000,4.000000,4.000000,0.000000,0.000000,0.000000,0
8,4400.000000,0.000000,0.000000,4.000000,4.000000,4.000000,0.000000,0.000000,0.000000,0
8,4800.000000,0.000000,0.000000,4.000000,4.000000,4.000000,0.000000,0.000000,0.000000,0
8,5200.000000,0.000000,0.000000,4.000000,4.000000,4.000000,0.000000,0.000000,0.000000,0
8,5600.000000,0.000000,0.000000,4.000000,4.000000,4.000000,0.000000,0.000000,0.000000,0
8,6000.000000,0.000000,0.000000,4.000000,4.000000,4.000000,0.000000,0.000000,0.000000,0
8,6400.000000,0.000000,0.000000,4.000000,4.000000,4.000000,0.000000,0.000000,0.000000,0
8,6800.000000,0.000000,0.000000,4.000000,4.000000,4.000000,0.000000,0.000000,0.000000,0
8,7200.000000,0.000000,0.000000,4.000000,4.000000,4.000000,0.000000,0.000000,0.000000,0
8,7600.000000,0.000000,0.000000,4.000000,4.000000,4.000000,0.000000,0.000000,0.000000,0
8,8000.000000,0.000000,0.000000,4.000000,4.000000,4.000000,0.000000,0.000000,0.000000,0
8,8400.000000,0.000000,0.000000,4.000000,4.000000,4.000000,0.000000,0.000000,0.000000,0
8,3600.000000,0.000000,0.000000,4.000000,4.000000,4.000000,0.000000,0.000000,0.000000,0
8,3600.000000,400.000000,0.000000,4.000000,4.000000,4.000000,0.000000,0.000000,0.000000,0
8,3600.000000,800.000000,0.000000,4.000000,4.000000,4.000000,0.000000,0.000000,0.000000,0
8,3600.000000,1200.000000,0.000000,4.000000,4.000000,4.000000,0.000000,0.000000,0.000000,0
8,3600.000000,1600.000000,0.000000,4.000000,4.000000,4.000000,0.000000,0.000000,0.000000,0
8,3600.000000,2000.000000,0.000000,4.000000,4.000000,4.000000,0.000000,0.000000,0.000000,0
8,4000.000000,2000.000000,0.000000,4.000000,4.000000,4.000000,0.000000,0.000000,0.000000,0
8,4400.000000,2000.000000,0.000000,4.000000,4.000000,4.000000,0.000000,0.000000,0.000000,0
8,4800.000000,2000.000000,0.000000,4.000000,4.000000,4.000000,0.000000,0.000000,0.000000,0
8,5200.000000,2000.000000,0.000000,4.000000,4.000000,4.000000,0.000000,0.000000,0.000000,0
8,5600.000000,2000.000000,0.000000,4.000000,4.000000,4.000000,0.000000,0.000000,0.000000,0
8,6000.000000,2000.000000,0.000000,4.000000,4.000000,4.000000,0.000000,0.000000,0.000000,0
8,6400.000000,2000.000000,0.000000,4.000000,4.000000,4.000000,0.000000,0.000000,0.000000,0
8,6800.000000,2000.000000,0.000000,4.000000,4.000000,4.000000,0.000000,0.000000,0.000000,0
8,7200.000000,2000.000000,0.000000,4.000000,4.000000,4.000000,0.000000,0.000000,0.000000,0
8,7600.000000,2000.000000,0.000000,4.000000,4.000000,4.000000,0.000000,0.000000,0.000000,0
8,8000.000000,2000.000000,0.000000,4.000000,4.000000,4.000000,0.000000,0.000000,0.000000,0
8,8400.000000,2000.000000,0.000000,4.000000,4.000000,4.000000,0.000000,0.000000,0.000000,0
8,8800.000000,2000.000000,0.000000,4.000000,4.000000,4.000000,0.000000,0.000000,0.000000,0
8,9200.000000,2000.000000,0.000000,4.000000,4.000000,4.000000,0.000000,0.000000,0.000000,0
8,9600.000000,2000.000000,0.000000,4.000000,4.000000,4.000000,0.000000,0.000000,0.000000,0
8,10000.000000,2000.000000,0.000000,4.000000,4.000000,4.000000,0.000000,0.000000,0.000000,0
8,10400.000000,2000.000000,0.000000,4.000000,4.000000,4.000000,0.000000,0.000000,0.000000,0
8,10800.000000,2000.000000,0.000000,4.000000,4.000000,4.000000,0.000000,0.000000,0.000000,0
8,11200.000000,2000.000000,0.000000,4.000000,4.000000,4.000000,0.000000,0.000000,0.000000,0
8,11600.000000,2000.000000,0.000000,4.000000,4.000000,4.000000,0.000000,0.000000,0.000000,0
8,12000.000000,2000.000000,0.000000,4.000000,4.000000,4.000000,0.000000,0.000000,0.000000,0
8,8800.000000,0.000000,0.000000,4.000000,4.000000,4.000000,0.000000,0.000000,0.000000,0
8,9200.000000,0.000000,0.000000,4.000000,4.000000,4.000000,0.000000,0.000000,0.000000,0
8,9600.000000,0.000000,0.000000,4.000000,4.000000,4.000000,0.000000,0.000000,0.000000,0
8,10000.000000,0.000000,0.000000,4.000000,4.000000,4.000000,0.000000,0.000000,0.000000,0
8,10400.000000,0.000000,0.000000,4.000000,4.000000,4.000000,0.000000,0.000000,0.000000,0
8,10800.000000,0.000000,0.000000,4.000000,4.000000,4.000000,0.000000,0.000000,0.000000,0
8,11200.000000,0.000000,0.000000,4.000000,4.000000,4.000000,0.000000,0.000000,0.000000,0
8,11600.000000,0.000000,0.000000,4.000000,4.000000,4.000000,0.000000,0.000000,0.000000,0
8,12000.000000,0.000000,0.000000,4.000000,4.000000,4.000000,0.000000,0.000000,0.000000,0
8,12400.000000,0.000000,0.000000,4.000000,4.000000,4.000000,0.000000,0.000000,0.000000,0
8,12800.000000,0.000000,0.000000,4.000000,4.000000,4.000000,0.000000,0.000000,0.000000,0
8,13200.000000,0.000000,0.000000,4.000000,4.000000,4.000000,0.000000,0.000000,0.000000,0
8,13600.000000,0.000000,0.000000,4.000000,4.000000,4.000000,0.000000,0.000000,0.000000,0
8,13600.000000,-400.000000,0.000000,4.000000,4.000000,4.000000,0.000000,0.000000,0.000000,0
8,13600.000000,-800.000000,0.000000,4.000000,4.000000,4.000000,0.000000,0.000000,0.000000,0
8,13600.000000,-1200.000000,0.000000,4.000000,4.000000,4.000000,0.000000,0.000000,0.000000,0
8,13600.000000,-1600.000000,0.000000,4.000000,4.000000,4.000000,0.000000,0.000000,0.000000,0
8,13600.000000,-2000.000000,0.000000,4.000000,4.000000,4.000000,0.000000,0.000000,0.000000,0
8,13600.000000,-2400.000000,0.000000,4.000000,4.000000,4.000000,0.000000,0.000000,0.000000,0
8,13600.000000,-2800.000000,0.000000,4.000000,4.000000,4.000000,0.000000,0.000000,0.000000,0
8,12400.000000,2000.000000,0.000000,4.000000,4.000000,4.000000,0.000000,0.000000,0.000000,0
8,12800.000000,2000.000000,0.000000,4.000000,4.000000,4.000000,0.000000,0.000000,0.000000,0
8,13200.000000,2000.000000,0.000000,4.000000,4.000000,4.000000,0.000000,0.000000,0.000000,0
8,13600.000000,2000.000000,0.000000,4.000000,4.000000,4.000000,0.000000,0.000000,0.000000,0
8,14000.000000,2000.000000,0.000000,4.000000,4.000000,4.000000,0.000000,0.000000,0.000000,0
8,14400.000000,2000.000000,0.000000,4.000000,4.000000,4.000000,0.000000,0.000000,0.000000,0
8,14800.000000,2000.000000,0.000000,4.000000,4.000000,4.000000,0.000000,0.000000,0.000000,0
8,15200.000000,2000.000000,0.000000,4.000000,4.000000,4.000000,0.000000,0.000000,0.000000,0
8,15600.000000,2000.000000,0.000000,4.000000,4.000000,4.000000,0.000000,0.000000,0.000000,0
8,16000.000000,2000.000000,0.000000,4.000000,4.000000,4.000000,0.000000,0.000000,0.000000,0
8,16400.000000,2000.000000,0.000000,4.000000,4.000000,4.000000,0.000000,0.000000,0.000000,0
8,16800.000000,2000.000000,0.000000,4.000000,4.000000,4.000000,0.000000,0.000000,0.000000,0
8,16800.000000,1600.000000,0.000000,4.000000,4.000000,4.000000,0.000000,0.000000,0.000000,0
8,16800.000000,1200.000000,0.000000,4.000000,4.000000,4.000000,0.000000,0.000000,0.000000,0
8,16800.000000,800.000000,0.000000,4.000000,4.000000,4.000000,0.000000,0.000000,0.000000,0
8,16800.000000,400.000000,0.000000,4.000000,4.000000,4.000000,0.000000,0.000000,0.000000,0
8,16800.000000,0.000000,0.000000,4.000000,4.000000,4.000000,0.000000,0.000000,0.000000,0
8,16800.000000,-400.000000,0.000000,4.000000,4.000000,4.000000,0.000000,0.000000,0.000000,0
8,16800.000000,-800.000000,0.000000,4.000000,4.000000,4.000000,0.000000,0.000000,0.000000,0
8,16800.000000,-1200.000000,0.000000,4.000000,4.000000,4.000000,0.000000,0.000000,0.000000,0
8,16800.000000,-1600.000000,0.000000,4.000000,4.000000,4.000000,0.000000,0.000000,0.000000,0
8,16800.000000,-2000.000000,0.000000,4.000000,4.000000,4.000000,0.000000,0.000000,0.000000,0
8,16800.000000,-2400.000000,0.000000,4.000000,4.000000,4.000000,0.000000,0.000000,0.000000,0
0,8000.000000,-400.000000,0.000000,4.000000,4.000000,4.000000,0.000000,0.000000,0.000000,0
0,8400.000000,-400.000000,0.000000,4.000000,4.000000,4.000000,0.000000,0.000000,0.000000,0
0,8800.000000,-400.000000,0.000000,4.000000,4.000000,4.000000,0.000000,0.000000,0.000000,0
0,9200.000000,-400.000000,0.000000,4.000000,4.000000,4.000000,0.000000,0.000000,0.000000,0
0,9600.000000,-400.000000,0.000000,4.000000,4.000000,4.000000,0.000000,0.000000,0.000000,0
0,10000.000000,-400.000000,0.000000,4.000000,4.000000,4.000000,0.000000,0.000000,0.000000,0
0,10400.000000,-400.000000,0.000000,4.000000,4.000000,4.000000,0.000000,0.000000,0.000000,0
0,10800.000000,-400.000000,0.000000,4.000000,4.000000,4.000000,0.000000,0.000000,0.000000,0
0,11200.000000,-400.000000,0.000000,4.000000,4.000000,4.000000,0.000000,0.000000,0.000000,0
0,11600.000000,-400.000000,0.000000,4.000000,4.000000,4.000000,0.000000,0.000000,0.000000,0
0,12000.000000,-400.000000,0.000000,4.000000,4.000000,4.000000,0.000000,0.000000,0.000000,0
0,12400.000000,-400.000000,0.000000,4.000000,4.000000,4.000000,0.000000,0.000000,0.000000,0
0,12800.000000,-400.000000,0.000000,4.000000,4.000000,4.000000,0.000000,0.000000,0.000000,0
0,13200.000000,-400.000000,0.000000,4.000000,4.000000,4.000000,0.000000,0.000000,0.000000,0
0,8400.000000,-3200.000000,0.000000,4.000000,4.000000,4.000000,0.000000,0.000000,0.000000,0
0,8800.000000,-3200.000000,0.000000,4.000000,4.000000,4.000000,0.000000,0.000000,0.000000,0
0,9200.000000,-3200.000000,0.000000,4.000000,4.000000,4.000000,0.000000,0.000000,0.000000,0
0,9600.000000,-3200.000000,0.000000,4.000000,4.000000,4.000000,0.000000,0.000000,0.000000,0
0,10000.000000,-3200.000000,0.000000,4.000000,4.000000,4.000000,0.000000,0.000000,0.000000,0
0,10400.000000,-3200.000000,0.000000,4.000000,4.000000,4.000000,0.000000,0.000000,0.000000,0
0,10800.000000,-3200.000000,0.000000,4.000000,4.000000,4.000000,0.000000,0.000000,0.000000,0
0,11200.000000,-3200.000000,0.000000,4.000000,4.000000,4.000000,0.000000,0.000000,0.000000,0
0,11600.000000,-3200.000000,0.000000,4.000000,4.000000,4.000000,0.000000,0.000000,0.000000,0
0,12000.000000,-3200.000000,0.000000,4.000000,4.000000,4.000000,0.000000,0.000000,0.000000,0
0,12400.000000,-3200.000000,0.000000,4.000000,4.000000,4.000000,0.000000,0.000000,0.000000,0
0,12800.000000,-3200.000000,0.000000,4.000000,4.000000,4.000000,0.000000,0.000000,0.000000,0
6,8000.000000,0.000000,-400.000000,104.000000,4.000000,4.000000,0.000000,0.000000,0.000000,0
6,10000.000000,2000.000000,-400.000000,124.000000,4.000000,4.000000,0.000000,0.000000,0.000000,0
6,3600.000000,1200.000000,-400.000000,4.000000,19.000000,4.000000,0.000000,0.000000,0.000000,0
8,16800.000000,-3200.000000,0.000000,4.000000,4.000000,4.000000,0.000000,0.000000,0.000000,0
0,14000.000000,-5200.000000,0.000000,4.000000,4.000000,4.000000,0.000000,0.000000,0.000000,0
0,14400.000000,-5200.000000,0.000000,4.000000,4.000000,4.000000,0.000000,0.000000,0.000000,0
0,14800.000000,-5200.000000,0.000000,4.000000,4.000000,4.000000,0.000000,0.000000,0.000000,0
0,15200.000000,-5200.000000,0.000000,4.000000,4.000000,4.000000,0.000000,0.000000,0.000000,0
0,15600.000000,-5200.000000,0.000000,4.000000,4.000000,4.000000,0.000000,0.000000,0.000000,0
0,16000.000000,-5200.000000,0.000000,4.000000,4.000000,4.000000,0.000000,0.000000,0.000000,0
0,16400.000000,-5200.000000,0.000000,4.000000,4.000000,4.000000,0.000000,0.000000,0.000000,0
0,17600.000000,-3600.000000,0.000000,4.000000,4.000000,4.000000,0.000000,0.000000,0.000000,0
0,18000.000000,-3600.000000,0.000000,4.000000,4.000000,4.000000,0.000000,0.000000,0.000000,0
0,18400.000000,-3600.000000,0.000000,4.000000,4.000000,4.000000,0.000000,0.000000,0.000000,0
0,18800.000000,-3600.000000,0.000000,4.000000,4.000000,4.000000,0.000000,0.000000,0.000000,0
0,19200.000000,-3600.000000,0.000000,4.000000,4.000000,4.000000,0.000000,0.000000,0.000000,0
7,14000.000000,-4800.000000,0.000000,4.000000,4.000000,4.000000,0.000000,0.000000,0.000000,0
7,14400.000000,-4800.000000,0.000000,4.000000,4.000000,4.000000,0.000000,0.000000,0.000000,0
7,14800.000000,-4800.000000,0.000000,4.000000,4.000000,4.000000,0.000000,0.000000,0.000000,0
7,15200.000000,-4800.000000,0.000000,4.000000,4.000000,4.000000,0.000000,0.000000,0.000000,0
7,15600.000000,-4800.000000,0.000000,4.000000,4.000000,4.000000,0.000000,0.000000,0.000000,0
7,16000.000000,-4800.000000,0.000000,4.000000,4.000000,4.000000,0.000000,0.000000,0.000000,0
7,16400.000000,-4800.000000,0.000000,4.000000,4.000000,4.000000,0.000000,0.000000,0.000000,0
16,15200.000000,-2800.000000,0.000000,44.000000,44.000000,4.000000,0.000000,0.000000,0.000000,0,1
0,17200.000000,-400.000000,0.000000,4.000000,4.000000,4.000000,0.000000,0.000000,0.000000,0
0,17200.000000,0.000000,0.000000,4.000000,4.000000,4.000000,0.000000,0.000000,0.000000,0
0,17200.000000,400.000000,0.000000,4.000000,4.000000,4.000000,0.000000,0.000000,0.000000,0
0,17200.000000,800.000000,0.000000,4.000000,4.000000,4.000000,0.000000,0.000000,0.000000,0
0,17200.000000,1200.000000,0.000000,4.000000,4.000000,4.000000,0.000000,0.000000,0.000000,0
0,17200.000000,1600.000000,0.000000,4.000000,4.000000,4.000000,0.000000,0.000000,0.000000,0
0,17200.000000,2000.000000,0.000000,4.000000,4.000000,4.000000,0.000000,0.000000,0.000000,0
0,17200.000000,2400.000000,0.000000,4.000000,4.000000,4.000000,0.000000,0.000000,0.000000,0
0,16800.000000,2400.000000,0.000000,4.000000,4.000000,4.000000,0.000000,0.000000,0.000000,0
0,16400.000000,2400.000000,0.000000,4.000000,4.000000,4.000000,0.000000,0.000000,0.000000,0
0,16000.000000,2400.000000,0.000000,4.000000,4.000000,4.000000,0.000000,0.000000,0.000000,0
0,15600.000000,2400.000000,0.000000,4.000000,4.000000,4.000000,0.000000,0.000000,0.000000,0
0,15200.000000,2400.000000,0.000000,4.000000,4.000000,4.000000,0.000000,0.000000,0.000000,0
0,14800.000000,2400.000000,0.000000,4.000000,4.000000,4.000000,0.000000,0.000000,0.000000,0
0,14400.000000,2400.000000,0.000000,4.000000,4.000000,4.000000,0.000000,0.000000,0.000000,0
0,14000.000000,2400.000000,0.000000,4.000000,4.000000,4.000000,0.000000,0.000000,0.000000,0
0,13600.000000,2400.000000,0.000000,4.000000,4.000000,4.000000,0.000000,0.000000,0.000000,0
0,13200.000000,2400.000000,0.000000,4.000000,4.000000,4.000000,0.000000,0.000000,0.000000,0
0,12800.000000,2400.000000,0.000000,4.000000,4.000000,4.000000,0.000000,0.000000,0.000000,0
0,12400.000000,2400.000000,0.000000,4.000000,4.000000,4.000000,0.000000,0.000000,0.000000,0
0,12000.000000,2400.000000,0.000000,4.000000,4.000000,4.000000,0.000000,0.000000,0.000000,0
0,11600.000000,2400.000000,0.000000,4.000000,4.000000,4.000000,0.000000,0.000000,0.000000,0
0,11200.000000,2400.000000,0.000000,4.000000,4.000000,4.000000,0.000000,0.000000,0.000000,0
0,10800.000000,2400.000000,0.000000,4.000000,4.000000,4.000000,0.000000,0.000000,0.000000,0
0,10400.000000,2400.000000,0.000000,4.000000,4.000000,4.000000,0.000000,0.000000,0.000000,0
0,10000.000000,2400.000000,0.000000,4.000000,4.000000,4.000000,0.000000,0.000000,0.000000,0
0,9600.000000,2400.000000,0.000000,4.000000,4.000000,4.000000,0.000000,0.000000,0.000000,0
0,9200.000000,2400.000000,0.000000,4.000000,4.000000,4.000000,0.000000,0.000000,0.000000,0
0,8800.000000,2400.000000,0.000000,4.000000,4.000000,4.000000,0.000000,0.000000,0.000000,0
0,8400.000000,2400.000000,0.000000,4.000000,4.000000,4.000000,0.000000,0.000000,0.000000,0
0,8000.000000,2400.000000,0.000000,4.000000,4.000000,4.000000,0.000000,0.000000,0.000000,0
0,7600.000000,2400.000000,0.000000,4.000000,4.000000,4.000000,0.000000,0.000000,0.000000,0
0,7200.000000,2400.000000,0.000000,4.000000,4.000000,4.000000,0.000000,0.000000,0.000000,0
0,6800.000000,2400.000000,0.000000,4.000000,4.000000,4.000000,0.000000,0.000000,0.000000,0
0,6400.000000,2400.000000,0.000000,4.000000,4.000000,4.000000,0.000000,0.000000,0.000000,0
0,6000.000000,2400.000000,0.000000,4.000000,4.000000,4.000000,0.000000,0.000000,0.000000,0
0,5600.000000,2400.000000,0.000000,4.000000,4.000000,4.000000,0.000000,0.000000,0.000000,0
0,5200.000000,2400.000000,0.000000,4.000000,4.000000,4.000000,0.000000,0.000000,0.000000,0
0,4800.000000,2400.000000,0.000000,4.000000,4.000000,4.000000,0.000000,0.000000,0.000000,0
0,4400.000000,2400.000000,0.000000,4.000000,4.000000,4.000000,0.000000,0.000000,0.000000,0
0,4000.000000,2400.000000,0.000000,4.000000,4.000000,4.000000,0.000000,0.000000,0.000000,0
0,3600.000000,2400.000000,0.000000,4.000000,4.000000,4.000000,0.000000,0.000000,0.000000,0
0,3200.000000,2400.000000,0.000000,4.000000,4.000000,4.000000,0.000000,0.000000,0.000000,0
0,2800.000000,2400.000000,0.000000,4.000000,4.000000,4.000000,0.000000,0.000000,0.000000,0
0,2800.000000,2000.000000,0.000000,4.000000,4.000000,4.000000,0.000000,0.000000,0.000000,0
0,2800.000000,1600.000000,0.000000,4.000000,4.000000,4.000000,0.000000,0.000000,0.000000,0
0,2800.000000,1200.000000,0.000000,4.000000,4.000000,4.000000,0.000000,0.000000,0.000000,0
0,2800.000000,800.000000,0.000000,4.000000,4.000000,4.000000,0.000000,0.000000,0.000000,0
0,2800.000000,400.000000,0.000000,4.000000,4.000000,4.000000,0.000000,0.000000,0.000000,0
0,2800.000000,0.000000,0.000000,4.000000,4.000000,4.000000,0.000000,0.000000,0.000000,0
0,17200.000000,-800.000000,0.000000,4.000000,4.000000,4.000000,0.000000,0.000000,0.000000,0
0,19600.000000,-3600.000000,0.000000,4.000000,4.000000,4.000000,0.000000,0.000000,0.000000,0
0,20000.000000,-3600.000000,0.000000,4.000000,4.000000,4.000000,0.000000,0.000000,0.000000,0
0,20400.000000,-3600.000000,0.000000,4.000000,4.000000,4.000000,0.000000,0.000000,0.000000,0
0,20800.000000,-3600.000000,0.000000,4.000000,4.000000,4.000000,0.000000,0.000000,0.000000,0
3,19200.000000,-3200.000000,400.000000,4.000000,4.000000,4.000000,0.000000,0.000000,0.000000,0
0,21200.000000,-3600.000000,0.000000,4.000000,4.000000,4.000000,0.000000,0.000000,0.000000,0
0,17200.000000,-1200.000000,0.000000,4.000000,4.000000,4.000000,0.000000,0.000000,0.000000,0
0,17600.000000,-1200.000000,0.000000,4.000000,4.000000,4.000000,0.000000,0.000000,0.000000,0
0,18000.000000,-1200.000000,0.000000,4.000000,4.000000,4.000000,0.000000,0.000000,0.000000,0
0,18400.000000,-1200.000000,0.000000,4.000000,4.000000,4.000000,0.000000,0.000000,0.000000,0
0,18800.000000,-1200.000000,0.000000,4.000000,4.000000,4.000000,0.000000,0.000000,0.000000,0
0,19200.000000,-1200.000000,0.000000,4.000000,4.000000,4.000000,0.000000,0.000000,0.000000,0
0,19600.000000,-1200.000000,0.000000,4.000000,4.000000,4.000000,0.000000,0.000000,0.000000,0
0,20000.000000,-1200.000000,0.000000,4.000000,4.000000,4.000000,0.000000,0.000000,0.000000,0
0,20400.000000,-1200.000000,0.000000,4.000000,4.000000,4.000000,0.000000,0.000000,0.000000,0
0,20800.000000,-1200.000000,0.000000,4.000000,4.000000,4.000000,0.000000,0.000000,0.000000,0
0,21200.000000,-1200.000000,0.000000,4.000000,4.000000,4.000000,0.000000,0.000000,0.000000,0
0,21600.000000,-1200.000000,0.000000,4.000000,4.000000,4.000000,0.000000,0.000000,0.000000,0
0,22000.000000,-1200.000000,0.000000,4.000000,4.000000,4.000000,0.000000,0.000000,0.000000,0
0,26800.000000,-1200.000000,0.000000,4.000000,4.000000,4.000000,0.000000,0.000000,0.000000,0
0,27200.000000,-1200.000000,0.000000,4.000000,4.000000,4.000000,0.000000,0.000000,0.000000,0
0,27200.000000,-1600.000000,0.000000,4.000000,4.000000,4.000000,0.000000,0.000000,0.000000,0
0,27200.000000,-2000.000000,0.000000,4.000000,4.000000,4.000000,0.000000,0.000000,0.000000,0
0,27200.000000,-2400.000000,0.000000,4.000000,4.000000,4.000000,0.000000,0.000000,0.000000,0
0,27200.000000,-2800.000000,0.000000,4.000000,4.000000,4.000000,0.000000,0.000000,0.000000,0
0,27200.000000,-3200.000000,0.000000,4.000000,4.000000,4.000000,0.000000,0.000000,0.000000,0
0,27200.000000,-3600.000000,0.000000,4.000000,4.000000,4.000000,0.000000,0.000000,0.000000,0
0,27200.000000,-4000.000000,0.000000,4.000000,4.000000,4.000000,0.000000,0.000000,0.000000,0
0,27200.000000,-4400.000000,0.000000,4.000000,4.000000,4.000000,0.000000,0.000000,0.000000,0
0,23200.000000,-9200.000000,0.000000,4.000000,4.000000,4.000000,0.000000,0.000000,0.000000,0
0,23600.000000,-9200.000000,0.000000,4.000000,4.000000,4.000000,0.000000,0.000000,0.000000,0
0,24000.000000,-9200.000000,0.000000,4.000000,4.000000,4.000000,0.000000,0.000000,0.000000,0
0,24400.000000,-9200.000000,0.000000,4.000000,4.000000,4.000000,0.000000,0.000000,0.000000,0
0,24800.000000,-9200.000000,0.000000,4.000000,4.000000,4.000000,0.000000,0.000000,0.000000,0
0,25200.000000,-9200.000000,0.000000,4.000000,4.000000,4.000000,0.000000,0.000000,0.000000,0
0,25600.000000,-9200.000000,0.000000,4.000000,4.000000,4.000000,0.000000,0.000000,0.000000,0
0,26000.000000,-9200.000000,0.000000,4.000000,4.000000,4.000000,0.000000,0.000000,0.000000,0
0,26400.000000,-9200.000000,0.000000,4.000000,4.000000,4.000000,0.000000,0.000000,0.000000,0
0,26800.000000,-9200.000000,0.000000,4.000000,4.000000,4.000000,0.000000,0.000000,0.000000,0
0,27200.000000,-9200.000000,0.000000,4.000000,4.000000,4.000000,0.000000,0.000000,0.000000,0
0,27600.000000,-9200.000000,0.000000,4.000000,4.000000,4.000000,0.000000,0.000000,0.000000,0
0,28000.000000,-9200.000000,0.000000,4.000000,4.000000,4.000000,0.000000,0.000000,0.000000,0
0,28400.000000,-9200.000000,0.000000,4.000000,4.000000,4.000000,0.000000,0.000000,0.000000,0
0,28800.000000,-9200.000000,0.000000,4.000000,4.000000,4.000000,0.000000,0.000000,0.000000,0
0,29200.000000,-9200.000000,0.000000,4.000000,4.000000,4.000000,0.000000,0.000000,0.000000,0
0,29600.000000,-9200.000000,0.000000,4.000000,4.000000,4.000000,0.000000,0.000000,0.000000,0
0,30000.000000,-9200.000000,0.000000,4.000000,4.000000,4.000000,0.000000,0.000000,0.000000,0
0,30400.000000,-9200.000000,0.000000,4.000000,4.000000,4.000000,0.000000,0.000000,0.000000,0
0,30800.000000,-9200.000000,0.000000,4.000000,4.000000,4.000000,0.000000,0.000000,0.000000,0
0,31200.000000,-9200.000000,0.000000,4.000000,4.000000,4.000000,0.000000,0.000000,0.000000,0
0,31600.000000,-9200.000000,0.000000,4.000000,4.000000,4.000000,0.000000,0.000000,0.000000,0
0,32000.000000,-9200.000000,0.000000,4.000000,4.000000,4.000000,0.000000,0.000000,0.000000,0
0,32400.000000,-9200.000000,0.000000,4.000000,4.000000,4.000000,0.000000,0.000000,0.000000,0
0,32800.000000,-9200.000000,0.000000,4.000000,4.000000,4.000000,0.000000,0.000000,0.000000,0
0,33200.000000,-9200.000000,0.000000,4.000000,4.000000,4.000000,0.000000,0.000000,0.000000,0
0,33600.000000,-9200.000000,0.000000,4.000000,4.000000,4.000000,0.000000,0.000000,0.000000,0
0,34000.000000,-9200.000000,0.000000,4.000000,4.000000,4.000000,0.000000,0.000000,0.000000,0
0,34400.000000,-9200.000000,0.000000,4.000000,4.000000,4.000000,0.000000,0.000000,0.000000,0
0,34800.000000,-8800.000000,0.000000,4.000000,4.000000,4.000000,0.000000,0.000000,0.000000,0
0,35200.000000,-8400.000000,0.000000,4.000000,4.000000,4.000000,0.000000,0.000000,0.000000,0
0,35600.000000,-8000.000000,0.000000,4.000000,4.000000,4.000000,0.000000,0.000000,0.000000,0
0,36000.000000,-7600.000000,0.000000,4.000000,4.000000,4.000000,0.000000,0.000000,0.000000,0
0,36400.000000,-7200.000000,0.000000,4.000000,4.000000,4.000000,0.000000,0.000000,0.000000,0
0,36800.000000,-6800.000000,0.000000,4.000000,4.000000,4.000000,0.000000,0.000000,0.000000,0
0,37200.000000,-6400.000000,0.000000,4.000000,4.000000,4.000000,0.000000,0.000000,0.000000,0
0,37600.000000,-6000.000000,0.000000,4.000000,4.000000,4.000000,0.000000,0.000000,0.000000,0
0,38000.000000,-5600.000000,0.000000,4.000000,4.000000,4.000000,0.000000,0.000000,0.000000,0
0,38400.000000,-5200.000000,0.000000,4.000000,4.000000,4.000000,0.000000,0.000000,0.000000,0
0,38800.000000,-4800.000000,0.000000,4.000000,4.000000,4.000000,0.000000,0.000000,0.000000,0
0,39200.000000,-4400.000000,0.000000,4.000000,4.000000,4.000000,0.000000,0.000000,0.000000,0
0,39600.000000,-4000.000000,0.000000,4.000000,4.000000,4.000000,0.000000,0.000000,0.000000,0
0,40000.000000,-3600.000000,0.000000,4.000000,4.000000,4.000000,0.000000,0.000000,0.000000,0
0,33600.000000,-4400.000000,0.000000,4.000000,4.000000,4.000000,0.000000,0.000000,0.000000,0
0,33600.000000,-4000.000000,0.000000,4.000000,4.000000,4.000000,0.000000,0.000000,0.000000,0
0,34000.000000,-3600.000000,0.000000,4.000000,4.000000,4.000000,0.000000,0.000000,0.000000,0
0,34400.000000,-3200.000000,0.000000,4.000000,4.000000,4.000000,0.000000,0.000000,0.000000,0
0,34800.000000,-2800.000000,0.000000,4.000000,4.000000,4.000000,0.000000,0.000000,0.000000,0
0,35200.000000,-2400.000000,0.000000,4.000000,4.000000,4.000000,0.000000,0.000000,0.000000,0
0,35600.000000,-2000.000000,0.000000,4.000000,4.000000,4.000000,0.000000,0.000000,0.000000,0
0,36000.000000,-1600.000000,0.000000,4.000000,4.000000,4.000000,0.000000,0.000000,0.000000,0
0,36400.000000,-1200.000000,0.000000,4.000000,4.000000,4.000000,0.000000,0.000000,0.000000,0
0,36800.000000,-800.000000,0.000000,4.000000,4.000000,4.000000,0.000000,0.000000,0.000000,0
0,37200.000000,-400.000000,0.000000,4.000000,4.000000,4.000000,0.000000,0.000000,0.000000,0
0,37600.000000,0.000000,0.000000,4.000000,4.000000,4.000000,0.000000,0.000000,0.000000,0
0,38000.000000,400.000000,0.000000,4.000000,4.000000,4.000000,0.000000,0.000000,0.000000,0
0,38400.000000,400.000000,0.000000,4.000000,4.000000,4.000000,0.000000,0.000000,0.000000,0
0,38800.000000,400.000000,0.000000,4.000000,4.000000,4.000000,0.000000,0.000000,0.000000,0
0,39200.000000,400.000000,0.000000,4.000000,4.000000,4.000000,0.000000,0.000000,0.000000,0
0,39600.000000,400.000000,0.000000,4.000000,4.000000,4.000000,0.000000,0.000000,0.000000,0
0,40000.000000,400.000000,0.000000,4.000000,4.000000,4.000000,0.000000,0.000000,0.000000,0
0,40400.000000,400.000000,0.000000,4.000000,4.000000,4.000000,0.000000,0.000000,0.000000,0
0,40800.000000,400.000000,0.000000,4.000000,4.000000,4.000000,0.000000,0.000000,0.000000,0
0,41200.000000,400.000000,0.000000,4.000000,4.000000,4.000000,0.000000,0.000000,0.000000,0
0,41600.000000,400.000000,0.000000,4.000000,4.000000,4.000000,0.000000,0.000000,0.000000,0
0,42000.000000,400.000000,0.000000,4.000000,4.000000,4.000000,0.000000,0.000000,0.000000,0
0,42400.000000,400.000000,0.000000,4.000000,4.000000,4.000000,0.000000,0.000000,0.000000,0
0,42800.000000,400.000000,0.000000,4.000000,4.000000,4.000000,0.000000,0.000000,0.000000,0
0,43200.000000,400.000000,0.000000,4.000000,4.000000,4.000000,0.000000,0.000000,0.000000,0
0,43600.000000,400.000000,0.000000,4.000000,4.000000,4.000000,0.000000,0.000000,0.000000,0
0,44000.000000,400.000000,0.000000,4.000000,4.000000,4.000000,0.000000,0.000000,0.000000,0
0,40400.000000,-3600.000000,0.000000,4.000000,4.000000,4.000000,0.000000,0.000000,0.000000,0
0,40800.000000,-3600.000000,0.000000,4.000000,4.000000,4.000000,0.000000,0.000000,0.000000,0
0,41200.000000,-3600.000000,0.000000,4.000000,4.000000,4.000000,0.000000,0.000000,0.000000,0
0,41600.000000,-3600.000000,0.000000,4.000000,4.000000,4.000000,0.000000,0.000000,0.000000,0
0,42000.000000,-3600.000000,0.000000,4.000000,4.000000,4.000000,0.000000,0.000000,0.000000,0
0,42400.000000,-3600.000000,0.000000,4.000000,4.000000,4.000000,0.000000,0.000000,0.000000,0
0,42800.000000,-3600.000000,0.000000,4.000000,4.000000,4.000000,0.000000,0.000000,0.000000,0
0,43200.000000,-3600.000000,0.000000,4.000000,4.000000,4.000000,0.000000,0.000000,0.000000,0
0,43600.000000,-3600.000000,0.000000,4.000000,4.000000,4.000000,0.000000,0.000000,0.000000,0
0,44000.000000,-3600.000000,0.000000,4.000000,4.000000,4.000000,0.000000,0.000000,0.000000,0
0,44400.000000,-3600.000000,0.000000,4.000000,4.000000,4.000000,0.000000,0.000000,0.000000,0
0,44800.000000,-3600.000000,0.000000,4.000000,4.000000,4.000000,0.000000,0.000000,0.000000,0
0,45200.000000,-3600.000000,0.000000,4.000000,4.000000,4.000000,0.000000,0.000000,0.000000,0
0,45600.000000,-3600.000000,0.000000,4.000000,4.000000,4.000000,0.000000,0.000000,0.000000,0
0,46000.000000,-3600.000000,0.000000,4.000000,4.000000,4.000000,0.000000,0.000000,0.000000,0
0,46400.000000,-3600.000000,0.000000,4.000000,4.000000,4.000000,0.000000,0.000000,0.000000,0
0,46800.000000,-3600.000000,0.000000,4.000000,4.000000,4.000000,0.000000,0.000000,0.000000,0
0,32800.000000,-4400.000000,0.000000,4.000000,4.000000,4.000000,0.000000,0.000000,0.000000,0
0,32400.000000,-4400.000000,0.000000,4.000000,4.000000,4.000000,0.000000,0.000000,0.000000,0
0,32000.000000,-4400.000000,0.000000,4.000000,4.000000,4.000000,0.000000,0.000000,0.000000,0
0,31600.000000,-4400.000000,0.000000,4.000000,4.000000,4.000000,0.000000,0.000000,0.000000,0
0,31200.000000,-4400.000000,0.000000,4.000000,4.000000,4.000000,0.000000,0.000000,0.000000,0
0,30800.000000,-4400.000000,0.000000,4.000000,4.000000,4.000000,0.000000,0.000000,0.000000,0
0,30400.000000,-4400.000000,0.000000,4.000000,4.000000,4.000000,0.000000,0.000000,0.000000,0
0,30000.000000,-4400.000000,0.000000,4.000000,4.000000,4.000000,0.000000,0.000000,0.000000,0
0,29600.000000,-4400.000000,0.000000,4.000000,4.000000,4.000000,0.000000,0.000000,0.000000,0
0,29200.000000,-4400.000000,0.000000,4.000000,4.000000,4.000000,0.000000,0.000000,0.000000,0
0,28800.000000,-4400.000000,0.000000,4.000000,4.000000,4.000000,0.000000,0.000000,0.000000,0
0,28400.000000,-4400.000000,0.000000,4.000000,4.000000,4.000000,0.000000,0.000000,0.000000,0
0,28000.000000,-4400.000000,0.000000,4.000000,4.000000,4.000000,0.000000,0.000000,0.000000,0
0,27600.000000,-4400.000000,0.000000,4.000000,4.000000,4.000000,0.000000,0.000000,0.000000,0
0,33200.000000,-4400.000000,0.000000,4.000000,4.000000,4.000000,0.000000,0.000000,0.000000,0
0,21600.000000,-3600.000000,0.000000,4.000000,4.000000,4.000000,0.000000,0.000000,0.000000,0
0,21600.000000,-4000.000000,0.000000,4.000000,4.000000,4.000000,0.000000,0.000000,0.000000,0
0,21600.000000,-4400.000000,0.000000,4.000000,4.000000,4.000000,0.000000,0.000000,0.000000,0
0,21600.000000,-4800.000000,0.000000,4.000000,4.000000,4.000000,0.000000,0.000000,0.000000,0
0,21600.000000,-5200.000000,0.000000,4.000000,4.000000,4.000000,0.000000,0.000000,0.000000,0
0,21600.000000,-5600.000000,0.000000,4.000000,4.000000,4.000000,0.000000,0.000000,0.000000,0
0,21600.000000,-6000.000000,0.000000,4.000000,4.000000,4.000000,0.000000,0.000000,0.000000,0
0,21600.000000,-6400.000000,0.000000,4.000000,4.000000,4.000000,0.000000,0.000000,0.000000,0
0,21600.000000,-6800.000000,0.000000,4.000000,4.000000,4.000000,0.000000,0.000000,0.000000,0
0,21600.000000,-7200.000000,0.000000,4.000000,4.000000,4.000000,0.000000,0.000000,0.000000,0
0,21600.000000,-7600.000000,0.000000,4.000000,4.000000,4.000000,0.000000,0.000000,0.000000,0
0,21600.000000,-8000.000000,0.000000,4.000000,4.000000,4.000000,0.000000,0.000000,0.000000,0
0,21600.000000,-8400.000000,0.000000,4.000000,4.000000,4.000000,0.000000,0.000000,0.000000,0
0,21600.000000,-8800.000000,0.000000,4.000000,4.000000,4.000000,0.000000,0.000000,0.000000,0
0,21600.000000,-9200.000000,0.000000,4.000000,4.000000,4.000000,0.000000,0.000000,0.000000,0
0,22000.000000,-9200.000000,0.000000,4.000000,4.000000,4.000000,0.000000,0.000000,0.000000,0
0,22400.000000,-9200.000000,0.000000,4.000000,4.000000,4.000000,0.000000,0.000000,0.000000,0
0,22800.000000,-9200.000000,0.000000,4.000000,4.000000,4.000000,0.000000,0.000000,0.000000,0
0,44800.000000,400.000000,0.000000,4.000000,4.000000,4.000000,0.000000,0.000000,0.000000,0
0,44400.000000,400.000000,0.000000,4.000000,4.000000,4.000000,0.000000,0.000000,0.000000,0
0,45200.000000,400.000000,0.000000,4.000000,4.000000,4.000000,0.000000,0.000000,0.000000,0
0,45600.000000,400.000000,0.000000,4.000000,4.000000,4.000000,0.000000,0.000000,0.000000,0
0,46000.000000,400.000000,0.000000,4.000000,4.000000,4.000000,0.000000,0.000000,0.000000,0
0,46000.000000,800.000000,0.000000,4.000000,4.000000,4.000000,0.000000,0.000000,0.000000,0
0,46000.000000,1200.000000,0.000000,4.000000,4.000000,4.000000,0.000000,0.000000,0.000000,0
0,46000.000000,1600.000000,0.000000,4.000000,4.000000,4.000000,0.000000,0.000000,0.000000,0
0,46000.000000,2000.000000,0.000000,4.000000,4.000000,4.000000,0.000000,0.000000,0.000000,0
0,46000.000000,2400.000000,0.000000,4.000000,4.000000,4.000000,0.000000,0.000000,0.000000,0
0,46000.000000,2800.000000,0.000000,4.000000,4.000000,4.000000,0.000000,0.000000,0.000000,0
0,46000.000000,3200.000000,0.000000,4.000000,4.000000,4.000000,0.000000,0.000000,0.000000,0
0,46000.000000,3600.000000,0.000000,4.000000,4.000000,4.000000,0.000000,0.000000,0.000000,0
0,46000.000000,4000.000000,0.000000,4.000000,4.000000,4.000000,0.000000,0.000000,0.000000,0
0,47200.000000,-3600.000000,0.000000,4.000000,4.000000,4.000000,0.000000,0.000000,0.000000,0
0,47600.000000,-3600.000000,0.000000,4.000000,4.000000,4.000000,0.000000,0.000000,0.000000,0
0,48000.000000,-3600.000000,0.000000,4.000000,4.000000,4.000000,0.000000,0.000000,0.000000,0
0,48400.000000,-3600.000000,0.000000,4.000000,4.000000,4.000000,0.000000,0.000000,0.000000,0
0,48800.000000,-3600.000000,0.000000,4.000000,4.000000,4.000000,0.000000,0.000000,0.000000,0
0,49200.000000,-3600.000000,0.000000,4.000000,4.000000,4.000000,0.000000,0.000000,0.000000,0
0,49600.000000,-3600.000000,0.000000,4.000000,4.000000,4.000000,0.000000,0.000000,0.000000,0
0,50000.000000,-3600.000000,0.000000,4.000000,4.000000,4.000000,0.000000,0.000000,0.000000,0
0,50400.000000,-3600.000000,0.000000,4.000000,4.000000,4.000000,0.000000,0.000000,0.000000,0
0,50800.000000,-3600.000000,0.000000,4.000000,4.000000,4.000000,0.000000,0.000000,0.000000,0
0,50800.000000,-3200.000000,0.000000,4.000000,4.000000,4.000000,0.000000,0.000000,0.000000,0
0,50800.000000,-2800.000000,0.000000,4.000000,4.000000,4.000000,0.000000,0.000000,0.000000,0
0,50800.000000,-2400.000000,0.000000,4.000000,4.000000,4.000000,0.000000,0.000000,0.000000,0
0,50800.000000,-2000.000000,0.000000,4.000000,4.000000,4.000000,0.000000,0.000000,0.000000,0
0,50800.000000,-1600.000000,0.000000,4.000000,4.000000,4.000000,0.000000,0.000000,0.000000,0
0,50800.000000,-1200.000000,0.000000,4.000000,4.000000,4.000000,0.000000,0.000000,0.000000,0
0,50800.000000,-800.000000,0.000000,4.000000,4.000000,4.000000,0.000000,0.000000,0.000000,0
0,50800.000000,-400.000000,0.000000,4.000000,4.000000,4.000000,0.000000,0.000000,0.000000,0
0,50800.000000,0.000000,0.000000,4.000000,4.000000,4.000000,0.000000,0.000000,0.000000,0
0,50800.000000,400.000000,0.000000,4.000000,4.000000,4.000000,0.000000,0.000000,0.000000,0
0,50800.000000,800.000000,0.000000,4.000000,4.000000,4.000000,0.000000,0.000000,0.000000,0
0,50800.000000,1200.000000,0.000000,4.000000,4.000000,4.000000,0.000000,0.000000,0.000000,0
0,50800.000000,1600.000000,0.000000,4.000000,4.000000,4.000000,0.000000,0.000000,0.000000,0
0,50800.000000,2000.000000,0.000000,4.000000,4.000000,4.000000,0.000000,0.000000,0.000000,0
0,50800.000000,2400.000000,0.000000,4.000000,4.000000,4.000000,0.000000,0.000000,0.000000,0
0,50800.000000,2800.000000,0.000000,4.000000,4.000000,4.000000,0.000000,0.000000,0.000000,0
0,50800.000000,3200.000000,0.000000,4.000000,4.000000,4.000000,0.000000,0.000000,0.000000,0
0,50800.000000,3600.000000,0.000000,4.000000,4.000000,4.000000,0.000000,0.000000,0.000000,0
0,50800.000000,4000.000000,0.000000,4.000000,4.000000,4.000000,0.000000,0.000000,0.000000,0
7,22000.000000,-8800.000000,0.000000,4.000000,4.000000,4.000000,0.000000,0.000000,0.000000,0
7,22400.000000,-8800.000000,0.000000,4.000000,4.000000,4.000000,0.000000,0.000000,0.000000,0
7,22800.000000,-8800.000000,0.000000,4.000000,4.000000,4.000000,0.000000,0.000000,0.000000,0
7,23200.000000,-8800.000000,0.000000,4.000000,4.000000,4.000000,0.000000,0.000000,0.000000,0
7,23600.000000,-8800.000000,0.000000,4.000000,4.000000,4.000000,0.000000,0.000000,0.000000,0
7,24000.000000,-8800.000000,0.000000,4.000000,4.000000,4.000000,0.000000,0.000000,0.000000,0
7,24400.000000,-8800.000000,0.000000,4.000000,4.000000,4.000000,0.000000,0.000000,0.000000,0
7,24800.000000,-8800.000000,0.000000,4.000000,4.000000,4.000000,0.000000,0.000000,0.000000,0
7,25200.000000,-8800.000000,0.000000,4.000000,4.000000,4.000000,0.000000,0.000000,0.000000,0
7,25600.000000,-8800.000000,0.000000,4.000000,4.000000,4.000000,0.000000,0.000000,0.000000,0
7,26000.000000,-8800.000000,0.000000,4.000000,4.000000,4.000000,0.000000,0.000000,0.000000,0
7,26400.000000,-8800.000000,0.000000,4.000000,4.000000,4.000000,0.000000,0.000000,0.000000,0
7,26800.000000,-8800.000000,0.000000,4.000000,4.000000,4.000000,0.000000,0.000000,0.000000,0
7,27200.000000,-8800.000000,0.000000,4.000000,4.000000,4.000000,0.000000,0.000000,0.000000,0
7,27600.000000,-8800.000000,0.000000,4.000000,4.000000,4.000000,0.000000,0.000000,0.000000,0
7,28000.000000,-8800.000000,0.000000,4.000000,4.000000,4.000000,0.000000,0.000000,0.000000,0
7,28400.000000,-8800.000000,0.000000,4.000000,4.000000,4.000000,0.000000,0.000000,0.000000,0
7,28800.000000,-8800.000000,0.000000,4.000000,4.000000,4.000000,0.000000,0.000000,0.000000,0
7,29200.000000,-8800.000000,0.000000,4.000000,4.000000,4.000000,0.000000,0.000000,0.000000,0
7,29600.000000,-8800.000000,0.000000,4.000000,4.000000,4.000000,0.000000,0.000000,0.000000,0
7,30000.000000,-8800.000000,0.000000,4.000000,4.000000,4.000000,0.000000,0.000000,0.000000,0
7,30400.000000,-8800.000000,0.000000,4.000000,4.000000,4.000000,0.000000,0.000000,0.000000,0
7,30800.000000,-8800.000000,0.000000,4.000000,4.000000,4.000000,0.000000,0.000000,0.000000,0
7,31200.000000,-8800.000000,0.000000,4.000000,4.000000,4.000000,0.000000,0.000000,0.000000,0
7,31600.000000,-8800.000000,0.000000,4.000000,4.000000,4.000000,0.000000,0.000000,0.000000,0
7,32000.000000,-8800.000000,0.000000,4.000000,4.000000,4.000000,0.000000,0.000000,0.000000,0
7,32400.000000,-8800.000000,0.000000,4.000000,4.000000,4.000000,0.000000,0.000000,0.000000,0
7,32800.000000,-8800.000000,0.000000,4.000000,4.000000,4.000000,0.000000,0.000000,0.000000,0
7,33200.000000,-8800.000000,0.000000,4.000000,4.000000,4.000000,0.000000,0.000000,0.000000,0
7,33600.000000,-8800.000000,0.000000,4.000000,4.000000,4.000000,0.000000,0.000000,0.000000,0
7,34000.000000,-8800.000000,0.000000,4.000000,4.000000,4.000000,0.000000,0.000000,0.000000,0
7,34400.000000,-8800.000000,0.000000,4.000000,4.000000,4.000000,0.000000,0.000000,0.000000,0
7,34800.000000,-8400.000000,0.000000,4.000000,4.000000,4.000000,0.000000,0.000000,0.000000,0
7,35600.000000,-7600.000000,0.000000,4.000000,4.000000,4.000000,0.000000,0.000000,0.000000,0
7,36000.000000,-7200.000000,0.000000,4.000000,4.000000,4.000000,0.000000,0.000000,0.000000,0
7,36400.000000,-6800.000000,0.000000,4.000000,4.000000,4.000000,0.000000,0.000000,0.000000,0
7,36800.000000,-6400.000000,0.000000,4.000000,4.000000,4.000000,0.000000,0.000000,0.000000,0
7,37200.000000,-6000.000000,0.000000,4.000000,4.000000,4.000000,0.000000,0.000000,0.000000,0
7,37600.000000,-5600.000000,0.000000,4.000000,4.000000,4.000000,0.000000,0.000000,0.000000,0
7,38000.000000,-5200.000000,0.000000,4.000000,4.000000,4.000000,0.000000,0.000000,0.000000,0
7,38400.000000,-4800.000000,0.000000,4.000000,4.000000,4.000000,0.000000,0.000000,0.000000,0
7,38800.000000,-4400.000000,0.000000,4.000000,4.000000,4.000000,0.000000,0.000000,0.000000,0
7,39200.000000,-4000.000000,0.000000,4.000000,4.000000,4.000000,0.000000,0.000000,0.000000,0
7,39600.000000,-3600.000000,0.000000,4.000000,4.000000,4.000000,0.000000,0.000000,0.000000,0
7,40000.000000,-3200.000000,0.000000,4.000000,4.000000,4.000000,0.000000,0.000000,0.000000,0
7,40400.000000,-3200.000000,0.000000,4.000000,4.000000,4.000000,0.000000,0.000000,0.000000,0
7,40800.000000,-3200.000000,0.000000,4.000000,4.000000,4.000000,0.000000,0.000000,0.000000,0
7,41200.000000,-3200.000000,0.000000,4.000000,4.000000,4.000000,0.000000,0.000000,0.000000,0
7,41600.000000,-3200.000000,0.000000,4.000000,4.000000,4.000000,0.000000,0.000000,0.000000,0
7,42000.000000,-3200.000000,0.000000,4.000000,4.000000,4.000000,0.000000,0.000000,0.000000,0
7,42400.000000,-3200.000000,0.000000,4.000000,4.000000,4.000000,0.000000,0.000000,0.000000,0
7,42800.000000,-3200.000000,0.000000,4.000000,4.000000,4.000000,0.000000,0.000000,0.000000,0
7,43200.000000,-3200.000000,0.000000,4.000000,4.000000,4.000000,0.000000,0.000000,0.000000,0
7,43600.000000,-3200.000000,0.000000,4.000000,4.000000,4.000000,0.000000,0.000000,0.000000,0
7,44000.000000,-3200.000000,0.000000,4.000000,4.000000,4.000000,0.000000,0.000000,0.000000,0
7,44400.000000,-3200.000000,0.000000,4.000000,4.000000,4.000000,0.000000,0.000000,0.000000,0
7,44800.000000,-3200.000000,0.000000,4.000000,4.000000,4.000000,0.000000,0.000000,0.000000,0
7,45200.000000,-3200.000000,0.000000,4.000000,4.000000,4.000000,0.000000,0.000000,0.000000,0
7,45600.000000,-3200.000000,0.000000,4.000000,4.000000,4.000000,0.000000,0.000000,0.000000,0
7,46000.000000,-3200.000000,0.000000,4.000000,4.000000,4.000000,0.000000,0.000000,0.000000,0
7,46400.000000,-3200.000000,0.000000,4.000000,4.000000,4.000000,0.000000,0.000000,0.000000,0
7,46800.000000,-3200.000000,0.000000,4.000000,4.000000,4.000000,0.000000,0.000000,0.000000,0
7,47200.000000,-3200.000000,0.000000,4.000000,4.000000,4.000000,0.000000,0.000000,0.000000,0
7,47600.000000,-3200.000000,0.000000,4.000000,4.000000,4.000000,0.000000,0.000000,0.000000,0
7,48000.000000,-3200.000000,0.000000,4.000000,4.000000,4.000000,0.000000,0.000000,0.000000,0
7,48400.000000,-3200.000000,0.000000,4.000000,4.000000,4.000000,0.000000,0.000000,0.000000,0
7,48800.000000,-3200.000000,0.000000,4.000000,4.000000,4.000000,0.000000,0.000000,0.000000,0
7,49200.000000,-3200.000000,0.000000,4.000000,4.000000,4.000000,0.000000,0.000000,0.000000,0
7,49600.000000,-3200.000000,0.000000,4.000000,4.000000,4.000000,0.000000,0.000000,0.000000,0
7,50000.000000,-3200.000000,0.000000,4.000000,4.000000,4.000000,0.000000,0.000000,0.000000,0
7,50400.000000,-3200.000000,0.000000,4.000000,4.000000,4.000000,0.000000,0.000000,0.000000,0
7,22000.000000,-1600.000000,0.000000,4.000000,4.000000,4.000000,0.000000,0.000000,3.141593,0
7,22400.000000,-1600.000000,0.000000,4.000000,4.000000,4.000000,0.000000,0.000000,3.141593,0
7,22800.000000,-1600.000000,0.000000,4.000000,4.000000,4.000000,0.000000,0.000000,3.141593,0
7,23200.000000,-1600.000000,0.000000,4.000000,4.000000,4.000000,0.000000,0.000000,3.141593,0
7,23600.000000,-1600.000000,0.000000,4.000000,4.000000,4.000000,0.000000,0.000000,3.141593,0
7,24000.000000,-1600.000000,0.000000,4.000000,4.000000,4.000000,0.000000,0.000000,3.141593,0
7,24400.000000,-1600.000000,0.000000,4.000000,4.000000,4.000000,0.000000,0.000000,3.141593,0
7,24800.000000,-1600.000000,0.000000,4.000000,4.000000,4.000000,0.000000,0.000000,3.141593,0
7,25200.000000,-1600.000000,0.000000,4.000000,4.000000,4.000000,0.000000,0.000000,3.141593,0
7,25600.000000,-1600.000000,0.000000,4.000000,4.000000,4.000000,0.000000,0.000000,3.141593,0
7,26000.000000,-1600.000000,0.000000,4.000000,4.000000,4.000000,0.000000,0.000000,3.141593,0
7,26400.000000,-1600.000000,0.000000,4.000000,4.000000,4.000000,0.000000,0.000000,3.141593,0
7,26800.000000,-1600.000000,0.000000,4.000000,4.000000,4.000000,0.000000,0.000000,3.141593,0
7,33600.000000,-4800.000000,0.000000,4.000000,4.000000,4.000000,0.000000,0.000000,3.141593,0
7,33200.000000,-4800.000000,0.000000,4.000000,4.000000,4.000000,0.000000,0.000000,3.141593,0
7,32800.000000,-4800.000000,0.000000,4.000000,4.000000,4.000000,0.000000,0.000000,3.141593,0
7,32400.000000,-4800.000000,0.000000,4.000000,4.000000,4.000000,0.000000,0.000000,3.141593,0
7,32000.000000,-4800.000000,0.000000,4.000000,4.000000,4.000000,0.000000,0.000000,3.141593,0
7,31600.000000,-4800.000000,0.000000,4.000000,4.000000,4.000000,0.000000,0.000000,3.141593,0
7,31200.000000,-4800.000000,0.000000,4.000000,4.000000,4.000000,0.000000,0.000000,3.141593,0
7,30800.000000,-4800.000000,0.000000,4.000000,4.000000,4.000000,0.000000,0.000000,3.141593,0
7,30400.000000,-4800.000000,0.000000,4.000000,4.000000,4.000000,0.000000,0.000000,3.141593,0
7,30000.000000,-4800.000000,0.000000,4.000000,4.000000,4.000000,0.000000,0.000000,3.141593,0
7,29600.000000,-4800.000000,0.000000,4.000000,4.000000,4.000000,0.000000,0.000000,3.141593,0
7,29200.000000,-4800.000000,0.000000,4.000000,4.000000,4.000000,0.000000,0.000000,3.141593,0
7,28800.000000,-4800.000000,0.000000,4.000000,4.000000,4.000000,0.000000,0.000000,3.141593,0
7,28400.000000,-4800.000000,0.000000,4.000000,4.000000,4.000000,0.000000,0.000000,3.141593,0
7,28000.000000,-4800.000000,0.000000,4.000000,4.000000,4.000000,0.000000,0.000000,3.141593,0
7,27600.000000,-4800.000000,0.000000,4.000000,4.000000,4.000000,0.000000,0.000000,3.141593,0
7,27200.000000,-4800.000000,0.000000,4.000000,4.000000,4.000000,0.000000,0.000000,3.141593,0
7,34000.000000,-4000.000000,0.000000,4.000000,4.000000,4.000000,0.000000,0.000000,3.141593,0
7,34400.000000,-3600.000000,0.000000,4.000000,4.000000,4.000000,0.000000,0.000000,3.141593,0
7,34800.000000,-3200.000000,0.000000,4.000000,4.000000,4.000000,0.000000,0.000000,3.141593,0
7,35200.000000,-2800.000000,0.000000,4.000000,4.000000,4.000000,0.000000,0.000000,3.141593,0
7,35600.000000,-2400.000000,0.000000,4.000000,4.000000,4.000000,0.000000,0.000000,3.141593,0
7,36000.000000,-2000.000000,0.000000,4.000000,4.000000,4.000000,0.000000,0.000000,3.141593,0
7,36400.000000,-1600.000000,0.000000,4.000000,4.000000,4.000000,0.000000,0.000000,3.141593,0
7,36800.000000,-1200.000000,0.000000,4.000000,4.000000,4.000000,0.000000,0.000000,3.141593,0
7,37200.000000,-800.000000,0.000000,4.000000,4.000000,4.000000,0.000000,0.000000,3.141593,0
7,37600.000000,-400.000000,0.000000,4.000000,4.000000,4.000000,0.000000,0.000000,3.141593,0
7,38000.000000,0.000000,0.000000,4.000000,4.000000,4.000000,0.000000,0.000000,3.141593,0
7,38400.000000,0.000000,0.000000,4.000000,4.000000,4.000000,0.000000,0.000000,3.141593,0
7,38800.000000,0.000000,0.000000,4.000000,4.000000,4.000000,0.000000,0.000000,3.141593,0
7,39200.000000,0.000000,0.000000,4.000000,4.000000,4.000000,0.000000,0.000000,3.141593,0
7,39600.000000,0.000000,0.000000,4.000000,4.000000,4.000000,0.000000,0.000000,3.141593,0
7,40000.000000,0.000000,0.000000,4.000000,4.000000,4.000000,0.000000,0.000000,3.141593,0
7,40400.000000,0.000000,0.000000,4.000000,4.000000,4.000000,0.000000,0.000000,3.141593,0
7,40800.000000,0.000000,0.000000,4.000000,4.000000,4.000000,0.000000,0.000000,3.141593,0
7,41200.000000,0.000000,0.000000,4.000000,4.000000,4.000000,0.000000,0.000000,3.141593,0
7,41600.000000,0.000000,0.000000,4.000000,4.000000,4.000000,0.000000,0.000000,3.141593,0
7,42000.000000,0.000000,0.000000,4.000000,4.000000,4.000000,0.000000,0.000000,3.141593,0
7,42400.000000,0.000000,0.000000,4.000000,4.000000,4.000000,0.000000,0.000000,3.141593,0
7,42800.000000,0.000000,0.000000,4.000000,4.000000,4.000000,0.000000,0.000000,3.141593,0
7,43200.000000,0.000000,0.000000,4.000000,4.000000,4.000000,0.000000,0.000000,3.141593,0
7,43600.000000,0.000000,0.000000,4.000000,4.000000,4.000000,0.000000,0.000000,3.141593,0
7,44000.000000,0.000000,0.000000,4.000000,4.000000,4.000000,0.000000,0.000000,3.141593,0
7,44400.000000,0.000000,0.000000,4.000000,4.000000,4.000000,0.000000,0.000000,3.141593,0
7,44800.000000,0.000000,0.000000,4.000000,4.000000,4.000000,0.000000,0.000000,3.141593,0
7,45200.000000,0.000000,0.000000,4.000000,4.000000,4.000000,0.000000,0.000000,3.141593,0
7,45600.000000,0.000000,0.000000,4.000000,4.000000,4.000000,0.000000,0.000000,3.141593,0
7,46000.000000,0.000000,0.000000,4.000000,4.000000,4.000000,0.000000,0.000000,3.141593,0
2,23200.000000,-6800.000000,0.000000,4.000000,4.000000,4.000000,0.000000,0.000000,3.141593,0
6,22400.000000,-6800.000000,-400.000000,4.000000,24.000000,4.000000,0.000000,0.000000,3.141593,0
6,27600.000000,-5600.000000,-400.000000,94.000000,4.000000,4.000000,0.000000,0.000000,3.141593,0
6,28000.000000,-8000.000000,-400.000000,94.000000,4.000000,4.000000,0.000000,0.000000,3.141593,0
8,32400.000000,-5600.000000,0.000000,4.000000,4.000000,4.000000,0.000000,0.000000,3.141593,0
8,32000.000000,-5600.000000,0.000000,4.000000,4.000000,4.000000,0.000000,0.000000,3.141593,0
8,31600.000000,-5600.000000,0.000000,4.000000,4.000000,4.000000,0.000000,0.000000,3.141593,0
8,31200.000000,-5600.000000,0.000000,4.000000,4.000000,4.000000,0.000000,0.000000,3.141593,0
8,30800.000000,-5600.000000,0.000000,4.000000,4.000000,4.000000,0.000000,0.000000,3.141593,0
8,30400.000000,-5600.000000,0.000000,4.000000,4.000000,4.000000,0.000000,0.000000,3.141593,0
8,30000.000000,-5600.000000,0.000000,4.000000,4.000000,4.000000,0.000000,0.000000,3.141593,0
8,29600.000000,-5600.000000,0.000000,4.000000,4.000000,4.000000,0.000000,0.000000,3.141593,0
8,29200.000000,-5600.000000,0.000000,4.000000,4.000000,4.000000,0.000000,0.000000,3.141593,0
8,28800.000000,-5600.000000,0.000000,4.000000,4.000000,4.000000,0.000000,0.000000,3.141593,0
8,28400.000000,-5600.000000,0.000000,4.000000,4.000000,4.000000,0.000000,0.000000,3.141593,0
8,28000.000000,-5600.000000,0.000000,4.000000,4.000000,4.000000,0.000000,0.000000,3.141593,0
8,27600.000000,-5600.000000,0.000000,4.000000,4.000000,4.000000,0.000000,0.000000,3.141593,0
8,27200.000000,-5600.000000,0.000000,4.000000,4.000000,4.000000,0.000000,0.000000,3.141593,0
8,26800.000000,-5600.000000,0.000000,4.000000,4.000000,4.000000,0.000000,0.000000,3.141593,0
8,26400.000000,-5600.000000,0.000000,4.000000,4.000000,4.000000,0.000000,0.000000,3.141593,0
8,26000.000000,-5600.000000,0.000000,4.000000,4.000000,4.000000,0.000000,0.000000,3.141593,0
8,25600.000000,-5600.000000,0.000000,4.000000,4.000000,4.000000,0.000000,0.000000,3.141593,0
8,25200.000000,-5600.000000,0.000000,4.000000,4.000000,4.000000,0.000000,0.000000,3.141593,0
8,24800.000000,-5600.000000,0.000000,4.000000,4.000000,4.000000,0.000000,0.000000,3.141593,0
8,24400.000000,-5600.000000,0.000000,4.000000,4.000000,4.000000,0.000000,0.000000,3.141593,0
8,24000.000000,-5600.000000,0.000000,4.000000,4.000000,4.000000,0.000000,0.000000,3.141593,0
8,23600.000000,-5600.000000,0.000000,4.000000,4.000000,4.000000,0.000000,0.000000,3.141593,0
8,23200.000000,-5600.000000,0.000000,4.000000,4.000000,4.000000,0.000000,0.000000,3.141593,0
8,22800.000000,-5600.000000,0.000000,4.000000,4.000000,4.000000,0.000000,0.000000,3.141593,0
8,22400.000000,-5600.000000,0.000000,4.000000,4.000000,4.000000,0.000000,0.000000,3.141593,0
8,22400.000000,-6000.000000,0.000000,4.000000,4.000000,4.000000,0.000000,0.000000,3.141593,0
8,22400.000000,-6400.000000,0.000000,4.000000,4.000000,4.000000,0.000000,0.000000,3.141593,0
8,22400.000000,-6800.000000,0.000000,4.000000,4.000000,4.000000,0.000000,0.000000,3.141593,0
8,22400.000000,-7200.000000,0.000000,4.000000,4.000000,4.000000,0.000000,0.000000,3.141593,0
8,22400.000000,-7600.000000,0.000000,4.000000,4.000000,4.000000,0.000000,0.000000,3.141593,0
8,22400.000000,-8000.000000,0.000000,4.000000,4.000000,4.000000,0.000000,0.000000,3.141593,0
8,22800.000000,-8000.000000,0.000000,4.000000,4.000000,4.000000,0.000000,0.000000,3.141593,0
8,23200.000000,-8000.000000,0.000000,4.000000,4.000000,4.000000,0.000000,0.000000,3.141593,0
8,23600.000000,-8000.000000,0.000000,4.000000,4.000000,4.000000,0.000000,0.000000,3.141593,0
8,24000.000000,-8000.000000,0.000000,4.000000,4.000000,4.000000,0.000000,0.000000,3.141593,0
8,24400.000000,-8000.000000,0.000000,4.000000,4.000000,4.000000,0.000000,0.000000,3.141593,0
8,24800.000000,-8000.000000,0.000000,4.000000,4.000000,4.000000,0.000000,0.000000,3.141593,0
8,25200.000000,-8000.000000,0.000000,4.000000,4.000000,4.000000,0.000000,0.000000,3.141593,0
8,25600.000000,-8000.000000,0.000000,4.000000,4.000000,4.000000,0.000000,0.000000,3.141593,0
8,26000.000000,-8000.000000,0.000000,4.000000,4.000000,4.000000,0.000000,0.000000,3.141593,0
8,26400.000000,-8000.000000,0.000000,4.000000,4.000000,4.000000,0.000000,0.000000,3.141593,0
8,26800.000000,-8000.000000,0.000000,4.000000,4.000000,4.000000,0.000000,0.000000,3.141593,0
8,27200.000000,-8000.000000,0.000000,4.000000,4.000000,4.000000,0.000000,0.000000,3.141593,0
8,27600.000000,-8000.000000,0.000000,4.000000,4.000000,4.000000,0.000000,0.000000,3.141593,0
8,28000.000000,-8000.000000,0.000000,4.000000,4.000000,4.000000,0.000000,0.000000,3.141593,0
8,28400.000000,-8000.000000,0.000000,4.000000,4.000000,4.000000,0.000000,0.000000,3.141593,0
8,28800.000000,-8000.000000,0.000000,4.000000,4.000000,4.000000,0.000000,0.000000,3.141593,0
8,29200.000000,-8000.000000,0.000000,4.000000,4.000000,4.000000,0.000000,0.000000,3.141593,0
8,29600.000000,-8000.000000,0.000000,4.000000,4.000000,4.000000,0.000000,0.000000,3.141593,0
8,30000.000000,-8000.000000,0.000000,4.000000,4.000000,4.000000,0.000000,0.000000,3.141593,0
8,30400.000000,-8000.000000,0.000000,4.000000,4.000000,4.000000,0.000000,0.000000,3.141593,0
8,30800.000000,-8000.000000,0.000000,4.000000,4.000000,4.000000,0.000000,0.000000,3.141593,0
8,31200.000000,-8000.000000,0.000000,4.000000,4.000000,4.000000,0.000000,0.000000,3.141593,0
8,31600.000000,-8000.000000,0.000000,4.000000,4.000000,4.000000,0.000000,0.000000,3.141593,0
8,32000.000000,-8000.000000,0.000000,4.000000,4.000000,4.000000,0.000000,0.000000,3.141593,0
8,32400.000000,-8000.000000,0.000000,4.000000,4.000000,4.000000,0.000000,0.000000,3.141593,0
8,32400.000000,-7600.000000,0.000000,4.000000,4.000000,4.000000,0.000000,0.000000,3.141593,0
8,32400.000000,-7200.000000,0.000000,4.000000,4.000000,4.000000,0.000000,0.000000,3.141593,0
8,32400.000000,-6800.000000,0.000000,4.000000,4.000000,4.000000,0.000000,0.000000,3.141593,0
8,32400.000000,-6400.000000,0.000000,4.000000,4.000000,4.000000,0.000000,0.000000,3.141593,0
8,32400.000000,-6000.000000,0.000000,4.000000,4.000000,4.000000,0.000000,0.000000,3.141593,0
6,32400.000000,-6800.000000,-400.000000,4.000000,24.000000,4.000000,0.000000,0.000000,3.141593,0
7,35200.000000,-8000.000000,0.000000,4.000000,4.000000,4.000000,0.000000,0.000000,0.000000,0
0,35200.000000,-6400.000000,0.000000,4.000000,4.000000,4.000000,0.000000,0.000000,0.000000,0
0,35200.000000,-6000.000000,0.000000,4.000000,4.000000,4.000000,0.000000,0.000000,0.000000,0
0,35200.000000,-5600.000000,0.000000,4.000000,4.000000,4.000000,0.000000,0.000000,0.000000,0
0,37200.000000,-4400.000000,0.000000,4.000000,4.000000,4.000000,0.000000,0.000000,0.000000,0
0,37200.000000,-4000.000000,0.000000,4.000000,4.000000,4.000000,0.000000,0.000000,0.000000,0
0,37200.000000,-3600.000000,0.000000,4.000000,4.000000,4.000000,0.000000,0.000000,0.000000,0
0,38800.000000,-2800.000000,0.000000,4.000000,4.000000,4.000000,0.000000,0.000000,0.000000,0
0,38800.000000,-2400.000000,0.000000,4.000000,4.000000,4.000000,0.000000,0.000000,0.000000,0
0,38800.000000,-2000.000000,0.000000,4.000000,4.000000,4.000000,0.000000,0.000000,0.000000,0
2,41200.000000,-2000.000000,0.000000,4.000000,4.000000,4.000000,0.000000,0.000000,0.000000,0
8,40400.000000,-1200.000000,0.000000,4.000000,4.000000,4.000000,0.000000,0.000000,0.000000,0
8,40400.000000,-1600.000000,0.000000,4.000000,4.000000,4.000000,0.000000,0.000000,0.000000,0
8,40400.000000,-2000.000000,0.000000,4.000000,4.000000,4.000000,0.000000,0.000000,0.000000,0
8,40400.000000,-2400.000000,0.000000,4.000000,4.000000,4.000000,0.000000,0.000000,0.000000,0
8,40400.000000,-2800.000000,0.000000,4.000000,4.000000,4.000000,0.000000,0.000000,0.000000,0
8,40800.000000,-2800.000000,0.000000,4.000000,4.000000,4.000000,0.000000,0.000000,0.000000,0
8,41200.000000,-2800.000000,0.000000,4.000000,4.000000,4.000000,0.000000,0.000000,0.000000,0
8,41600.000000,-2800.000000,0.000000,4.000000,4.000000,4.000000,0.000000,0.000000,0.000000,0
8,42000.000000,-2800.000000,0.000000,4.000000,4.000000,4.000000,0.000000,0.000000,0.000000,0
8,42400.000000,-2800.000000,0.000000,4.000000,4.000000,4.000000,0.000000,0.000000,0.000000,0
8,42800.000000,-2800.000000,0.000000,4.000000,4.000000,4.000000,0.000000,0.000000,0.000000,0
8,43200.000000,-2800.000000,0.000000,4.000000,4.000000,4.000000,0.000000,0.000000,0.000000,0
8,43600.000000,-2800.000000,0.000000,4.000000,4.000000,4.000000,0.000000,0.000000,0.000000,0
8,44000.000000,-2800.000000,0.000000,4.000000,4.000000,4.000000,0.000000,0.000000,0.000000,0
8,44400.000000,-2800.000000,0.000000,4.000000,4.000000,4.000000,0.000000,0.000000,0.000000,0
8,44800.000000,-2800.000000,0.000000,4.000000,4.000000,4.000000,0.000000,0.000000,0.000000,0
8,45200.000000,-2800.000000,0.000000,4.000000,4.000000,4.000000,0.000000,0.000000,0.000000,0
8,45600.000000,-2800.000000,0.000000,4.000000,4.000000,4.000000,0.000000,0.000000,0.000000,0
8,46000.000000,-2800.000000,0.000000,4.000000,4.000000,4.000000,0.000000,0.000000,0.000000,0
8,46400.000000,-2800.000000,0.000000,4.000000,4.000000,4.000000,0.000000,0.000000,0.000000,0
8,46800.000000,-2800.000000,0.000000,4.000000,4.000000,4.000000,0.000000,0.000000,0.000000,0
8,47200.000000,-2800.000000,0.000000,4.000000,4.000000,4.000000,0.000000,0.000000,0.000000,0
8,47600.000000,-2800.000000,0.000000,4.000000,4.000000,4.000000,0.000000,0.000000,0.000000,0
8,48000.000000,-2800.000000,0.000000,4.000000,4.000000,4.000000,0.000000,0.000000,0.000000,0
8,48400.000000,-2800.000000,0.000000,4.000000,4.000000,4.000000,0.000000,0.000000,0.000000,0
8,48800.000000,-2800.000000,0.000000,4.000000,4.000000,4.000000,0.000000,0.000000,0.000000,0
8,49200.000000,-2800.000000,0.000000,4.000000,4.000000,4.000000,0.000000,0.000000,0.000000,0
8,49600.000000,-2800.000000,0.000000,4.000000,4.000000,4.000000,0.000000,0.000000,0.000000,0
8,50000.000000,-2800.000000,0.000000,4.000000,4.000000,4.000000,0.000000,0.000000,0.000000,0
8,50400.000000,-2800.000000,0.000000,4.000000,4.000000,4.000000,0.000000,0.000000,0.000000,0
8,40800.000000,-800.000000,0.000000,4.000000,4.000000,4.000000,0.000000,0.000000,0.000000,0
8,41200.000000,-800.000000,0.000000,4.000000,4.000000,4.000000,0.000000,0.000000,0.000000,0
8,41600.000000,-800.000000,0.000000,4.000000,4.000000,4.000000,0.000000,0.000000,0.000000,0
8,42000.000000,-800.000000,0.000000,4.000000,4.000000,4.000000,0.000000,0.000000,0.000000,0
8,42400.000000,-800.000000,0.000000,4.000000,4.000000,4.000000,0.000000,0.000000,0.000000,0
8,42800.000000,-800.000000,0.000000,4.000000,4.000000,4.000000,0.000000,0.000000,0.000000,0
8,43200.000000,-800.000000,0.000000,4.000000,4.000000,4.000000,0.000000,0.000000,0.000000,0
8,43600.000000,-800.000000,0.000000,4.000000,4.000000,4.000000,0.000000,0.000000,0.000000,0
8,44000.000000,-800.000000,0.000000,4.000000,4.000000,4.000000,0.000000,0.000000,0.000000,0
8,44400.000000,-800.000000,0.000000,4.000000,4.000000,4.000000,0.000000,0.000000,0.000000,0
8,44800.000000,-800.000000,0.000000,4.000000,4.000000,4.000000,0.000000,0.000000,0.000000,0
8,45200.000000,-800.000000,0.000000,4.000000,4.000000,4.000000,0.000000,0.000000,0.000000,0
8,45600.000000,-800.000000,0.000000,4.000000,4.000000,4.000000,0.000000,0.000000,0.000000,0
8,46000.000000,-800.000000,0.000000,4.000000,4.000000,4.000000,0.000000,0.000000,0.000000,0
8,46400.000000,-800.000000,0.000000,4.000000,4.000000,4.000000,0.000000,0.000000,0.000000,0
8,46800.000000,-800.000000,0.000000,4.000000,4.000000,4.000000,0.000000,0.000000,0.000000,0
8,47200.000000,-800.000000,0.000000,4.000000,4.000000,4.000000,0.000000,0.000000,0.000000,0
8,47600.000000,-800.000000,0.000000,4.000000,4.000000,4.000000,0.000000,0.000000,0.000000,0
8,48000.000000,-800.000000,0.000000,4.000000,4.000000,4.000000,0.000000,0.000000,0.000000,0
8,48400.000000,-800.000000,0.000000,4.000000,4.000000,4.000000,0.000000,0.000000,0.000000,0
8,48800.000000,-800.000000,0.000000,4.000000,4.000000,4.000000,0.000000,0.000000,0.000000,0
8,49200.000000,-800.000000,0.000000,4.000000,4.000000,4.000000,0.000000,0.000000,0.000000,0
8,49200.000000,-400.000000,0.000000,4.000000,4.000000,4.000000,0.000000,0.000000,0.000000,0
8,49200.000000,0.000000,0.000000,4.000000,4.000000,4.000000,0.000000,0.000000,0.000000,0
8,49200.000000,400.000000,0.000000,4.000000,4.000000,4.000000,0.000000,0.000000,0.000000,0
8,49200.000000,800.000000,0.000000,4.000000,4.000000,4.000000,0.000000,0.000000,0.000000,0
8,49200.000000,1200.000000,0.000000,4.000000,4.000000,4.000000,0.000000,0.000000,0.000000,0
8,49200.000000,1600.000000,0.000000,4.000000,4.000000,4.000000,0.000000,0.000000,0.000000,0
6,44800.000000,-800.000000,-400.000000,84.000000,4.000000,4.000000,0.000000,0.000000,0.000000,0
6,45600.000000,-2800.000000,-400.000000,104.000000,4.000000,4.000000,0.000000,0.000000,0.000000,0
6,50800.000000,-400.000000,-400.000000,4.000000,44.000000,4.000000,0.000000,0.000000,0.000000,0
6,49200.000000,400.000000,-400.000000,4.000000,29.000000,4.000000,0.000000,0.000000,0.000000,0
6,40400.000000,-2000.000000,-400.000000,4.000000,19.000000,4.000000,0.000000,0.000000,0.000000,0
3,36800.000000,-4000.000000,0.000000,4.000000,4.000000,4.000000,0.000000,0.000000,1.570796,0
13,34800.000000,-6000.000000,-400.000000,4.000000,4.000000,4.000000,0.000000,0.000000,1.570796,0
35,48800.000000,-2000.000000,0.000000,34.000000,34.000000,4.000000,0.000000,0.000000,1.570796,0,0,1500,0,-1000
35,45200.000000,-2000.000000,0.000000,34.000000,34.000000,4.000000,0.000000,0.000000,1.570796,0,0,1500,0,-1000
35,21200.000000,-2800.000000,0.000000,14.000000,14.000000,4.000000,0.000000,0.000000,1.570796,0,0,0,-1500,-1000
6,16800.000000,-1200.000000,-400.000000,4.000000,64.000000,4.000000,0.000000,0.000000,0.000000,0
6,15200.000000,-4800.000000,-400.000000,34.000000,4.000000,4.000000,0.000000,0.000000,0.000000,0
6,13600.000000,-2400.000000,-400.000000,4.000000,44.000000,4.000000,0.000000,0.000000,0.000000,0
7,46400.000000,2000.000000,0.000000,4.000000,4.000000,4.000000,0.000000,0.000000,3.141593,0
7,46800.000000,2000.000000,0.000000,4.000000,4.000000,4.000000,0.000000,0.000000,3.141593,0
7,47200.000000,2000.000000,0.000000,4.000000,4.000000,4.000000,0.000000,0.000000,3.141593,0
7,47600.000000,2000.000000,0.000000,4.000000,4.000000,4.000000,0.000000,0.000000,3.141593,0
7,48000.000000,2000.000000,0.000000,4.000000,4.000000,4.000000,0.000000,0.000000,3.141593,0
7,48400.000000,2000.000000,0.000000,4.000000,4.000000,4.000000,0.000000,0.000000,3.141593,0
7,48800.000000,2000.000000,0.000000,4.000000,4.000000,4.000000,0.000000,0.000000,3.141593,0
7,49200.000000,2000.000000,0.000000,4.000000,4.000000,4.000000,0.000000,0.000000,3.141593,0
7,49600.000000,2000.000000,0.000000,4.000000,4.000000,4.000000,0.000000,0.000000,3.141593,0
0,46400.000000,2400.000000,0.000000,4.000000,4.000000,4.000000,0.000000,0.000000,3.141593,0
0,46800.000000,2400.000000,0.000000,4.000000,4.000000,4.000000,0.000000,0.000000,3.141593,0
0,47200.000000,2400.000000,0.000000,4.000000,4.000000,4.000000,0.000000,0.000000,3.141593,0
0,47600.000000,2400.000000,0.000000,4.000000,4.000000,4.000000,0.000000,0.000000,3.141593,0
0,48000.000000,2400.000000,0.000000,4.000000,4.000000,4.000000,0.000000,0.000000,3.141593,0
0,48400.000000,2400.000000,0.000000,4.000000,4.000000,4.000000,0.000000,0.000000,3.141593,0
0,48800.000000,2400.000000,0.000000,4.000000,4.000000,4.000000,0.000000,0.000000,3.141593,0
0,49200.000000,2400.000000,0.000000,4.000000,4.000000,4.000000,0.000000,0.000000,3.141593,0
0,49600.000000,2400.000000,0.000000,4.000000,4.000000,4.000000,0.000000,0.000000,3.141593,0
6,50000.000000,2000.000000,-400.000000,14.000000,4.000000,4.000000,0.000000,0.000000,0.000000,0
7,-4000.000000,-800.000000,0.000000,4.000000,4.000000,4.000000,0.000000,0.000000,3.141593,0
7,-3600.000000,-800.000000,0.000000,4.000000,4.000000,4.000000,0.000000,0.000000,3.141593,0
7,-3200.000000,-800.000000,0.000000,4.000000,4.000000,4.000000,0.000000,0.000000,3.141593,0
7,-2800.000000,-800.000000,0.000000,4.000000,4.000000,4.000000,0.000000,0.000000,3.141593,0
7,-2400.000000,-800.000000,0.000000,4.000000,4.000000,4.000000,0.000000,0.000000,3.141593,0
7,-4400.000000,-800.000000,0.000000,4.000000,4.000000,4.000000,0.000000,0.000000,3.141593,0
7,-2000.000000,-800.000000,0.000000,4.000000,4.000000,4.000000,0.000000,0.000000,3.141593,0
7,-1600.000000,-800.000000,0.000000,4.000000,4.000000,4.000000,0.000000,0.000000,3.141593,0
7,-1200.000000,-800.000000,0.000000,4.000000,4.000000,4.000000,0.000000,0.000000,3.141593,0
7,-800.000000,-800.000000,0.000000,4.000000,4.000000,4.000000,0.000000,0.000000,3.141593,0
7,-400.000000,-800.000000,0.000000,4.000000,4.000000,4.000000,0.000000,0.000000,3.141593,0
7,0.000000,-800.000000,0.000000,4.000000,4.000000,4.000000,0.000000,0.000000,3.141593,0
7,400.000000,-800.000000,0.000000,4.000000,4.000000,4.000000,0.000000,0.000000,3.141593,0
7,800.000000,-800.000000,0.000000,4.000000,4.000000,4.000000,0.000000,0.000000,3.141593,0
7,1200.000000,-800.000000,0.000000,4.000000,4.000000,4.000000,0.000000,0.000000,3.141593,0
7,1600.000000,-800.000000,0.000000,4.000000,4.000000,4.000000,0.000000,0.000000,3.141593,0
7,2000.000000,-800.000000,0.000000,4.000000,4.000000,4.000000,0.000000,0.000000,3.141593,0
7,2400.000000,-800.000000,0.000000,4.000000,4.000000,4.000000,0.000000,0.000000,3.141593,0
7,2800.000000,-800.000000,0.000000,4.000000,4.000000,4.000000,0.000000,0.000000,3.141593,0
7,3200.000000,-800.000000,0.000000,4.000000,4.000000,4.000000,0.000000,0.000000,3.141593,0
7,3600.000000,-800.000000,0.000000,4.000000,4.000000,4.000000,0.000000,0.000000,3.141593,0
7,4000.000000,-800.000000,0.000000,4.000000,4.000000,4.000000,0.000000,0.000000,3.141593,0
7,4400.000000,-800.000000,0.000000,4.000000,4.000000,4.000000,0.000000,0.000000,3.141593,0
7,4800.000000,-800.000000,0.000000,4.000000,4.000000,4.000000,0.000000,0.000000,3.141593,0
7,5200.000000,-800.000000,0.000000,4.000000,4.000000,4.000000,0.000000,0.000000,3.141593,0
7,5600.000000,-800.000000,0.000000,4.000000,4.000000,4.000000,0.000000,0.000000,3.141593,0
7,6000.000000,-800.000000,0.000000,4.000000,4.000000,4.000000,0.000000,0.000000,3.141593,0
7,6400.000000,-800.000000,0.000000,4.000000,4.000000,4.000000,0.000000,0.000000,3.141593,0
7,6800.000000,-800.000000,0.000000,4.000000,4.000000,4.000000,0.000000,0.000000,3.141593,0
7,7200.000000,-800.000000,0.000000,4.000000,4.000000,4.000000,0.000000,0.000000,3.141593,0
7,7600.000000,-800.000000,0.000000,4.000000,4.000000,4.000000,0.000000,0.000000,3.141593,0
7,8000.000000,-800.000000,0.000000,4.000000,4.000000,4.000000,0.000000,0.000000,3.141593,0
7,8400.000000,-800.000000,0.000000,4.000000,4.000000,4.000000,0.000000,0.000000,3.141593,0
7,8800.000000,-800.000000,0.000000,4.000000,4.000000,4.000000,0.000000,0.000000,3.141593,0
7,9200.000000,-800.000000,0.000000,4.000000,4.000000,4.000000,0.000000,0.000000,3.141593,0
7,9600.000000,-800.000000,0.000000,4.000000,4.000000,4.000000,0.000000,0.000000,3.141593,0
7,10000.000000,-800.000000,0.000000,4.000000,4.000000,4.000000,0.000000,0.000000,3.141593,0
7,10400.000000,-800.000000,0.000000,4.000000,4.000000,4.000000,0.000000,0.000000,3.141593,0
7,10800.000000,-800.000000,0.000000,4.000000,4.000000,4.000000,0.000000,0.000000,3.141593,0
7,11200.000000,-800.000000,0.000000,4.000000,4.000000,4.000000,0.000000,0.000000,3.141593,0
7,11600.000000,-800.000000,0.000000,4.000000,4.000000,4.000000,0.000000,0.000000,3.141593,0
7,12000.000000,-800.000000,0.000000,4.000000,4.000000,4.000000,0.000000,0.000000,3.141593,0
7,12400.000000,-800.000000,0.000000,4.000000,4.000000,4.000000,0.000000,0.000000,3.141593,0
7,12800.000000,-800.000000,0.000000,4.000000,4.000000,4.000000,0.000000,0.000000,3.141593,0
7,13200.000000,-800.000000,0.000000,4.000000,4.000000,4.000000,0.000000,0.000000,3.141593,0
6,25600.000000,-7600.000000,-400.000000,4.000000,9.000000,4.000000,0.000000,0.000000,3.141593,0
6,29600.000000,-6000.000000,-400.000000,4.000000,9.000000,4.000000,0.000000,0.000000,3.141593,0
6,42400.000000,-1200.000000,-400.000000,4.000000,5.000000,4.000000,0.000000,0.000000,3.141593,0
6,44400.000000,-2400.000000,-400.000000,4.000000,5.000000,4.000000,0.000000,0.000000,3.141593,0
6,46000.000000,-1200.000000,-400.000000,4.000000,5.000000,4.000000,0.000000,0.000000,3.141593,0
8,25600.000000,-7600.000000,0.000000,4.000000,4.000000,4.000000,0.000000,0.000000,3.141593,0
8,29600.000000,-6000.000000,0.000000,4.000000,4.000000,4.000000,0.000000,0.000000,3.141593,0
8,42400.000000,-1200.000000,0.000000,4.000000,4.000000,4.000000,0.000000,0.000000,3.141593,0
8,44400.000000,-2400.000000,0.000000,4.000000,4.000000,4.000000,0.000000,0.000000,3.141593,0
8,46000.000000,-1200.000000,0.000000,4.000000,4.000000,4.000000,0.000000,0.000000,3.141593,0
35,31200.000000,-6800.000000,0.000000,24.000000,24.000000,4.000000,0.000000,0.000000,0.000000,0,0,0,-1500,-1500
35,38800.000000,-1600.000000,0.000000,24.000000,24.000000,4.000000,0.000000,0.000000,0.000000,0,0,0,-1500,-1500
35,5200.000000,-2400.000000,0.000000,54.000000,54.000000,4.000000,0.000000,0.000000,0.000000,0,0,0,1500,-1500
35,10800.000000,-2400.000000,0.000000,54.000000,54.000000,4.000000,0.000000,0.000000,0.000000,0,0,0,1500,-1500
0,50800.000000,4400.000000,0.000000,4.000000,4.000000,4.000000,0.000000,0.000000,0.000000,0
0,50400.000000,4400.000000,0.000000,4.000000,4.000000,4.000000,0.000000,0.000000,0.000000,0
0,50000.000000,4400.000000,0.000000,4.000000,4.000000,4.000000,0.000000,0.000000,0.000000,0
0,49600.000000,4400.000000,0.000000,4.000000,4.000000,4.000000,0.000000,0.000000,0.000000,0
0,49200.000000,4400.000000,0.000000,4.000000,4.000000,4.000000,0.000000,0.000000,0.000000,0
0,48800.000000,4400.000000,0.000000,4.000000,4.000000,4.000000,0.000000,0.000000,0.000000,0
0,48400.000000,4400.000000,0.000000,4.000000,4.000000,4.000000,0.000000,0.000000,0.000000,0
0,48000.000000,4400.000000,0.000000,4.000000,4.000000,4.000000,0.000000,0.000000,0.000000,0
0,47600.000000,4400.000000,0.000000,4.000000,4.000000,4.000000,0.000000,0.000000,0.000000,0
0,47200.000000,4400.000000,0.000000,4.000000,4.000000,4.000000,0.000000,0.000000,0.000000,0
0,46800.000000,4400.000000,0.000000,4.000000,4.000000,4.000000,0.000000,0.000000,0.000000,0
0,46400.000000,4400.000000,0.000000,4.000000,4.000000,4.000000,0.000000,0.000000,0.000000,0
0,46000.000000,4400.000000,0.000000,4.000000,4.000000,4.000000,0.000000,0.000000,0.000000,0
5,46800.000000,2800.000000,400.000000,8.000000,8.000000,8.000000,0.000000,0.000000,0.000000,0
8,50400.000000,2000.000000,0.000000,4.000000,4.000000,4.000000,0.000000,0.000000,0.000000,0
8,50000.000000,2000.000000,0.000000,4.000000,4.000000,4.000000,0.000000,0.000000,0.000000,0
8,16800.000000,-2800.000000,0.000000,4.000000,4.000000,4.000000,0.000000,0.000000,0.000000,0
4,15600.000000,-2800.000000,0.000000,3.000000,3.000000,3.000000,0.000000,0.000000,0.000000,0
4,38400.000000,-2800.000000,0.000000,3.000000,3.000000,3.000000,0.000000,0.000000,0.000000,0
4,38400.000000,-2400.000000,0.000000,3.000000,3.000000,3.000000,0.000000,0.000000,0.000000,0
4,38400.000000,-2000.000000,0.000000,3.000000,3.000000,3.000000,0.000000,0.000000,0.000000,0
8,40400.000000,-800.000000,0.000000,4.000000,4.000000,4.000000,0.000000,0.000000,0.000000,0
0,17200.000000,-3600.000000,0.000000,4.000000,4.000000,4.000000,0.000000,0.000000,0.000000,0
0,16800.000000,-5200.000000,0.000000,4.000000,4.000000,4.000000,0.000000,0.000000,0.000000,0
0,16800.000000,-4800.000000,0.000000,4.000000,4.000000,4.000000,0.000000,0.000000,0.000000,0
0,16800.000000,-4400.000000,0.000000,4.000000,4.000000,4.000000,0.000000,0.000000,0.000000,0
0,16800.000000,-4000.000000,0.000000,4.000000,4.000000,4.000000,0.000000,0.000000,0.000000,0
0,16800.000000,-3600.000000,0.000000,4.000000,4.000000,4.000000,0.000000,0.000000,0.000000,0
0,13200.000000,-3200.000000,0.000000,4.000000,4.000000,4.000000,0.000000,0.000000,0.000000,0
0,13600.000000,-3200.000000,0.000000,4.000000,4.000000,4.000000,0.000000,0.000000,0.000000,0
0,13600.000000,-3600.000000,0.000000,4.000000,4.000000,4.000000,0.000000,0.000000,0.000000,0
0,13600.000000,-4000.000000,0.000000,4.000000,4.000000,4.000000,0.000000,0.000000,0.000000,0
0,13600.000000,-4400.000000,0.000000,4.000000,4.000000,4.000000,0.000000,0.000000,0.000000,0
0,13600.000000,-4800.000000,0.000000,4.000000,4.000000,4.000000,0.000000,0.000000,0.000000,0
0,13600.000000,-5200.000000,0.000000,4.000000,4.000000,4.000000,0.000000,0.000000,0.000000,0
0,-5200.000000,-2000.000000,4000.000000,4.000000,4.000000,4.000000,0.000000,0.000000,0.000000,0
0,-4800.000000,-2000.000000,4000.000000,4.000000,4.000000,4.000000,0.000000,0.000000,0.000000,0
0,-4400.000000,-2000.000000,4000.000000,4.000000,4.000000,4.000000,0.000000,0.000000,0.000000,0
0,-4000.000000,-2000.000000,4000.000000,4.000000,4.000000,4.000000,0.000000,0.000000,0.000000,0
0,-3600.000000,-2000.000000,4000.000000,4.000000,4.000000,4.000000,0.000000,0.000000,0.000000,0
0,-3200.000000,-2000.000000,4000.000000,4.000000,4.000000,4.000000,0.000000,0.000000,0.000000,0
0,-2800.000000,-2000.000000,4000.000000,4.000000,4.000000,4.000000,0.000000,0.000000,0.000000,0
0,-2400.000000,-2000.000000,4000.000000,4.000000,4.000000,4.000000,0.000000,0.000000,0.000000,0
0,-2000.000000,-2000.000000,4000.000000,4.000000,4.000000,4.000000,0.000000,0.000000,0.000000,0
0,-1600.000000,-2000.000000,4000.000000,4.000000,4.000000,4.000000,0.000000,0.000000,0.000000,0
0,-1200.000000,-2000.000000,4000.000000,4.000000,4.000000,4.000000,0.000000,0.000000,0.000000,0
0,-800.000000,-2000.000000,4000.000000,4.000000,4.000000,4.000000,0.000000,0.000000,0.000000,0
0,-400.000000,-2000.000000,4000.000000,4.000000,4.000000,4.000000,0.000000,0.000000,0.000000,0
0,0.000000,-2000.000000,4000.000000,4.000000,4.000000,4.000000,0.000000,0.000000,0.000000,0
0,400.000000,-2000.000000,4000.000000,4.000000,4.000000,4.000000,0.000000,0.000000,0.000000,0
0,800.000000,-2000.000000,4000.000000,4.000000,4.000000,4.000000,0.000000,0.000000,0.000000,0
0,1200.000000,-2000.000000,4000.000000,4.000000,4.000000,4.000000,0.000000,0.000000,0.000000,0
0,1600.000000,-2000.000000,4000.000000,4.000000,4.000000,4.000000,0.000000,0.000000,0.000000,0
0,2000.000000,-2000.000000,4000.000000,4.000000,4.000000,4.000000,0.000000,0.000000,0.000000,0
0,2400.000000,-2000.000000,4000.000000,4.000000,4.000000,4.000000,0.000000,0.000000,0.000000,0
0,2800.000000,-2000.000000,4000.000000,4.000000,4.000000,4.000000,0.000000,0.000000,0.000000,0
0,3200.000000,-2000.000000,4000.000000,4.000000,4.000000,4.000000,0.000000,0.000000,0.000000,0
0,3600.000000,-2000.000000,4000.000000,4.000000,4.000000,4.000000,0.000000,0.000000,0.000000,0
0,4000.000000,-2000.000000,4000.000000,4.000000,4.000000,4.000000,0.000000,0.000000,0.000000,0
0,-1600.000000,-1600.000000,4000.000000,4.000000,4.000000,4.000000,0.000000,0.000000,0.000000,0
0,-1200.000000,-1600.000000,4000.000000,4.000000,4.000000,4.000000,0.000000,0.000000,0.000000,0
0,-800.000000,-1600.000000,4000.000000,4.000000,4.000000,4.000000,0.000000,0.000000,0.000000,0
0,-400.000000,-1600.000000,4000.000000,4.000000,4.000000,4.000000,0.000000,0.000000,0.000000,0
0,0.000000,-1600.000000,4000.000000,4.000000,4.000000,4.000000,0.000000,0.000000,0.000000,0
0,400.000000,-1600.000000,4000.000000,4.000000,4.000000,4.000000,0.000000,0.000000,0.000000,0
0,800.000000,-1600.000000,4000.000000,4.000000,4.000000,4.000000,0.000000,0.000000,0.000000,0
0,1200.000000,-1600.000000,4000.000000,4.000000,4.000000,4.000000,0.000000,0.000000,0.000000,0
0,1600.000000,-1600.000000,4000.000000,4.000000,4.000000,4.000000,0.000000,0.000000,0.000000,0
0,2000.000000,-1600.000000,4000.000000,4.000000,4.000000,4.000000,0.000000,0.000000,0.000000,0
0,2400.000000,-1600.000000,4000.000000,4.000000,4.000000,4.000000,0.000000,0.000000,0.000000,0
0,2800.000000,-1600.000000,4000.000000,4.000000,4.000000,4.000000,0.000000,0.000000,0.000000,0
0,3200.000000,-1600.000000,4000.000000,4.000000,4.000000,4.000000,0.000000,0.000000,0.000000,0
0,3600.000000,-1600.000000,4000.000000,4.000000,4.000000,4.000000,0.000000,0.000000,0.000000,0
0,4000.000000,-1600.000000,4000.000000,4.000000,4.000000,4.000000,0.000000,0.000000,0.000000,0
0,4400.000000,-1600.000000,4000.000000,4.000000,4.000000,4.000000,0.000000,0.000000,0.000000,0
0,4800.000000,-1600.000000,4000.000000,4.000000,4.000000,4.000000,0.000000,0.000000,0.000000,0
0,5200.000000,-1600.000000,4000.000000,4.000000,4.000000,4.000000,0.000000,0.000000,0.000000,0
0,400.000000,-1200.000000,4000.000000,4.000000,4.000000,4.000000,0.000000,0.000000,0.000000,0
0,800.000000,-1200.000000,4000.000000,4.000000,4.000000,4.000000,0.000000,0.000000,0.000000,0
0,1200.000000,-1200.000000,4000.000000,4.000000,4.000000,4.000000,0.000000,0.000000,0.000000,0
0,1600.000000,-1200.000000,4000.000000,4.000000,4.000000,4.000000,0.000000,0.000000,0.000000,0
0,2000.000000,-1200.000000,4000.000000,4.000000,4.000000,4.000000,0.000000,0.000000,0.000000,0
0,2400.000000,-1200.000000,4000.000000,4.000000,4.000000,4.000000,0.000000,0.000000,0.000000,0
0,2800.000000,-1200.000000,4000.000000,4.000000,4.000000,4.000000,0.000000,0.000000,0.000000,0
0,3200.000000,-1200.000000,4000.000000,4.000000,4.000000,4.000000,0.000000,0.000000,0.000000,0
0,3600.000000,-1200.000000,4000.000000,4.000000,4.000000,4.000000,0.000000,0.000000,0.000000,0
0,4000.000000,-1200.000000,4000.000000,4.000000,4.000000,4.000000,0.000000,0.000000,0.000000,0
0,4400.000000,-1200.000000,4000.000000,4.000000,4.000000,4.000000,0.000000,0.000000,0.000000,0
0,4800.000000,-1200.000000,4000.000000,4.000000,4.000000,4.000000,0.000000,0.000000,0.000000,0
0,5200.000000,-1200.000000,4000.000000,4.000000,4.000000,4.000000,0.000000,0.000000,0.000000,0
0,5600.000000,-1200.000000,4000.000000,4.000000,4.000000,4.000000,0.000000,0.000000,0.000000,0
0,6000.000000,-1200.000000,4000.000000,4.000000,4.000000,4.000000,0.000000,0.000000,0.000000,0
0,6400.000000,-1200.000000,4000.000000,4.000000,4.000000,4.000000,0.000000,0.000000,0.000000,0
0,6800.000000,-1200.000000,4000.000000,4.000000,4.000000,4.000000,0.000000,0.000000,0.000000,0
0,7200.000000,-1200.000000,4000.000000,4.000000,4.000000,4.000000,0.000000,0.000000,0.000000,0
0,7600.000000,-1200.000000,4000.000000,4.000000,4.000000,4.000000,0.000000,0.000000,0.000000,0
0,8000.000000,-1200.000000,4000.000000,4.000000,4.000000,4.000000,0.000000,0.000000,0.000000,0
0,8400.000000,-1200.000000,4000.000000,4.000000,4.000000,4.000000,0.000000,0.000000,0.000000,0
0,8800.000000,-1200.000000,4000.000000,4.000000,4.000000,4.000000,0.000000,0.000000,0.000000,0
0,9200.000000,-1200.000000,4000.000000,4.000000,4.000000,4.000000,0.000000,0.000000,0.000000,0
0,4400.000000,-2000.000000,4000.000000,4.000000,4.000000,4.000000,0.000000,0.000000,0.000000,0
0,4800.000000,-2000.000000,4000.000000,4.000000,4.000000,4.000000,0.000000,0.000000,0.000000,0
0,5200.000000,-2000.000000,4000.000000,4.000000,4.000000,4.000000,0.000000,0.000000,0.000000,0
0,5600.000000,-2000.000000,4000.000000,4.000000,4.000000,4.000000,0.000000,0.000000,0.000000,0
0,6000.000000,-2000.000000,4000.000000,4.000000,4.000000,4.000000,0.000000,0.000000,0.000000,0
0,6400.000000,-2000.000000,4000.000000,4.000000,4.000000,4.000000,0.000000,0.000000,0.000000,0
0,6800.000000,-2000.000000,4000.000000,4.000000,4.000000,4.000000,0.000000,0.000000,0.000000,0
0,7200.000000,-2000.000000,4000.000000,4.000000,4.000000,4.000000,0.000000,0.000000,0.000000,0
0,7600.000000,-2000.000000,4000.000000,4.000000,4.000000,4.000000,0.000000,0.000000,0.000000,0
0,8000.000000,-2000.000000,4000.000000,4.000000,4.000000,4.000000,0.000000,0.000000,0.000000,0
0,8400.000000,-2000.000000,4000.000000,4.000000,4.000000,4.000000,0.000000,0.000000,0.000000,0
0,8800.000000,-2000.000000,4000.000000,4.000000,4.000000,4.000000,0.000000,0.000000,0.000000,0
0,9200.000000,-2000.000000,4000.000000,4.000000,4.000000,4.000000,0.000000,0.000000,0.000000,0
0,9600.000000,-2000.000000,4000.000000,4.000000,4.000000,4.000000,0.000000,0.000000,0.000000,0
0,10000.000000,-2000.000000,4000.000000,4.000000,4.000000,4.000000,0.000000,0.000000,0.000000,0
0,5600.000000,-1600.000000,4000.000000,4.000000,4.000000,4.000000,0.000000,0.000000,0.000000,0
0,6000.000000,-1600.000000,4000.000000,4.000000,4.000000,4.000000,0.000000,0.000000,0.000000,0
0,6400.000000,-1600.000000,4000.000000,4.000000,4.000000,4.000000,0.000000,0.000000,0.000000,0
0,6800.000000,-1600.000000,4000.000000,4.000000,4.000000,4.000000,0.000000,0.000000,0.000000,0
0,7200.000000,-1600.000000,4000.000000,4.000000,4.000000,4.000000,0.000000,0.000000,0.000000,0
0,7600.000000,-1600.000000,4000.000000,4.000000,4.000000,4.000000,0.000000,0.000000,0.000000,0
0,8000.000000,-1600.000000,4000.000000,4.000000,4.000000,4.000000,0.000000,0.000000,0.000000,0
0,8400.000000,-1600.000000,4000.000000,4.000000,4.000000,4.000000,0.000000,0.000000,0.000000,0
0,8800.000000,-1600.000000,4000.000000,4.000000,4.000000,4.000000,0.000000,0.000000,0.000000,0
0,9200.000000,-1600.000000,4000.000000,4.000000,4.000000,4.000000,0.000000,0.000000,0.000000,0
0,9600.000000,-1600.000000,4000.000000,4.000000,4.000000,4.000000,0.000000,0.000000,0.000000,0
0,10000.000000,-1600.000000,4000.000000,4.000000,4.000000,4.000000,0.000000,0.000000,0.000000,0
0,10400.000000,-1600.000000,4000.000000,4.000000,4.000000,4.000000,0.000000,0.000000,0.000000,0
0,10800.000000,-1600.000000,4000.000000,4.000000,4.000000,4.000000,0.000000,0.000000,0.000000,0
0,9600.000000,-1200.000000,4000.000000,4.000000,4.000000,4.000000,0.000000,0.000000,0.000000,0
0,10000.000000,-1200.000000,4000.000000,4.000000,4.000000,4.000000,0.000000,0.000000,0.000000,0
0,10400.000000,-1200.000000,4000.000000,4.000000,4.000000,4.000000,0.000000,0.000000,0.000000,0
0,10800.000000,-1200.000000,4000.000000,4.000000,4.000000,4.000000,0.000000,0.000000,0.000000,0
0,11200.000000,-1200.000000,4000.000000,4.000000,4.000000,4.000000,0.000000,0.000000,0.000000,0
0,11600.000000,-1200.000000,4000.000000,4.000000,4.000000,4.000000,0.000000,0.000000,0.000000,0
0,12000.000000,-1200.000000,4000.000000,4.000000,4.000000,4.000000,0.000000,0.000000,0.000000,0
0,12000.000000,-1600.000000,4000.000000,4.000000,4.000000,4.000000,0.000000,0.000000,0.000000,0
0,11600.000000,-1600.000000,4000.000000,4.000000,4.000000,4.000000,0.000000,0.000000,0.000000,0
0,11200.000000,-1600.000000,4000.000000,4.000000,4.000000,4.000000,0.000000,0.000000,0.000000,0
0,10400.000000,-2000.000000,4000.000000,4.000000,4.000000,4.000000,0.000000,0.000000,0.000000,0
0,10800.000000,-2000.000000,4000.000000,4.000000,4.000000,4.000000,0.000000,0.000000,0.000000,0
0,11200.000000,-2000.000000,4000.000000,4.000000,4.000000,4.000000,0.000000,0.000000,0.000000,0
0,11600.000000,-2000.000000,4000.000000,4.000000,4.000000,4.000000,0.000000,0.000000,0.000000,0
0,12000.000000,-2000.000000,4000.000000,4.000000,4.000000,4.000000,0.000000,0.000000,0.000000,0
0,12400.000000,-2000.000000,4000.000000,4.000000,4.000000,4.000000,0.000000,0.000000,0.000000,0
0,12800.000000,-2000.000000,4000.000000,4.000000,4.000000,4.000000,0.000000,0.000000,0.000000,0
0,13200.000000,-2000.000000,4000.000000,4.000000,4.000000,4.000000,0.000000,0.000000,0.000000,0
0,13600.000000,-2000.000000,4000.000000,4.000000,4.000000,4.000000,0.000000,0.000000,0.000000,0
0,14000.000000,-2000.000000,4000.000000,4.000000,4.000000,4.000000,0.000000,0.000000,0.000000,0
0,14400.000000,-2000.000000,4000.000000,4.000000,4.000000,4.000000,0.000000,0.000000,0.000000,0
0,14800.000000,-2000.000000,4000.000000,4.000000,4.000000,4.000000,0.000000,0.000000,0.000000,0
0,15200.000000,-2000.000000,4000.000000,4.000000,4.000000,4.000000,0.000000,0.000000,0.000000,0
0,15600.000000,-2000.000000,4000.000000,4.000000,4.000000,4.000000,0.000000,0.000000,0.000000,0
0,16000.000000,-2000.000000,4000.000000,4.000000,4.000000,4.000000,0.000000,0.000000,0.000000,0
0,16400.000000,-2000.000000,4000.000000,4.000000,4.000000,4.000000,0.000000,0.000000,0.000000,0
0,16800.000000,-2000.000000,4000.000000,4.000000,4.000000,4.000000,0.000000,0.000000,0.000000,0
0,17200.000000,-2000.000000,4000.000000,4.000000,4.000000,4.000000,0.000000,0.000000,0.000000,0
0,17600.000000,-2000.000000,4000.000000,4.000000,4.000000,4.000000,0.000000,0.000000,0.000000,0
0,18000.000000,-2000.000000,4000.000000,4.000000,4.000000,4.000000,0.000000,0.000000,0.000000,0
0,18400.000000,-2000.000000,4000.000000,4.000000,4.000000,4.000000,0.000000,0.000000,0.000000,0
0,18800.000000,-2000.000000,4000.000000,4.000000,4.000000,4.000000,0.000000,0.000000,0.000000,0
0,19200.000000,-2000.000000,4000.000000,4.000000,4.000000,4.000000,0.000000,0.000000,0.000000,0
0,19600.000000,-2000.000000,4000.000000,4.000000,4.000000,4.000000,0.000000,0.000000,0.000000,0
0,18800.000000,-1600.000000,4000.000000,4.000000,4.000000,4.000000,0.000000,0.000000,0.000000,0
0,18400.000000,-1600.000000,4000.000000,4.000000,4.000000,4.000000,0.000000,0.000000,0.000000,0
0,18000.000000,-1600.000000,4000.000000,4.000000,4.000000,4.000000,0.000000,0.000000,0.000000,0
0,17600.000000,-1600.000000,4000.000000,4.000000,4.000000,4.000000,0.000000,0.000000,0.000000,0
0,17200.000000,-1600.000000,4000.000000,4.000000,4.000000,4.000000,0.000000,0.000000,0.000000,0
0,16800.000000,-1600.000000,4000.000000,4.000000,4.000000,4.000000,0.000000,0.000000,0.000000,0
0,16400.000000,-1600.000000,4000.000000,4.000000,4.000000,4.000000,0.000000,0.000000,0.000000,0
0,16000.000000,-1600.000000,4000.000000,4.000000,4.000000,4.000000,0.000000,0.000000,0.000000,0
0,15600.000000,-1600.000000,4000.000000,4.000000,4.000000,4.000000,0.000000,0.000000,0.000000,0
0,15200.000000,-1600.000000,4000.000000,4.000000,4.000000,4.000000,0.000000,0.000000,0.000000,0
0,14800.000000,-1600.000000,4000.000000,4.000000,4.000000,4.000000,0.000000,0.000000,0.000000,0
0,14400.000000,-1600.000000,4000.000000,4.000000,4.000000,4.000000,0.000000,0.000000,0.000000,0
0,14000.000000,-1600.000000,4000.000000,4.000000,4.000000,4.000000,0.000000,0.000000,0.000000,0
0,13600.000000,-1600.000000,4000.000000,4.000000,4.000000,4.000000,0.000000,0.000000,0.000000,0
0,13200.000000,-1600.000000,4000.000000,4.000000,4.000000,4.000000,0.000000,0.000000,0.000000,0
0,12800.000000,-1600.000000,4000.000000,4.000000,4.000000,4.000000,0.000000,0.000000,0.000000,0
0,12400.000000,-1600.000000,4000.000000,4.000000,4.000000,4.000000,0.000000,0.000000,0.000000,0
0,12400.000000,-1200.000000,4000.000000,4.000000,4.000000,4.000000,0.000000,0.000000,0.000000,0
0,12800.000000,-1200.000000,4000.000000,4.000000,4.000000,4.000000,0.000000,0.000000,0.000000,0
0,13200.000000,-1200.000000,4000.000000,4.000000,4.000000,4.000000,0.000000,0.000000,0.000000,0
0,13600.000000,-1200.000000,4000.000000,4.000000,4.000000,4.000000,0.000000,0.000000,0.000000,0
0,14000.000000,-1200.000000,4000.000000,4.000000,4.000000,4.000000,0.000000,0.000000,0.000000,0
0,14400.000000,-1200.000000,4000.000000,4.000000,4.000000,4.000000,0.000000,0.000000,0.000000,0
0,14800.000000,-1200.000000,4000.000000,4.000000,4.000000,4.000000,0.000000,0.000000,0.000000,0
0,15200.000000,-1200.000000,4000.000000,4.000000,4.000000,4.000000,0.000000,0.000000,0.000000,0
0,15600.000000,-1200.000000,4000.000000,4.000000,4.000000,4.000000,0.000000,0.000000,0.000000,0
0,16000.000000,-1200.000000,4000.000000,4.000000,4.000000,4.000000,0.000000,0.000000,0.000000,0
0,16400.000000,-1200.000000,4000.000000,4.000000,4.000000,4.000000,0.000000,0.000000,0.000000,0
0,16800.000000,-1200.000000,4000.000000,4.000000,4.000000,4.000000,0.000000,0.000000,0.000000,0
0,17200.000000,-1200.000000,4000.000000,4.000000,4.000000,4.000000,0.000000,0.000000,0.000000,0
0,17600.000000,-1200.000000,4000.000000,4.000000,4.000000,4.000000,0.000000,0.000000,0.000000,0
0,18000.000000,-1200.000000,4000.000000,4.000000,4.000000,4.000000,0.000000,0.000000,0.000000,0
0,18400.000000,-1200.000000,4000.000000,4.000000,4.000000,4.000000,0.000000,0.000000,0.000000,0
0,18800.000000,-1200.000000,4000.000000,4.000000,4.000000,4.000000,0.000000,0.000000,0.000000,0
0,19200.000000,-1200.000000,4000.000000,4.000000,4.000000,4.000000,0.000000,0.000000,0.000000,0
0,19600.000000,-1200.000000,4000.000000,4.000000,4.000000,4.000000,0.000000,0.000000,0.000000,0
0,19600.000000,-1600.000000,4000.000000,4.000000,4.000000,4.000000,0.000000,0.000000,0.000000,0
0,19200.000000,-1600.000000,4000.000000,4.000000,4.000000,4.000000,0.000000,0.000000,0.000000,0
0,3200.000000,-800.000000,4000.000000,4.000000,4.000000,4.000000,0.000000,0.000000,0.000000,0
0,2800.000000,-800.000000,4000.000000,4.000000,4.000000,4.000000,0.000000,0.000000,0.000000,0
0,2400.000000,-800.000000,4000.000000,4.000000,4.000000,4.000000,0.000000,0.000000,0.000000,0
0,2000.000000,-800.000000,4000.000000,4.000000,4.000000,4.000000,0.000000,0.000000,0.000000,0
0,3600.000000,-800.000000,4000.000000,4.000000,4.000000,4.000000,0.000000,0.000000,0.000000,0
0,4000.000000,-800.000000,4000.000000,4.000000,4.000000,4.000000,0.000000,0.000000,0.000000,0
0,4400.000000,-800.000000,4000.000000,4.000000,4.000000,4.000000,0.000000,0.000000,0.000000,0
0,4800.000000,-800.000000,4000.000000,4.000000,4.000000,4.000000,0.000000,0.000000,0.000000,0
0,5200.000000,-800.000000,4000.000000,4.000000,4.000000,4.000000,0.000000,0.000000,0.000000,0
0,5600.000000,-800.000000,4000.000000,4.000000,4.000000,4.000000,0.000000,0.000000,0.000000,0
0,6000.000000,-800.000000,4000.000000,4.000000,4.000000,4.000000,0.000000,0.000000,0.000000,0
0,6400.000000,-800.000000,4000.000000,4.000000,4.000000,4.000000,0.000000,0.000000,0.000000,0
0,6800.000000,-800.000000,4000.000000,4.000000,4.000000,4.000000,0.000000,0.000000,0.000000,0
0,7200.000000,-800.000000,4000.000000,4.000000,4.000000,4.000000,0.000000,0.000000,0.000000,0
0,7600.000000,-800.000000,4000.000000,4.000000,4.000000,4.000000,0.000000,0.000000,0.000000,0
0,8000.000000,-800.000000,4000.000000,4.000000,4.000000,4.000000,0.000000,0.000000,0.000000,0
0,8400.000000,-800.000000,4000.000000,4.000000,4.000000,4.000000,0.000000,0.000000,0.000000,0
0,8800.000000,-800.000000,4000.000000,4.000000,4.000000,4.000000,0.000000,0.000000,0.000000,0
0,9200.000000,-800.000000,4000.000000,4.000000,4.000000,4.000000,0.000000,0.000000,0.000000,0
0,9600.000000,-800.000000,4000.000000,4.000000,4.000000,4.000000,0.000000,0.000000,0.000000,0
0,10000.000000,-800.000000,4000.000000,4.000000,4.000000,4.000000,0.000000,0.000000,0.000000,0
0,10400.000000,-800.000000,4000.000000,4.000000,4.000000,4.000000,0.000000,0.000000,0.000000,0
0,10800.000000,-800.000000,4000.000000,4.000000,4.000000,4.000000,0.000000,0.000000,0.000000,0
0,11200.000000,-800.000000,4000.000000,4.000000,4.000000,4.000000,0.000000,0.000000,0.000000,0
0,11600.000000,-800.000000,4000.000000,4.000000,4.000000,4.000000,0.000000,0.000000,0.000000,0
0,12000.000000,-800.000000,4000.000000,4.000000,4.000000,4.000000,0.000000,0.000000,0.000000,0
0,12400.000000,-800.000000,4000.000000,4.000000,4.000000,4.000000,0.000000,0.000000,0.000000,0
0,12800.000000,-800.000000,4000.000000,4.000000,4.000000,4.000000,0.000000,0.000000,0.000000,0
0,13200.000000,-800.000000,4000.000000,4.000000,4.000000,4.000000,0.000000,0.000000,0.000000,0
0,13600.000000,-800.000000,4000.000000,4.000000,4.000000,4.000000,0.000000,0.000000,0.000000,0
0,14000.000000,-800.000000,4000.000000,4.000000,4.000000,4.000000,0.000000,0.000000,0.000000,0
0,14400.000000,-800.000000,4000.000000,4.000000,4.000000,4.000000,0.000000,0.000000,0.000000,0
0,14800.000000,-800.000000,4000.000000,4.000000,4.000000,4.000000,0.000000,0.000000,0.000000,0
0,15200.000000,-800.000000,4000.000000,4.000000,4.000000,4.000000,0.000000,0.000000,0.000000,0
0,15600.000000,-800.000000,4000.000000,4.000000,4.000000,4.000000,0.000000,0.000000,0.000000,0
0,16000.000000,-800.000000,4000.000000,4.000000,4.000000,4.000000,0.000000,0.000000,0.000000,0
0,16400.000000,-800.000000,4000.000000,4.000000,4.000000,4.000000,0.000000,0.000000,0.000000,0
0,16800.000000,-800.000000,4000.000000,4.000000,4.000000,4.000000,0.000000,0.000000,0.000000,0
0,17200.000000,-800.000000,4000.000000,4.000000,4.000000,4.000000,0.000000,0.000000,0.000000,0
0,17600.000000,-800.000000,4000.000000,4.000000,4.000000,4.000000,0.000000,0.000000,0.000000,0
0,18000.000000,-800.000000,4000.000000,4.000000,4.000000,4.000000,0.000000,0.000000,0.000000,0
0,18400.000000,-800.000000,4000.000000,4.000000,4.000000,4.000000,0.000000,0.000000,0.000000,0
0,18800.000000,-800.000000,4000.000000,4.000000,4.000000,4.000000,0.000000,0.000000,0.000000,0
0,19200.000000,-800.000000,4000.000000,4.000000,4.000000,4.000000,0.000000,0.000000,0.000000,0
0,19600.000000,-800.000000,4000.000000,4.000000,4.000000,4.000000,0.000000,0.000000,0.000000,0
0,-5600.000000,0.000000,5600.000000,4.000000,4.000000,4.000000,0.000000,0.000000,0.000000,0
0,-5200.000000,0.000000,5600.000000,4.000000,4.000000,4.000000,0.000000,0.000000,0.000000,0
0,-4800.000000,0.000000,5600.000000,4.000000,4.000000,4.000000,0.000000,0.000000,0.000000,0
0,-4400.000000,0.000000,5600.000000,4.000000,4.000000,4.000000,0.000000,0.000000,0.000000,0
0,-4000.000000,0.000000,5600.000000,4.000000,4.000000,4.000000,0.000000,0.000000,0.000000,0
0,-3600.000000,0.000000,5600.000000,4.000000,4.000000,4.000000,0.000000,0.000000,0.000000,0
0,-3200.000000,0.000000,5600.000000,4.000000,4.000000,4.000000,0.000000,0.000000,0.000000,0
0,-2800.000000,0.000000,5600.000000,4.000000,4.000000,4.000000,0.000000,0.000000,0.000000,0
0,-2400.000000,0.000000,5600.000000,4.000000,4.000000,4.000000,0.000000,0.000000,0.000000,0
0,-2000.000000,0.000000,5600.000000,4.000000,4.000000,4.000000,0.000000,0.000000,0.000000,0
0,-1600.000000,0.000000,5600.000000,4.000000,4.000000,4.000000,0.000000,0.000000,0.000000,0
0,-1200.000000,0.000000,5600.000000,4.000000,4.000000,4.000000,0.000000,0.000000,0.000000,0
0,-800.000000,0.000000,5600.000000,4.000000,4.000000,4.000000,0.000000,0.000000,0.000000,0
0,-400.000000,0.000000,5600.000000,4.000000,4.000000,4.000000,0.000000,0.000000,0.000000,0
0,0.000000,0.000000,5600.000000,4.000000,4.000000,4.000000,0.000000,0.000000,0.000000,0
0,400.000000,0.000000,5600.000000,4.000000,4.000000,4.000000,0.000000,0.000000,0.000000,0
0,800.000000,0.000000,5600.000000,4.000000,4.000000,4.000000,0.000000,0.000000,0.000000,0
0,1200.000000,0.000000,5600.000000,4.000000,4.000000,4.000000,0.000000,0.000000,0.000000,0
0,1600.000000,0.000000,5600.000000,4.000000,4.000000,4.000000,0.000000,0.000000,0.000000,0
0,2000.000000,0.000000,5600.000000,4.000000,4.000000,4.000000,0.000000,0.000000,0.000000,0
0,2400.000000,0.000000,5600.000000,4.000000,4.000000,4.000000,0.000000,0.000000,0.000000,0
0,2800.000000,0.000000,5600.000000,4.000000,4.000000,4.000000,0.000000,0.000000,0.000000,0
0,3200.000000,0.000000,5600.000000,4.000000,4.000000,4.000000,0.000000,0.000000,0.000000,0
0,3600.000000,0.000000,5600.000000,4.000000,4.000000,4.000000,0.000000,0.000000,0.000000,0
0,4000.000000,0.000000,5600.000000,4.000000,4.000000,4.000000,0.000000,0.000000,0.000000,0
0,4400.000000,0.000000,5600.000000,4.000000,4.000000,4.000000,0.000000,0.000000,0.000000,0
0,4800.000000,0.000000,5600.000000,4.000000,4.000000,4.000000,0.000000,0.000000,0.000000,0
0,5200.000000,0.000000,5600.000000,4.000000,4.000000,4.000000,0.000000,0.000000,0.000000,0
0,5600.000000,0.000000,5600.000000,4.000000,4.000000,4.000000,0.000000,0.000000,0.000000,0
0,6000.000000,0.000000,5600.000000,4.000000,4.000000,4.000000,0.000000,0.000000,0.000000,0
0,6400.000000,0.000000,5600.000000,4.000000,4.000000,4.000000,0.000000,0.000000,0.000000,0
0,6800.000000,0.000000,5600.000000,4.000000,4.000000,4.000000,0.000000,0.000000,0.000000,0
0,7200.000000,0.000000,5600.000000,4.000000,4.000000,4.000000,0.000000,0.000000,0.000000,0
0,7600.000000,0.000000,5600.000000,4.000000,4.000000,4.000000,0.000000,0.000000,0.000000,0
0,8000.000000,0.000000,5600.000000,4.000000,4.000000,4.000000,0.000000,0.000000,0.000000,0
0,8400.000000,0.000000,5600.000000,4.000000,4.000000,4.000000,0.000000,0.000000,0.000000,0
0,8800.000000,0.000000,5600.000000,4.000000,4.000000,4.000000,0.000000,0.000000,0.000000,0
0,9200.000000,0.000000,5600.000000,4.000000,4.000000,4.000000,0.000000,0.000000,0.000000,0
0,9600.000000,0.000000,5600.000000,4.000000,4.000000,4.000000,0.000000,0.000000,0.000000,0
0,10000.000000,0.000000,5600.000000,4.000000,4.000000,4.000000,0.000000,0.000000,0.000000,0
0,10400.000000,0.000000,5600.000000,4.000000,4.000000,4.000000,0.000000,0.000000,0.000000,0
0,10800.000000,0.000000,5600.000000,4.000000,4.000000,4.000000,0.000000,0.000000,0.000000,0
0,11200.000000,0.000000,5600.000000,4.000000,4.000000,4.000000,0.000000,0.000000,0.000000,0
0,11600.000000,0.000000,5600.000000,4.000000,4.000000,4.000000,0.000000,0.000000,0.000000,0
0,12000.000000,0.000000,5600.000000,4.000000,4.000000,4.000000,0.000000,0.000000,0.000000,0
0,12400.000000,0.000000,5600.000000,4.000000,4.000000,4.000000,0.000000,0.000000,0.000000,0
0,12800.000000,0.000000,5600.000000,4.000000,4.000000,4.000000,0.000000,0.000000,0.000000,0
0,13200.000000,0.000000,5600.000000,4.000000,4.000000,4.000000,0.000000,0.000000,0.000000,0
0,13600.000000,0.000000,5600.000000,4.000000,4.000000,4.000000,0.000000,0.000000,0.000000,0
0,14000.000000,0.000000,5600.000000,4.000000,4.000000,4.000000,0.000000,0.000000,0.000000,0
0,14400.000000,0.000000,5600.000000,4.000000,4.000000,4.000000,0.000000,0.000000,0.000000,0
0,14800.000000,0.000000,5600.000000,4.000000,4.000000,4.000000,0.000000,0.000000,0.000000,0
0,15200.000000,0.000000,5600.000000,4.000000,4.000000,4.000000,0.000000,0.000000,0.000000,0
0,15600.000000,0.000000,5600.000000,4.000000,4.000000,4.000000,0.000000,0.000000,0.000000,0
0,16000.000000,0.000000,5600.000000,4.000000,4.000000,4.000000,0.000000,0.000000,0.000000,0
0,16400.000000,0.000000,5600.000000,4.000000,4.000000,4.000000,0.000000,0.000000,0.000000,0
0,16800.000000,0.000000,5600.000000,4.000000,4.000000,4.000000,0.000000,0.000000,0.000000,0
0,17200.000000,0.000000,5600.000000,4.000000,4.000000,4.000000,0.000000,0.000000,0.000000,0
0,17600.000000,0.000000,5600.000000,4.000000,4.000000,4.000000,0.000000,0.000000,0.000000,0
0,18000.000000,0.000000,5600.000000,4.000000,4.000000,4.000000,0.000000,0.000000,0.000000,0
0,18400.000000,0.000000,5600.000000,4.000000,4.000000,4.000000,0.000000,0.000000,0.000000,0
0,18800.000000,0.000000,5600.000000,4.000000,4.000000,4.000000,0.000000,0.000000,0.000000,0
0,19200.000000,0.000000,5600.000000,4.000000,4.000000,4.000000,0.000000,0.000000,0.000000,0
0,19600.000000,0.000000,5600.000000,4.000000,4.000000,4.000000,0.000000,0.000000,0.000000,0
0,20000.000000,0.000000,5600.000000,4.000000,4.000000,4.000000,0.000000,0.000000,0.000000,0
0,20400.000000,0.000000,5600.000000,4.000000,4.000000,4.000000,0.000000,0.000000,0.000000,0
0,20800.000000,0.000000,5600.000000,4.000000,4.000000,4.000000,0.000000,0.000000,0.000000,0
0,21200.000000,0.000000,5600.000000,4.000000,4.000000,4.000000,0.000000,0.000000,0.000000,0
0,22000.000000,-3600.000000,20000.000000,104.000000,104.000000,4.000000,0.000000,0.000000,0.000000,0
0,35600.000000,-5600.000000,9600.000000,4.000000,4.000000,4.000000,0.000000,0.000000,0.000000,0
0,35600.000000,-5200.000000,9600.000000,4.000000,4.000000,4.000000,0.000000,0.000000,0.000000,0
0,35600.000000,-4800.000000,9600.000000,4.000000,4.000000,4.000000,0.000000,0.000000,0.000000,0
0,35600.000000,-4400.000000,9600.000000,4.000000,4.000000,4.000000,0.000000,0.000000,0.000000,0
0,35600.000000,-4000.000000,9600.000000,4.000000,4.000000,4.000000,0.000000,0.000000,0.000000,0
0,35600.000000,-3600.000000,9600.000000,4.000000,4.000000,4.000000,0.000000,0.000000,0.000000,0
0,35600.000000,-3200.000000,9600.000000,4.000000,4.000000,4.000000,0.000000,0.000000,0.000000,0
0,35600.000000,-2800.000000,9600.000000,4.000000,4.000000,4.000000,0.000000,0.000000,0.000000,0
0,35600.000000,-2400.000000,9600.000000,4.000000,4.000000,4.000000,0.000000,0.000000,0.000000,0
0,38000.000000,-3200.000000,7200.000000,4.000000,4.000000,4.000000,0.000000,0.000000,0.000000,0
0,38000.000000,-2800.000000,7200.000000,4.000000,4.000000,4.000000,0.000000,0.000000,0.000000,0
0,38000.000000,-2400.000000,7200.000000,4.000000,4.000000,4.000000,0.000000,0.000000,0.000000,0
0,38000.000000,-2000.000000,7200.000000,4.000000,4.000000,4.000000,0.000000,0.000000,0.000000,0
0,38000.000000,-1600.000000,7200.000000,4.000000,4.000000,4.000000,0.000000,0.000000,0.000000,0
0,38000.000000,-1200.000000,7200.000000,4.000000,4.000000,4.000000,0.000000,0.000000,0.000000,0
0,38000.000000,-800.000000,7200.000000,4.000000,4.000000,4.000000,0.000000,0.000000,0.000000,0
0,38000.000000,-400.000000,7200.000000,4.000000,4.000000,4.000000,0.000000,0.000000,0.000000,0
0,38000.000000,0.000000,7200.000000,4.000000,4.000000,4.000000,0.000000,0.000000,0.000000,0
0,33600.000000,-4000.000000,12000.000000,4.000000,4.000000,4.000000,0.000000,0.000000,0.000000,0
0,33600.000000,-4400.000000,12000.000000,4.000000,4.000000,4.000000,0.000000,0.000000,0.000000,0
0,33600.000000,-4800.000000,12000.000000,4.000000,4.000000,4.000000,0.000000,0.000000,0.000000,0
0,33600.000000,-5200.000000,12000.000000,4.000000,4.000000,4.000000,0.000000,0.000000,0.000000,0
0,33600.000000,-5600.000000,12000.000000,4.000000,4.000000,4.000000,0.000000,0.000000,0.000000,0
0,33600.000000,-6000.000000,12000.000000,4.000000,4.000000,4.000000,0.000000,0.000000,0.000000,0
0,33600.000000,-6400.000000,12000.000000,4.000000,4.000000,4.000000,0.000000,0.000000,0.000000,0
32,38000.000000,-400.000000,6800.000000,4.000000,4.000000,4.000000,0.000000,0.000000,0.000000,0
32,38000.000000,-800.000000,6800.000000,4.000000,4.000000,4.000000,0.000000,0.000000,0.000000,0
32,38000.000000,-1200.000000,6800.000000,4.000000,4.000000,4.000000,0.000000,0.000000,0.000000,0
32,38000.000000,-1600.000000,6800.000000,4.000000,4.000000,4.000000,0.000000,0.000000,0.000000,0
32,38000.000000,-2000.000000,6800.000000,4.000000,4.000000,4.000000,0.000000,0.000000,0.000000,0
32,38000.000000,-2400.000000,6800.000000,4.000000,4.000000,4.000000,0.000000,0.000000,0.000000,0
32,38000.000000,-2800.000000,6800.000000,4.000000,4.000000,4.000000,0.000000,0.000000,0.000000,0
0,45200.000000,2400.000000,6800.000000,4.000000,4.000000,4.000000,0.000000,0.000000,0.000000,0
0,45200.000000,2000.000000,6800.000000,4.000000,4.000000,4.000000,0.000000,0.000000,0.000000,0
0,45200.000000,1600.000000,6800.000000,4.000000,4.000000,4.000000,0.000000,0.000000,0.000000,0
0,45200.000000,1200.000000,6800.000000,4.000000,4.000000,4.000000,0.000000,0.000000,0.000000,0
0,45200.000000,800.000000,6800.000000,4.000000,4.000000,4.000000,0.000000,0.000000,0.000000,0
0,45200.000000,400.000000,6800.000000,4.000000,4.000000,4.000000,0.000000,0.000000,0.000000,0
0,45200.000000,0.000000,6800.000000,4.000000,4.000000,4.000000,0.000000,0.000000,0.000000,0
0,45200.000000,-400.000000,6800.000000,4.000000,4.000000,4.000000,0.000000,0.000000,0.000000,0
0,45200.000000,-800.000000,6800.000000,4.000000,4.000000,4.000000,0.000000,0.000000,0.000000,0
0,45200.000000,-1200.000000,6800.000000,4.000000,4.000000,4.000000,0.000000,0.000000,0.000000,0
0,45200.000000,-1600.000000,6800.000000,4.000000,4.000000,4.000000,0.000000,0.000000,0.000000,0
0,45200.000000,-2000.000000,6800.000000,4.000000,4.000000,4.000000,0.000000,0.000000,0.000000,0
0,45200.000000,-2400.000000,6800.000000,4.000000,4.000000,4.000000,0.000000,0.000000,0.000000,0
0,45200.000000,-2800.000000,6800.000000,4.000000,4.000000,4.000000,0.000000,0.000000,0.000000,0
0,45200.000000,-3200.000000,6800.000000,4.000000,4.000000,4.000000,0.000000,0.000000,0.000000,0
0,45200.000000,-3600.000000,6800.000000,4.000000,4.000000,4.000000,0.000000,0.000000,0.000000,0
0,45200.000000,-4000.000000,6800.000000,4.000000,4.000000,4.000000,0.000000,0.000000,0.000000,0
0,45200.000000,-4400.000000,6800.000000,4.000000,4.000000,4.000000,0.000000,0.000000,0.000000,0
0,45200.000000,-4800.000000,6800.000000,4.000000,4.000000,4.000000,0.000000,0.000000,0.000000,0
0,45200.000000,-5200.000000,6800.000000,4.000000,4.000000,4.000000,0.000000,0.000000,0.000000,0
0,45200.000000,-5600.000000,6800.000000,4.000000,4.000000,4.000000,0.000000,0.000000,0.000000,0
0,45200.000000,-6000.000000,6800.000000,4.000000,4.000000,4.000000,0.000000,0.000000,0.000000,0
0,45200.000000,-6400.000000,6800.000000,4.000000,4.000000,4.000000,0.000000,0.000000,0.000000,0
0,45200.000000,-6800.000000,6800.000000,4.000000,4.000000,4.000000,0.000000,0.000000,0.000000,0
0,45600.000000,-6800.000000,6800.000000,4.000000,4.000000,4.000000,0.000000,0.000000,0.000000,0
0,46000.000000,-6800.000000,6800.000000,4.000000,4.000000,4.000000,0.000000,0.000000,0.000000,0
0,46400.000000,-6800.000000,6800.000000,4.000000,4.000000,4.000000,0.000000,0.000000,0.000000,0
0,46800.000000,-6800.000000,6800.000000,4.000000,4.000000,4.000000,0.000000,0.000000,0.000000,0
0,47200.000000,-6800.000000,6800.000000,4.000000,4.000000,4.000000,0.000000,0.000000,0.000000,0
0,47600.000000,-6800.000000,6800.000000,4.000000,4.000000,4.000000,0.000000,0.000000,0.000000,0
0,48000.000000,-6800.000000,6800.000000,4.000000,4.000000,4.000000,0.000000,0.000000,0.000000,0
0,48400.000000,-6800.000000,6800.000000,4.000000,4.000000,4.000000,0.000000,0.000000,0.000000,0
0,48800.000000,-6800.000000,6800.000000,4.000000,4.000000,4.000000,0.000000,0.000000,0.000000,0
0,49200.000000,-6800.000000,6800.000000,4.000000,4.000000,4.000000,0.000000,0.000000,0.000000,0
0,49600.000000,-6800.000000,6800.000000,4.000000,4.000000,4.000000,0.000000,0.000000,0.000000,0
0,50000.000000,-6800.000000,6800.000000,4.000000,4.000000,4.000000,0.000000,0.000000,0.000000,0
0,50000.000000,-6400.000000,6800.000000,4.000000,4.000000,4.000000,0.000000,0.000000,0.000000,0
0,50000.000000,-6000.000000,6800.000000,4.000000,4.000000,4.000000,0.000000,0.000000,0.000000,0
0,50000.000000,-5600.000000,6800.000000,4.000000,4.000000,4.000000,0.000000,0.000000,0.000000,0
0,50000.000000,-5200.000000,6800.000000,4.000000,4.000000,4.000000,0.000000,0.000000,0.000000,0
0,50000.000000,-4800.000000,6800.000000,4.000000,4.000000,4.000000,0.000000,0.000000,0.000000,0
0,50000.000000,-4400.000000,6800.000000,4.000000,4.000000,4.000000,0.000000,0.000000,0.000000,0
0,50000.000000,-4000.000000,6800.000000,4.000000,4.000000,4.000000,0.000000,0.000000,0.000000,0
0,50000.000000,-3600.000000,6800.000000,4.000000,4.000000,4.000000,0.000000,0.000000,0.000000,0
0,50000.000000,-3200.000000,6800.000000,4.000000,4.000000,4.000000,0.000000,0.000000,0.000000,0
0,50000.000000,-2800.000000,6800.000000,4.000000,4.000000,4.000000,0.000000,0.000000,0.000000,0
0,50000.000000,-2400.000000,6800.000000,4.000000,4.000000,4.000000,0.000000,0.000000,0.000000,0
0,50000.000000,-2000.000000,6800.000000,4.000000,4.000000,4.000000,0.000000,0.000000,0.000000,0
0,50000.000000,-1600.000000,6800.000000,4.000000,4.000000,4.000000,0.000000,0.000000,0.000000,0
0,50000.000000,-1200.000000,6800.000000,4.000000,4.000000,4.000000,0.000000,0.000000,0.000000,0
0,50000.000000,-800.000000,6800.000000,4.000000,4.000000,4.000000,0.000000,0.000000,0.000000,0
0,50000.000000,-400.000000,6800.000000,4.000000,4.000000,4.000000,0.000000,0.000000,0.000000,0
0,50000.000000,0.000000,6800.000000,4.000000,4.000000,4.000000,0.000000,0.000000,0.000000,0
0,50000.000000,400.000000,6800.000000,4.000000,4.000000,4.000000,0.000000,0.000000,0.000000,0
0,50000.000000,800.000000,6800.000000,4.000000,4.000000,4.000000,0.000000,0.000000,0.000000,0
0,50000.000000,1200.000000,6800.000000,4.000000,4.000000,4.000000,0.000000,0.000000,0.000000,0
0,50000.000000,1600.000000,6800.000000,4.000000,4.000000,4.000000,0.000000,0.000000,0.000000,0
0,50000.000000,2000.000000,6800.000000,4.000000,4.000000,4.000000,0.000000,0.000000,0.000000,0
0,50000.000000,2400.000000,6800.000000,4.000000,4.000000,4.000000,0.000000,0.000000,0.000000,0
0,50000.000000,2800.000000,6800.000000,4.000000,4.000000,4.000000,0.000000,0.000000,0.000000,0
0,49600.000000,2800.000000,6800.000000,4.000000,4.000000,4.000000,0.000000,0.000000,0.000000,0
0,49200.000000,2800.000000,6800.000000,4.000000,4.000000,4.000000,0.000000,0.000000,0.000000,0
0,48800.000000,2800.000000,6800.000000,4.000000,4.000000,4.000000,0.000000,0.000000,0.000000,0
0,48400.000000,2800.000000,6800.000000,4.000000,4.000000,4.000000,0.000000,0.000000,0.000000,0
0,48000.000000,2800.000000,6800.000000,4.000000,4.000000,4.000000,0.000000,0.000000,0.000000,0
0,47600.000000,2800.000000,6800.000000,4.000000,4.000000,4.000000,0.000000,0.000000,0.000000,0
0,47200.000000,2800.000000,6800.000000,4.000000,4.000000,4.000000,0.000000,0.000000,0.000000,0
0,46800.000000,2800.000000,6800.000000,4.000000,4.000000,4.000000,0.000000,0.000000,0.000000,0
0,46400.000000,2800.000000,6800.000000,4.000000,4.000000,4.000000,0.000000,0.000000,0.000000,0
0,46000.000000,2800.000000,6800.000000,4.000000,4.000000,4.000000,0.000000,0.000000,0.000000,0
0,45600.000000,2800.000000,6800.000000,4.000000,4.000000,4.000000,0.000000,0.000000,0.000000,0
0,45200.000000,2800.000000,6800.000000,4.000000,4.000000,4.000000,0.000000,0.000000,0.000000,0
0,800.000000,-3200.000000,400.000000,4.000000,4.000000,4.000000,0.000000,0.000000,0.000000,0
23,800.000000,-2800.000000,400.000000,4.000000,4.000000,4.000000,0.000000,0.000000,0.000000,0
23,7600.000000,0.000000,-400.000000,4.000000,4.000000,4.000000,0.000000,0.000000,0.000000,0
24,13600.000000,-3600.000000,-400.000000,4.000000,4.000000,4.000000,0.000000,0.000000,-1.570796,0
24,13600.000000,-3200.000000,-400.000000,4.000000,4.000000,4.000000,0.000000,0.000000,0.000000,0
24,28400.000000,-4400.000000,-400.000000,4.000000,4.000000,4.000000,0.000000,0.000000,0.000000,0
24,28400.000000,-9200.000000,-400.000000,4.000000,4.000000,4.000000,0.000000,0.000000,0.000000,0
24,35200.000000,-5600.000000,-400.000000,4.000000,4.000000,4.000000,0.000000,0.000000,0.000000,0
24,38800.000000,-2000.000000,-400.000000,4.000000,4.000000,4.000000,0.000000,0.000000,0.000000,0
24,50800.000000,-2000.000000,-400.000000,4.000000,4.000000,4.000000,0.000000,0.000000,1.570796,0
24,50800.000000,400.000000,-400.000000,4.000000,4.000000,4.000000,0.000000,0.000000,1.570796,0
0,400.000000,-3200.000000,400.000000,4.000000,4.000000,4.000000,0.000000,0.000000,0.000000,0
0,0.000000,-3200.000000,400.000000,4.000000,4.000000,4.000000,0.000000,0.000000,0.000000,0
0,-400.000000,-3200.000000,400.000000,4.000000,4.000000,4.000000,0.000000,0.000000,0.000000,0
0,-800.000000,-3200.000000,400.000000,4.000000,4.000000,4.000000,0.000000,0.000000,0.000000,0
0,-1200.000000,-3200.000000,400.000000,4.000000,4.000000,4.000000,0.000000,0.000000,0.000000,0
0,-1600.000000,-3200.000000,400.000000,4.000000,4.000000,4.000000,0.000000,0.000000,0.000000,0
0,-2000.000000,-3200.000000,400.000000,4.000000,4.000000,4.000000,0.000000,0.000000,0.000000,0
0,-2400.000000,-3200.000000,400.000000,4.000000,4.000000,4.000000,0.000000,0.000000,0.000000,0
0,-2800.000000,-3200.000000,400.000000,4.000000,4.000000,4.000000,0.000000,0.000000,0.000000,0
0,-3200.000000,-3200.000000,400.000000,4.000000,4.000000,4.000000,0.000000,0.000000,0.000000,0
0,-3600.000000,-3200.000000,400.000000,4.000000,4.000000,4.000000,0.000000,0.000000,0.000000,0
0,-4000.000000,-3200.000000,400.000000,4.000000,4.000000,4.000000,0.000000,0.000000,0.000000,0
0,-4400.000000,-3200.000000,400.000000,4.000000,4.000000,4.000000,0.000000,0.000000,0.000000,0
0,-4800.000000,-3200.000000,400.000000,4.000000,4.000000,4.000000,0.000000,0.000000,0.000000,0
0,-4800.000000,-2800.000000,400.000000,4.000000,4.000000,4.000000,0.000000,0.000000,0.000000,0
0,-4800.000000,-2400.000000,400.000000,4.000000,4.000000,4.000000,0.000000,0.000000,0.000000,0
0,-4800.000000,-2000.000000,400.000000,4.000000,4.000000,4.000000,0.000000,0.000000,0.000000,0
0,-4800.000000,-1600.000000,400.000000,4.000000,4.000000,4.000000,0.000000,0.000000,0.000000,0
0,-4800.000000,-1200.000000,400.000000,4.000000,4.000000,4.000000,0.000000,0.000000,0.000000,0
0,-4800.000000,-800.000000,400.000000,4.000000,4.000000,4.000000,0.000000,0.000000,0.000000,0
0,-4800.000000,-400.000000,400.000000,4.000000,4.000000,4.000000,0.000000,0.000000,0.000000,0
0,-4400.000000,-400.000000,400.000000,4.000000,4.000000,4.000000,0.000000,0.000000,0.000000,0
0,-4000.000000,-400.000000,400.000000,4.000000,4.000000,4.000000,0.000000,0.000000,0.000000,0
0,-3600.000000,-400.000000,400.000000,4.000000,4.000000,4.000000,0.000000,0.000000,0.000000,0
0,-3200.000000,-400.000000,400.000000,4.000000,4.000000,4.000000,0.000000,0.000000,0.000000,0
0,-2800.000000,-400.000000,400.000000,4.000000,4.000000,4.000000,0.000000,0.000000,0.000000,0
0,-2400.000000,-400.000000,400.000000,4.000000,4.000000,4.000000,0.000000,0.000000,0.000000,0
0,-2000.000000,-400.000000,400.000000,4.000000,4.000000,4.000000,0.000000,0.000000,0.000000,0
0,-1600.000000,-400.000000,400.000000,4.000000,4.000000,4.000000,0.000000,0.000000,0.000000,0
0,-1200.000000,-400.000000,400.000000,4.000000,4.000000,4.000000,0.000000,0.000000,0.000000,0
0,-800.000000,-400.000000,400.000000,4.000000,4.000000,4.000000,0.000000,0.000000,0.000000,0
0,-400.000000,-400.000000,400.000000,4.000000,4.000000,4.000000,0.000000,0.000000,0.000000,0
0,0.000000,-400.000000,400.000000,4.000000,4.000000,4.000000,0.000000,0.000000,0.000000,0
0,400.000000,-400.000000,400.000000,4.000000,4.000000,4.000000,0.000000,0.000000,0.000000,0
0,800.000000,-400.000000,400.000000,4.000000,4.000000,4.000000,0.000000,0.000000,0.000000,0
0,1200.000000,-400.000000,400.000000,4.000000,4.000000,4.000000,0.000000,0.000000,0.000000,0
0,1600.000000,-400.000000,400.000000,4.000000,4.000000,4.000000,0.000000,0.000000,0.000000,0
0,2000.000000,-400.000000,400.000000,4.000000,4.000000,4.000000,0.000000,0.000000,0.000000,0
0,2400.000000,-400.000000,400.000000,4.000000,4.000000,4.000000,0.000000,0.000000,0.000000,0
0,2800.000000,-400.000000,400.000000,4.000000,4.000000,4.000000,0.000000,0.000000,0.000000,0
0,3200.000000,-400.000000,400.000000,4.000000,4.000000,4.000000,0.000000,0.000000,0.000000,0
0,3600.000000,-400.000000,400.000000,4.000000,4.000000,4.000000,0.000000,0.000000,0.000000,0
0,4000.000000,-400.000000,400.000000,4.000000,4.000000,4.000000,0.000000,0.000000,0.000000,0
0,4400.000000,-400.000000,400.000000,4.000000,4.000000,4.000000,0.000000,0.000000,0.000000,0
0,4800.000000,-400.000000,400.000000,4.000000,4.000000,4.000000,0.000000,0.000000,0.000000,0
0,5200.000000,-400.000000,400.000000,4.000000,4.000000,4.000000,0.000000,0.000000,0.000000,0
0,5600.000000,-400.000000,400.000000,4.000000,4.000000,4.000000,0.000000,0.000000,0.000000,0
0,6000.000000,-400.000000,400.000000,4.000000,4.000000,4.000000,0.000000,0.000000,0.000000,0
0,6400.000000,-400.000000,400.000000,4.000000,4.000000,4.000000,0.000000,0.000000,0.000000,0
0,6800.000000,-400.000000,400.000000,4.000000,4.000000,4.000000,0.000000,0.000000,0.000000,0
0,7200.000000,-400.000000,400.000000,4.000000,4.000000,4.000000,0.000000,0.000000,0.000000,0
0,7600.000000,-400.000000,400.000000,4.000000,4.000000,4.000000,0.000000,0.000000,0.000000,0
0,8000.000000,-400.000000,400.000000,4.000000,4.000000,4.000000,0.000000,0.000000,0.000000,0
0,8400.000000,-400.000000,400.000000,4.000000,4.000000,4.000000,0.000000,0.000000,0.000000,0
0,8800.000000,-400.000000,400.000000,4.000000,4.000000,4.000000,0.000000,0.000000,0.000000,0
0,9200.000000,-400.000000,400.000000,4.000000,4.000000,4.000000,0.000000,0.000000,0.000000,0
0,9600.000000,-400.000000,400.000000,4.000000,4.000000,4.000000,0.000000,0.000000,0.000000,0
0,10000.000000,-400.000000,400.000000,4.000000,4.000000,4.000000,0.000000,0.000000,0.000000,0
0,10400.000000,-400.000000,400.000000,4.000000,4.000000,4.000000,0.000000,0.000000,0.000000,0
0,10800.000000,-400.000000,400.000000,4.000000,4.000000,4.000000,0.000000,0.000000,0.000000,0
0,11200.000000,-400.000000,400.000000,4.000000,4.000000,4.000000,0.000000,0.000000,0.000000,0
0,11600.000000,-400.000000,400.000000,4.000000,4.000000,4.000000,0.000000,0.000000,0.000000,0
0,12000.000000,-400.000000,400.000000,4.000000,4.000000,4.000000,0.000000,0.000000,0.000000,0
0,12400.000000,-400.000000,400.000000,4.000000,4.000000,4.000000,0.000000,0.000000,0.000000,0
0,12800.000000,-400.000000,400.000000,4.000000,4.000000,4.000000,0.000000,0.000000,0.000000,0
0,13200.000000,-400.000000,400.000000,4.000000,4.000000,4.000000,0.000000,0.000000,0.000000,0
0,2800.000000,0.000000,400.000000,4.000000,4.000000,4.000000,0.000000,0.000000,0.000000,0
0,2800.000000,400.000000,400.000000,4.000000,4.000000,4.000000,0.000000,0.000000,0.000000,0
0,2800.000000,800.000000,400.000000,4.000000,4.000000,4.000000,0.000000,0.000000,0.000000,0
0,2800.000000,1200.000000,400.000000,4.000000,4.000000,4.000000,0.000000,0.000000,0.000000,0
0,2800.000000,1600.000000,400.000000,4.000000,4.000000,4.000000,0.000000,0.000000,0.000000,0
0,2800.000000,2000.000000,400.000000,4.000000,4.000000,4.000000,0.000000,0.000000,0.000000,0
0,2800.000000,2400.000000,400.000000,4.000000,4.000000,4.000000,0.000000,0.000000,0.000000,0
0,3200.000000,2400.000000,400.000000,4.000000,4.000000,4.000000,0.000000,0.000000,0.000000,0
0,3600.000000,2400.000000,400.000000,4.000000,4.000000,4.000000,0.000000,0.000000,0.000000,0
0,4000.000000,2400.000000,400.000000,4.000000,4.000000,4.000000,0.000000,0.000000,0.000000,0
0,4400.000000,2400.000000,400.000000,4.000000,4.000000,4.000000,0.000000,0.000000,0.000000,0
0,4800.000000,2400.000000,400.000000,4.000000,4.000000,4.000000,0.000000,0.000000,0.000000,0
0,5200.000000,2400.000000,400.000000,4.000000,4.000000,4.000000,0.000000,0.000000,0.000000,0
0,5600.000000,2400.000000,400.000000,4.000000,4.000000,4.000000,0.000000,0.000000,0.000000,0
0,6000.000000,2400.000000,400.000000,4.000000,4.000000,4.000000,0.000000,0.000000,0.000000,0
0,6400.000000,2400.000000,400.000000,4.000000,4.000000,4.000000,0.000000,0.000000,0.000000,0
0,6800.000000,2400.000000,400.000000,4.000000,4.000000,4.000000,0.000000,0.000000,0.000000,0
0,7200.000000,2400.000000,400.000000,4.000000,4.000000,4.000000,0.000000,0.000000,0.000000,0
0,7600.000000,2400.000000,400.000000,4.000000,4.000000,4.000000,0.000000,0.000000,0.000000,0
0,8000.000000,2400.000000,400.000000,4.000000,4.000000,4.000000,0.000000,0.000000,0.000000,0
0,8400.000000,2400.000000,400.000000,4.000000,4.000000,4.000000,0.000000,0.000000,0.000000,0
0,8800.000000,2400.000000,400.000000,4.000000,4.000000,4.000000,0.000000,0.000000,0.000000,0
0,9200.000000,2400.000000,400.000000,4.000000,4.000000,4.000000,0.000000,0.000000,0.000000,0
0,9600.000000,2400.000000,400.000000,4.000000,4.000000,4.000000,0.000000,0.000000,0.000000,0
0,10000.000000,2400.000000,400.000000,4.000000,4.000000,4.000000,0.000000,0.000000,0.000000,0
0,10400.000000,2400.000000,400.000000,4.000000,4.000000,4.000000,0.000000,0.000000,0.000000,0
0,10800.000000,2400.000000,400.000000,4.000000,4.000000,4.000000,0.000000,0.000000,0.000000,0
0,11200.000000,2400.000000,400.000000,4.000000,4.000000,4.000000,0.000000,0.000000,0.000000,0
0,11600.000000,2400.000000,400.000000,4.000000,4.000000,4.000000,0.000000,0.000000,0.000000,0
0,12000.000000,2400.000000,400.000000,4.000000,4.000000,4.000000,0.000000,0.000000,0.000000,0
0,12400.000000,2400.000000,400.000000,4.000000,4.000000,4.000000,0.000000,0.000000,0.000000,0
0,12800.000000,2400.000000,400.000000,4.000000,4.000000,4.000000,0.000000,0.000000,0.000000,0
0,13200.000000,2400.000000,400.000000,4.000000,4.000000,4.000000,0.000000,0.000000,0.000000,0
0,13600.000000,2400.000000,400.000000,4.000000,4.000000,4.000000,0.000000,0.000000,0.000000,0
0,14000.000000,2400.000000,400.000000,4.000000,4.000000,4.000000,0.000000,0.000000,0.000000,0
0,14400.000000,2400.000000,400.000000,4.000000,4.000000,4.000000,0.000000,0.000000,0.000000,0
0,14800.000000,2400.000000,400.000000,4.000000,4.000000,4.000000,0.000000,0.000000,0.000000,0
0,15200.000000,2400.000000,400.000000,4.000000,4.000000,4.000000,0.000000,0.000000,0.000000,0
0,15600.000000,2400.000000,400.000000,4.000000,4.000000,4.000000,0.000000,0.000000,0.000000,0
0,16000.000000,2400.000000,400.000000,4.000000,4.000000,4.000000,0.000000,0.000000,0.000000,0
0,16400.000000,2400.000000,400.000000,4.000000,4.000000,4.000000,0.000000,0.000000,0.000000,0
0,16800.000000,2400.000000,400.000000,4.000000,4.000000,4.000000,0.000000,0.000000,0.000000,0
0,17200.000000,2400.000000,400.000000,4.000000,4.000000,4.000000,0.000000,0.000000,0.000000,0
0,17200.000000,2000.000000,400.000000,4.000000,4.000000,4.000000,0.000000,0.000000,0.000000,0
0,17200.000000,1600.000000,400.000000,4.000000,4.000000,4.000000,0.000000,0.000000,0.000000,0
0,17200.000000,1200.000000,400.000000,4.000000,4.000000,4.000000,0.000000,0.000000,0.000000,0
0,17200.000000,800.000000,400.000000,4.000000,4.000000,4.000000,0.000000,0.000000,0.000000,0
0,17200.000000,400.000000,400.000000,4.000000,4.000000,4.000000,0.000000,0.000000,0.000000,0
0,17200.000000,0.000000,400.000000,4.000000,4.000000,4.000000,0.000000,0.000000,0.000000,0
0,17200.000000,-400.000000,400.000000,4.000000,4.000000,4.000000,0.000000,0.000000,0.000000,0
0,17200.000000,-800.000000,400.000000,4.000000,4.000000,4.000000,0.000000,0.000000,0.000000,0
0,17200.000000,-1200.000000,400.000000,4.000000,4.000000,4.000000,0.000000,0.000000,0.000000,0
0,17600.000000,-1200.000000,400.000000,4.000000,4.000000,4.000000,0.000000,0.000000,0.000000,0
0,18000.000000,-1200.000000,400.000000,4.000000,4.000000,4.000000,0.000000,0.000000,0.000000,0
0,18400.000000,-1200.000000,400.000000,4.000000,4.000000,4.000000,0.000000,0.000000,0.000000,0
0,18800.000000,-1200.000000,400.000000,4.000000,4.000000,4.000000,0.000000,0.000000,0.000000,0
0,19200.000000,-1200.000000,400.000000,4.000000,4.000000,4.000000,0.000000,0.000000,0.000000,0
0,19600.000000,-1200.000000,400.000000,4.000000,4.000000,4.000000,0.000000,0.000000,0.000000,0
0,20000.000000,-1200.000000,400.000000,4.000000,4.000000,4.000000,0.000000,0.000000,0.000000,0
0,20400.000000,-1200.000000,400.000000,4.000000,4.000000,4.000000,0.000000,0.000000,0.000000,0
0,20800.000000,-1200.000000,400.000000,4.000000,4.000000,4.000000,0.000000,0.000000,0.000000,0
0,21200.000000,-1200.000000,400.000000,4.000000,4.000000,4.000000,0.000000,0.000000,0.000000,0
0,21600.000000,-1200.000000,400.000000,4.000000,4.000000,4.000000,0.000000,0.000000,0.000000,0
0,22000.000000,-1200.000000,400.000000,4.000000,4.000000,4.000000,0.000000,0.000000,0.000000,0
0,22400.000000,-1200.000000,400.000000,4.000000,4.000000,4.000000,0.000000,0.000000,0.000000,0
0,22800.000000,-1200.000000,400.000000,4.000000,4.000000,4.000000,0.000000,0.000000,0.000000,0
0,23200.000000,-1200.000000,400.000000,4.000000,4.000000,4.000000,0.000000,0.000000,0.000000,0
0,23600.000000,-1200.000000,400.000000,4.000000,4.000000,4.000000,0.000000,0.000000,0.000000,0
0,24000.000000,-1200.000000,400.000000,4.000000,4.000000,4.000000,0.000000,0.000000,0.000000,0
0,24400.000000,-1200.000000,400.000000,4.000000,4.000000,4.000000,0.000000,0.000000,0.000000,0
0,24800.000000,-1200.000000,400.000000,4.000000,4.000000,4.000000,0.000000,0.000000,0.000000,0
0,25200.000000,-1200.000000,400.000000,4.000000,4.000000,4.000000,0.000000,0.000000,0.000000,0
0,25600.000000,-1200.000000,400.000000,4.000000,4.000000,4.000000,0.000000,0.000000,0.000000,0
0,26000.000000,-1200.000000,400.000000,4.000000,4.000000,4.000000,0.000000,0.000000,0.000000,0
0,26400.000000,-1200.000000,400.000000,4.000000,4.000000,4.000000,0.000000,0.000000,0.000000,0
0,26800.000000,-1200.000000,400.000000,4.000000,4.000000,4.000000,0.000000,0.000000,0.000000,0
0,27200.000000,-1200.000000,400.000000,4.000000,4.000000,4.000000,0.000000,0.000000,0.000000,0
0,27200.000000,-1600.000000,400.000000,4.000000,4.000000,4.000000,0.000000,0.000000,0.000000,0
0,27200.000000,-2000.000000,400.000000,4.000000,4.000000,4.000000,0.000000,0.000000,0.000000,0
0,27200.000000,-2400.000000,400.000000,4.000000,4.000000,4.000000,0.000000,0.000000,0.000000,0
0,27200.000000,-2800.000000,400.000000,4.000000,4.000000,4.000000,0.000000,0.000000,0.000000,0
0,27200.000000,-3200.000000,400.000000,4.000000,4.000000,4.000000,0.000000,0.000000,0.000000,0
0,27200.000000,-3600.000000,400.000000,4.000000,4.000000,4.000000,0.000000,0.000000,0.000000,0
0,27200.000000,-4000.000000,400.000000,4.000000,4.000000,4.000000,0.000000,0.000000,0.000000,0
0,27200.000000,-4400.000000,400.000000,4.000000,4.000000,4.000000,0.000000,0.000000,0.000000,0
0,27600.000000,-4400.000000,400.000000,4.000000,4.000000,4.000000,0.000000,0.000000,0.000000,0
0,28000.000000,-4400.000000,400.000000,4.000000,4.000000,4.000000,0.000000,0.000000,0.000000,0
0,28400.000000,-4400.000000,400.000000,4.000000,4.000000,4.000000,0.000000,0.000000,0.000000,0
0,28800.000000,-4400.000000,400.000000,4.000000,4.000000,4.000000,0.000000,0.000000,0.000000,0
0,29200.000000,-4400.000000,400.000000,4.000000,4.000000,4.000000,0.000000,0.000000,0.000000,0
0,29600.000000,-4400.000000,400.000000,4.000000,4.000000,4.000000,0.000000,0.000000,0.000000,0
0,30000.000000,-4400.000000,400.000000,4.000000,4.000000,4.000000,0.000000,0.000000,0.000000,0
0,30400.000000,-4400.000000,400.000000,4.000000,4.000000,4.000000,0.000000,0.000000,0.000000,0
0,30800.000000,-4400.000000,400.000000,4.000000,4.000000,4.000000,0.000000,0.000000,0.000000,0
0,31200.000000,-4400.000000,400.000000,4.000000,4.000000,4.000000,0.000000,0.000000,0.000000,0
0,31600.000000,-4400.000000,400.000000,4.000000,4.000000,4.000000,0.000000,0.000000,0.000000,0
0,32000.000000,-4400.000000,400.000000,4.000000,4.000000,4.000000,0.000000,0.000000,0.000000,0
0,32400.000000,-4400.000000,400.000000,4.000000,4.000000,4.000000,0.000000,0.000000,0.000000,0
0,32800.000000,-4400.000000,400.000000,4.000000,4.000000,4.000000,0.000000,0.000000,0.000000,0
0,33200.000000,-4400.000000,400.000000,4.000000,4.000000,4.000000,0.000000,0.000000,0.000000,0
0,33600.000000,-4400.000000,400.000000,4.000000,4.000000,4.000000,0.000000,0.000000,0.000000,0
0,33600.000000,-4000.000000,400.000000,4.000000,4.000000,4.000000,0.000000,0.000000,0.000000,0
0,34000.000000,-3600.000000,400.000000,4.000000,4.000000,4.000000,0.000000,0.000000,0.000000,0
0,34400.000000,-3200.000000,400.000000,4.000000,4.000000,4.000000,0.000000,0.000000,0.000000,0
0,34800.000000,-2800.000000,400.000000,4.000000,4.000000,4.000000,0.000000,0.000000,0.000000,0
0,35200.000000,-2400.000000,400.000000,4.000000,4.000000,4.000000,0.000000,0.000000,0.000000,0
0,35600.000000,-2000.000000,400.000000,4.000000,4.000000,4.000000,0.000000,0.000000,0.000000,0
0,36000.000000,-1600.000000,400.000000,4.000000,4.000000,4.000000,0.000000,0.000000,0.000000,0
0,36400.000000,-1200.000000,400.000000,4.000000,4.000000,4.000000,0.000000,0.000000,0.000000,0
0,36800.000000,-800.000000,400.000000,4.000000,4.000000,4.000000,0.000000,0.000000,0.000000,0
0,37200.000000,-400.000000,400.000000,4.000000,4.000000,4.000000,0.000000,0.000000,0.000000,0
0,37600.000000,0.000000,400.000000,4.000000,4.000000,4.000000,0.000000,0.000000,0.000000,0
0,38000.000000,400.000000,400.000000,4.000000,4.000000,4.000000,0.000000,0.000000,0.000000,0
0,38400.000000,400.000000,400.000000,4.000000,4.000000,4.000000,0.000000,0.000000,0.000000,0
0,38800.000000,400.000000,400.000000,4.000000,4.000000,4.000000,0.000000,0.000000,0.000000,0
0,39200.000000,400.000000,400.000000,4.000000,4.000000,4.000000,0.000000,0.000000,0.000000,0
0,39600.000000,400.000000,400.000000,4.000000,4.000000,4.000000,0.000000,0.000000,0.000000,0
0,40000.000000,400.000000,400.000000,4.000000,4.000000,4.000000,0.000000,0.000000,0.000000,0
0,40400.000000,400.000000,400.000000,4.000000,4.000000,4.000000,0.000000,0.000000,0.000000,0
0,40800.000000,400.000000,400.000000,4.000000,4.000000,4.000000,0.000000,0.000000,0.000000,0
0,41200.000000,400.000000,400.000000,4.000000,4.000000,4.000000,0.000000,0.000000,0.000000,0
0,41600.000000,400.000000,400.000000,4.000000,4.000000,4.000000,0.000000,0.000000,0.000000,0
0,42000.000000,400.000000,400.000000,4.000000,4.000000,4.000000,0.000000,0.000000,0.000000,0
0,42400.000000,400.000000,400.000000,4.000000,4.000000,4.000000,0.000000,0.000000,0.000000,0
0,42800.000000,400.000000,400.000000,4.000000,4.000000,4.000000,0.000000,0.000000,0.000000,0
0,43200.000000,400.000000,400.000000,4.000000,4.000000,4.000000,0.000000,0.000000,0.000000,0
0,43600.000000,400.000000,400.000000,4.000000,4.000000,4.000000,0.000000,0.000000,0.000000,0
0,44000.000000,400.000000,400.000000,4.000000,4.000000,4.000000,0.000000,0.000000,0.000000,0
0,44400.000000,400.000000,400.000000,4.000000,4.000000,4.000000,0.000000,0.000000,0.000000,0
0,44800.000000,400.000000,400.000000,4.000000,4.000000,4.000000,0.000000,0.000000,0.000000,0
0,45200.000000,400.000000,400.000000,4.000000,4.000000,4.000000,0.000000,0.000000,0.000000,0
0,45600.000000,400.000000,400.000000,4.000000,4.000000,4.000000,0.000000,0.000000,0.000000,0
0,46000.000000,400.000000,400.000000,4.000000,4.000000,4.000000,0.000000,0.000000,0.000000,0
0,46000.000000,800.000000,400.000000,4.000000,4.000000,4.000000,0.000000,0.000000,0.000000,0
0,46000.000000,1200.000000,400.000000,4.000000,4.000000,4.000000,0.000000,0.000000,0.000000,0
0,46000.000000,1600.000000,400.000000,4.000000,4.000000,4.000000,0.000000,0.000000,0.000000,0
0,46000.000000,2000.000000,400.000000,4.000000,4.000000,4.000000,0.000000,0.000000,0.000000,0
0,46000.000000,2400.000000,400.000000,4.000000,4.000000,4.000000,0.000000,0.000000,0.000000,0
0,46000.000000,2800.000000,400.000000,4.000000,4.000000,4.000000,0.000000,0.000000,0.000000,0
0,46000.000000,3200.000000,400.000000,4.000000,4.000000,4.000000,0.000000,0.000000,0.000000,0
0,46000.000000,3600.000000,400.000000,4.000000,4.000000,4.000000,0.000000,0.000000,0.000000,0
0,46000.000000,4000.000000,400.000000,4.000000,4.000000,4.000000,0.000000,0.000000,0.000000,0
0,46000.000000,4400.000000,400.000000,4.000000,4.000000,4.000000,0.000000,0.000000,0.000000,0
0,46400.000000,2400.000000,400.000000,4.000000,4.000000,4.000000,0.000000,0.000000,0.000000,0
0,46800.000000,2400.000000,400.000000,4.000000,4.000000,4.000000,0.000000,0.000000,0.000000,0
0,47200.000000,2400.000000,400.000000,4.000000,4.000000,4.000000,0.000000,0.000000,0.000000,0
0,47600.000000,2400.000000,400.000000,4.000000,4.000000,4.000000,0.000000,0.000000,0.000000,0
0,48000.000000,2400.000000,400.000000,4.000000,4.000000,4.000000,0.000000,0.000000,0.000000,0
0,48400.000000,2400.000000,400.000000,4.000000,4.000000,4.000000,0.000000,0.000000,0.000000,0
0,48800.000000,2400.000000,400.000000,4.000000,4.000000,4.000000,0.000000,0.000000,0.000000,0
0,49200.000000,2400.000000,400.000000,4.000000,4.000000,4.000000,0.000000,0.000000,0.000000,0
0,49600.000000,2400.000000,400.000000,4.000000,4.000000,4.000000,0.000000,0.000000,0.000000,0
0,46400.000000,4400.000000,400.000000,4.000000,4.000000,4.000000,0.000000,0.000000,0.000000,0
0,46800.000000,4400.000000,400.000000,4.000000,4.000000,4.000000,0.000000,0.000000,0.000000,0
0,47200.000000,4400.000000,400.000000,4.000000,4.000000,4.000000,0.000000,0.000000,0.000000,0
0,47600.000000,4400.000000,400.000000,4.000000,4.000000,4.000000,0.000000,0.000000,0.000000,0
0,48000.000000,4400.000000,400.000000,4.000000,4.000000,4.000000,0.000000,0.000000,0.000000,0
0,48400.000000,4400.000000,400.000000,4.000000,4.000000,4.000000,0.000000,0.000000,0.000000,0
0,48800.000000,4400.000000,400.000000,4.000000,4.000000,4.000000,0.000000,0.000000,0.000000,0
0,49200.000000,4400.000000,400.000000,4.000000,4.000000,4.000000,0.000000,0.000000,0.000000,0
0,49600.000000,4400.000000,400.000000,4.000000,4.000000,4.000000,0.000000,0.000000,0.000000,0
0,50000.000000,4400.000000,400.000000,4.000000,4.000000,4.000000,0.000000,0.000000,0.000000,0
0,50400.000000,4400.000000,400.000000,4.000000,4.000000,4.000000,0.000000,0.000000,0.000000,0
0,50800.000000,4400.000000,400.000000,4.000000,4.000000,4.000000,0.000000,0.000000,0.000000,0
0,50800.000000,4000.000000,400.000000,4.000000,4.000000,4.000000,0.000000,0.000000,0.000000,0
0,50800.000000,3600.000000,400.000000,4.000000,4.000000,4.000000,0.000000,0.000000,0.000000,0
0,50800.000000,3200.000000,400.000000,4.000000,4.000000,4.000000,0.000000,0.000000,0.000000,0
0,50800.000000,2800.000000,400.000000,4.000000,4.000000,4.000000,0.000000,0.000000,0.000000,0
0,50800.000000,2400.000000,400.000000,4.000000,4.000000,4.000000,0.000000,0.000000,0.000000,0
0,50800.000000,2000.000000,400.000000,4.000000,4.000000,4.000000,0.000000,0.000000,0.000000,0
0,50800.000000,1600.000000,400.000000,4.000000,4.000000,4.000000,0.000000,0.000000,0.000000,0
0,50800.000000,1200.000000,400.000000,4.000000,4.000000,4.000000,0.000000,0.000000,0.000000,0
0,50800.000000,800.000000,400.000000,4.000000,4.000000,4.000000,0.000000,0.000000,0.000000,0
0,50800.000000,400.000000,400.000000,4.000000,4.000000,4.000000,0.000000,0.000000,0.000000,0
0,50800.000000,0.000000,400.000000,4.000000,4.000000,4.000000,0.000000,0.000000,0.000000,0
0,50800.000000,-400.000000,400.000000,4.000000,4.000000,4.000000,0.000000,0.000000,0.000000,0
0,50800.000000,-800.000000,400.000000,4.000000,4.000000,4.000000,0.000000,0.000000,0.000000,0
0,50800.000000,-1200.000000,400.000000,4.000000,4.000000,4.000000,0.000000,0.000000,0.000000,0
0,50800.000000,-1600.000000,400.000000,4.000000,4.000000,4.000000,0.000000,0.000000,0.000000,0
0,50800.000000,-2000.000000,400.000000,4.000000,4.000000,4.000000,0.000000,0.000000,0.000000,0
0,50800.000000,-2400.000000,400.000000,4.000000,4.000000,4.000000,0.000000,0.000000,0.000000,0
0,50800.000000,-2800.000000,400.000000,4.000000,4.000000,4.000000,0.000000,0.000000,0.000000,0
0,50800.000000,-3200.000000,400.000000,4.000000,4.000000,4.000000,0.000000,0.000000,0.000000,0
0,50800.000000,-3600.000000,400.000000,4.000000,4.000000,4.000000,0.000000,0.000000,0.000000,0
0,50400.000000,-3600.000000,400.000000,4.000000,4.000000,4.000000,0.000000,0.000000,0.000000,0
0,50000.000000,-3600.000000,400.000000,4.000000,4.000000,4.000000,0.000000,0.000000,0.000000,0
0,49600.000000,-3600.000000,400.000000,4.000000,4.000000,4.000000,0.000000,0.000000,0.000000,0
0,49200.000000,-3600.000000,400.000000,4.000000,4.000000,4.000000,0.000000,0.000000,0.000000,0
0,48800.000000,-3600.000000,400.000000,4.000000,4.000000,4.000000,0.000000,0.000000,0.000000,0
0,48400.000000,-3600.000000,400.000000,4.000000,4.000000,4.000000,0.000000,0.000000,0.000000,0
0,48000.000000,-3600.000000,400.000000,4.000000,4.000000,4.000000,0.000000,0.000000,0.000000,0
0,47600.000000,-3600.000000,400.000000,4.000000,4.000000,4.000000,0.000000,0.000000,0.000000,0
0,47200.000000,-3600.000000,400.000000,4.000000,4.000000,4.000000,0.000000,0.000000,0.000000,0
0,46800.000000,-3600.000000,400.000000,4.000000,4.000000,4.000000,0.000000,0.000000,0.000000,0
0,46400.000000,-3600.000000,400.000000,4.000000,4.000000,4.000000,0.000000,0.000000,0.000000,0
0,46000.000000,-3600.000000,400.000000,4.000000,4.000000,4.000000,0.000000,0.000000,0.000000,0
0,45600.000000,-3600.000000,400.000000,4.000000,4.000000,4.000000,0.000000,0.000000,0.000000,0
0,45200.000000,-3600.000000,400.000000,4.000000,4.000000,4.000000,0.000000,0.000000,0.000000,0
0,44800.000000,-3600.000000,400.000000,4.000000,4.000000,4.000000,0.000000,0.000000,0.000000,0
0,44400.000000,-3600.000000,400.000000,4.000000,4.000000,4.000000,0.000000,0.000000,0.000000,0
0,44000.000000,-3600.000000,400.000000,4.000000,4.000000,4.000000,0.000000,0.000000,0.000000,0
0,43600.000000,-3600.000000,400.000000,4.000000,4.000000,4.000000,0.000000,0.000000,0.000000,0
0,43200.000000,-3600.000000,400.000000,4.000000,4.000000,4.000000,0.000000,0.000000,0.000000,0
0,42800.000000,-3600.000000,400.000000,4.000000,4.000000,4.000000,0.000000,0.000000,0.000000,0
0,42400.000000,-3600.000000,400.000000,4.000000,4.000000,4.000000,0.000000,0.000000,0.000000,0
0,42000.000000,-3600.000000,400.000000,4.000000,4.000000,4.000000,0.000000,0.000000,0.000000,0
0,41600.000000,-3600.000000,400.000000,4.000000,4.000000,4.000000,0.000000,0.000000,0.000000,0
0,41200.000000,-3600.000000,400.000000,4.000000,4.000000,4.000000,0.000000,0.000000,0.000000,0
0,40800.000000,-3600.000000,400.000000,4.000000,4.000000,4.000000,0.000000,0.000000,0.000000,0
0,40400.000000,-3600.000000,400.000000,4.000000,4.000000,4.000000,0.000000,0.000000,0.000000,0
0,40000.000000,-3600.000000,400.000000,4.000000,4.000000,4.000000,0.000000,0.000000,0.000000,0
0,39600.000000,-4000.000000,400.000000,4.000000,4.000000,4.000000,0.000000,0.000000,0.000000,0
0,39200.000000,-4400.000000,400.000000,4.000000,4.000000,4.000000,0.000000,0.000000,0.000000,0
0,38800.000000,-4800.000000,400.000000,4.000000,4.000000,4.000000,0.000000,0.000000,0.000000,0
0,38400.000000,-5200.000000,400.000000,4.000000,4.000000,4.000000,0.000000,0.000000,0.000000,0
0,38000.000000,-5600.000000,400.000000,4.000000,4.000000,4.000000,0.000000,0.000000,0.000000,0
0,37600.000000,-6000.000000,400.000000,4.000000,4.000000,4.000000,0.000000,0.000000,0.000000,0
0,37200.000000,-6400.000000,400.000000,4.000000,4.000000,4.000000,0.000000,0.000000,0.000000,0
0,36800.000000,-6800.000000,400.000000,4.000000,4.000000,4.000000,0.000000,0.000000,0.000000,0
0,36400.000000,-7200.000000,400.000000,4.000000,4.000000,4.000000,0.000000,0.000000,0.000000,0
0,36000.000000,-7600.000000,400.000000,4.000000,4.000000,4.000000,0.000000,0.000000,0.000000,0
0,35600.000000,-8000.000000,400.000000,4.000000,4.000000,4.000000,0.000000,0.000000,0.000000,0
0,35200.000000,-8400.000000,400.000000,4.000000,4.000000,4.000000,0.000000,0.000000,0.000000,0
0,34800.000000,-8800.000000,400.000000,4.000000,4.000000,4.000000,0.000000,0.000000,0.000000,0
0,34400.000000,-9200.000000,400.000000,4.000000,4.000000,4.000000,0.000000,0.000000,0.000000,0
0,34000.000000,-9200.000000,400.000000,4.000000,4.000000,4.000000,0.000000,0.000000,0.000000,0
0,33600.000000,-9200.000000,400.000000,4.000000,4.000000,4.000000,0.000000,0.000000,0.000000,0
0,33200.000000,-9200.000000,400.000000,4.000000,4.000000,4.000000,0.000000,0.000000,0.000000,0
0,32800.000000,-9200.000000,400.000000,4.000000,4.000000,4.000000,0.000000,0.000000,0.000000,0
0,32400.000000,-9200.000000,400.000000,4.000000,4.000000,4.000000,0.000000,0.000000,0.000000,0
0,32000.000000,-9200.000000,400.000000,4.000000,4.000000,4.000000,0.000000,0.000000,0.000000,0
0,31600.000000,-9200.000000,400.000000,4.000000,4.000000,4.000000,0.000000,0.000000,0.000000,0
0,31200.000000,-9200.000000,400.000000,4.000000,4.000000,4.000000,0.000000,0.000000,0.000000,0
0,30800.000000,-9200.000000,400.000000,4.000000,4.000000,4.000000,0.000000,0.000000,0.000000,0
0,30400.000000,-9200.000000,400.000000,4.000000,4.000000,4.000000,0.000000,0.000000,0.000000,0
0,30000.000000,-9200.000000,400.000000,4.000000,4.000000,4.000000,0.000000,0.000000,0.000000,0
0,29600.000000,-9200.000000,400.000000,4.000000,4.000000,4.000000,0.000000,0.000000,0.000000,0
0,29200.000000,-9200.000000,400.000000,4.000000,4.000000,4.000000,0.000000,0.000000,0.000000,0
0,28800.000000,-9200.000000,400.000000,4.000000,4.000000,4.000000,0.000000,0.000000,0.000000,0
0,28400.000000,-9200.000000,400.000000,4.000000,4.000000,4.000000,0.000000,0.000000,0.000000,0
0,28000.000000,-9200.000000,400.000000,4.000000,4.000000,4.000000,0.000000,0.000000,0.000000,0
0,27600.000000,-9200.000000,400.000000,4.000000,4.000000,4.000000,0.000000,0.000000,0.000000,0
0,27200.000000,-9200.000000,400.000000,4.000000,4.000000,4.000000,0.000000,0.000000,0.000000,0
0,26800.000000,-9200.000000,400.000000,4.000000,4.000000,4.000000,0.000000,0.000000,0.000000,0
0,26400.000000,-9200.000000,400.000000,4.000000,4.000000,4.000000,0.000000,0.000000,0.000000,0
0,26000.000000,-9200.000000,400.000000,4.000000,4.000000,4.000000,0.000000,0.000000,0.000000,0
0,25600.000000,-9200.000000,400.000000,4.000000,4.000000,4.000000,0.000000,0.000000,0.000000,0
0,25200.000000,-9200.000000,400.000000,4.000000,4.000000,4.000000,0.000000,0.000000,0.000000,0
0,24800.000000,-9200.000000,400.000000,4.000000,4.000000,4.000000,0.000000,0.000000,0.000000,0
0,24400.000000,-9200.000000,400.000000,4.000000,4.000000,4.000000,0.000000,0.000000,0.000000,0
0,24000.000000,-9200.000000,400.000000,4.000000,4.000000,4.000000,0.000000,0.000000,0.000000,0
0,23600.000000,-9200.000000,400.000000,4.000000,4.000000,4.000000,0.000000,0.000000,0.000000,0
0,23200.000000,-9200.000000,400.000000,4.000000,4.000000,4.000000,0.000000,0.000000,0.000000,0
0,22800.000000,-9200.000000,400.000000,4.000000,4.000000,4.000000,0.000000,0.000000,0.000000,0
0,22400.000000,-9200.000000,400.000000,4.000000,4.000000,4.000000,0.000000,0.000000,0.000000,0
0,22000.000000,-9200.000000,400.000000,4.000000,4.000000,4.000000,0.000000,0.000000,0.000000,0
0,21600.000000,-9200.000000,400.000000,4.000000,4.000000,4.000000,0.000000,0.000000,0.000000,0
0,21600.000000,-8800.000000,400.000000,4.000000,4.000000,4.000000,0.000000,0.000000,0.000000,0
0,21600.000000,-8400.000000,400.000000,4.000000,4.000000,4.000000,0.000000,0.000000,0.000000,0
0,21600.000000,-8000.000000,400.000000,4.000000,4.000000,4.000000,0.000000,0.000000,0.000000,0
0,21600.000000,-7600.000000,400.000000,4.000000,4.000000,4.000000,0.000000,0.000000,0.000000,0
0,21600.000000,-7200.000000,400.000000,4.000000,4.000000,4.000000,0.000000,0.000000,0.000000,0
0,21600.000000,-6800.000000,400.000000,4.000000,4.000000,4.000000,0.000000,0.000000,0.000000,0
0,21600.000000,-6400.000000,400.000000,4.000000,4.000000,4.000000,0.000000,0.000000,0.000000,0
0,21600.000000,-6000.000000,400.000000,4.000000,4.000000,4.000000,0.000000,0.000000,0.000000,0
0,21600.000000,-5600.000000,400.000000,4.000000,4.000000,4.000000,0.000000,0.000000,0.000000,0
0,21600.000000,-5200.000000,400.000000,4.000000,4.000000,4.000000,0.000000,0.000000,0.000000,0
0,21600.000000,-4800.000000,400.000000,4.000000,4.000000,4.000000,0.000000,0.000000,0.000000,0
0,21600.000000,-4400.000000,400.000000,4.000000,4.000000,4.000000,0.000000,0.000000,0.000000,0
0,21600.000000,-4000.000000,400.000000,4.000000,4.000000,4.000000,0.000000,0.000000,0.000000,0
0,21600.000000,-3600.000000,400.000000,4.000000,4.000000,4.000000,0.000000,0.000000,0.000000,0
0,21200.000000,-3600.000000,400.000000,4.000000,4.000000,4.000000,0.000000,0.000000,0.000000,0
0,20800.000000,-3600.000000,400.000000,4.000000,4.000000,4.000000,0.000000,0.000000,0.000000,0
0,20400.000000,-3600.000000,400.000000,4.000000,4.000000,4.000000,0.000000,0.000000,0.000000,0
0,20000.000000,-3600.000000,400.000000,4.000000,4.000000,4.000000,0.000000,0.000000,0.000000,0
0,19600.000000,-3600.000000,400.000000,4.000000,4.000000,4.000000,0.000000,0.000000,0.000000,0
0,19200.000000,-3600.000000,400.000000,4.000000,4.000000,4.000000,0.000000,0.000000,0.000000,0
0,18800.000000,-3600.000000,400.000000,4.000000,4.000000,4.000000,0.000000,0.000000,0.000000,0
0,18400.000000,-3600.000000,400.000000,4.000000,4.000000,4.000000,0.000000,0.000000,0.000000,0
0,18000.000000,-3600.000000,400.000000,4.000000,4.000000,4.000000,0.000000,0.000000,0.000000,0
0,17600.000000,-3600.000000,400.000000,4.000000,4.000000,4.000000,0.000000,0.000000,0.000000,0
0,17200.000000,-3600.000000,400.000000,4.000000,4.000000,4.000000,0.000000,0.000000,0.000000,0
0,16800.000000,-3600.000000,400.000000,4.000000,4.000000,4.000000,0.000000,0.000000,0.000000,0
0,16800.000000,-4000.000000,400.000000,4.000000,4.000000,4.000000,0.000000,0.000000,0.000000,0
0,16800.000000,-4400.000000,400.000000,4.000000,4.000000,4.000000,0.000000,0.000000,0.000000,0
0,16800.000000,-4800.000000,400.000000,4.000000,4.000000,4.000000,0.000000,0.000000,0.000000,0
0,16800.000000,-5200.000000,400.000000,4.000000,4.000000,4.000000,0.000000,0.000000,0.000000,0
0,16400.000000,-5200.000000,400.000000,4.000000,4.000000,4.000000,0.000000,0.000000,0.000000,0
0,16000.000000,-5200.000000,400.000000,4.000000,4.000000,4.000000,0.000000,0.000000,0.000000,0
0,15600.000000,-5200.000000,400.000000,4.000000,4.000000,4.000000,0.000000,0.000000,0.000000,0
0,15200.000000,-5200.000000,400.000000,4.000000,4.000000,4.000000,0.000000,0.000000,0.000000,0
0,14800.000000,-5200.000000,400.000000,4.000000,4.000000,4.000000,0.000000,0.000000,0.000000,0
0,14400.000000,-5200.000000,400.000000,4.000000,4.000000,4.000000,0.000000,0.000000,0.000000,0
0,14000.000000,-5200.000000,400.000000,4.000000,4.000000,4.000000,0.000000,0.000000,0.000000,0
0,13600.000000,-5200.000000,400.000000,4.000000,4.000000,4.000000,0.000000,0.000000,0.000000,0
0,13600.000000,-4800.000000,400.000000,4.000000,4.000000,4.000000,0.000000,0.000000,0.000000,0
0,13600.000000,-4400.000000,400.000000,4.000000,4.000000,4.000000,0.000000,0.000000,0.000000,0
0,13600.000000,-4000.000000,400.000000,4.000000,4.000000,4.000000,0.000000,0.000000,0.000000,0
0,13600.000000,-3600.000000,400.000000,4.000000,4.000000,4.000000,0.000000,0.000000,0.000000,0
0,13600.000000,-3200.000000,400.000000,4.000000,4.000000,4.000000,0.000000,0.000000,0.000000,0
0,13200.000000,-3200.000000,400.000000,4.000000,4.000000,4.000000,0.000000,0.000000,0.000000,0
0,12800.000000,-3200.000000,400.000000,4.000000,4.000000,4.000000,0.000000,0.000000,0.000000,0
0,12400.000000,-3200.000000,400.000000,4.000000,4.000000,4.000000,0.000000,0.000000,0.000000,0
0,12000.000000,-3200.000000,400.000000,4.000000,4.000000,4.000000,0.000000,0.000000,0.000000,0
0,11600.000000,-3200.000000,400.000000,4.000000,4.000000,4.000000,0.000000,0.000000,0.000000,0
0,11200.000000,-3200.000000,400.000000,4.000000,4.000000,4.000000,0.000000,0.000000,0.000000,0
0,10800.000000,-3200.000000,400.000000,4.000000,4.000000,4.000000,0.000000,0.000000,0.000000,0
0,10400.000000,-3200.000000,400.000000,4.000000,4.000000,4.000000,0.000000,0.000000,0.000000,0
0,10000.000000,-3200.000000,400.000000,4.000000,4.000000,4.000000,0.000000,0.000000,0.000000,0
0,9600.000000,-3200.000000,400.000000,4.000000,4.000000,4.000000,0.000000,0.000000,0.000000,0
0,9200.000000,-3200.000000,400.000000,4.000000,4.000000,4.000000,0.000000,0.000000,0.000000,0
0,8800.000000,-3200.000000,400.000000,4.000000,4.000000,4.000000,0.000000,0.000000,0.000000,0
0,8400.000000,-3200.000000,400.000000,4.000000,4.000000,4.000000,0.000000,0.000000,0.000000,0
0,8000.000000,-3200.000000,400.000000,4.000000,4.000000,4.000000,0.000000,0.000000,0.000000,0
0,7600.000000,-3200.000000,400.000000,4.000000,4.000000,4.000000,0.000000,0.000000,0.000000,0
0,7200.000000,-3200.000000,400.000000,4.000000,4.000000,4.000000,0.000000,0.000000,0.000000,0
0,6800.000000,-3200.000000,400.000000,4.000000,4.000000,4.000000,0.000000,0.000000,0.000000,0
0,6400.000000,-3200.000000,400.000000,4.000000,4.000000,4.000000,0.000000,0.000000,0.000000,0
0,6000.000000,-3200.000000,400.000000,4.000000,4.000000,4.000000,0.000000,0.000000,0.000000,0
0,5600.000000,-3200.000000,400.000000,4.000000,4.000000,4.000000,0.000000,0.000000,0.000000,0
0,5200.000000,-3200.000000,400.000000,4.000000,4.000000,4.000000,0.000000,0.000000,0.000000,0
0,4800.000000,-3200.000000,400.000000,4.000000,4.000000,4.000000,0.000000,0.000000,0.000000,0
0,4400.000000,-3200.000000,400.000000,4.000000,4.000000,4.000000,0.000000,0.000000,0.000000,0
0,4000.000000,-3200.000000,400.000000,4.000000,4.000000,4.000000,0.000000,0.000000,0.000000,0
0,3600.000000,-3200.000000,400.000000,4.000000,4.000000,4.000000,0.000000,0.000000,0.000000,0
0,3200.000000,-3200.000000,400.000000,4.000000,4.000000,4.000000,0.000000,0.000000,0.000000,0
0,2800.000000,-3200.000000,400.000000,4.000000,4.000000,4.000000,0.000000,0.000000,0.000000,0
0,2400.000000,-3200.000000,400.000000,4.000000,4.000000,4.000000,0.000000,0.000000,0.000000,0
0,2000.000000,-3200.000000,400.000000,4.000000,4.000000,4.000000,0.000000,0.000000,0.000000,0
0,1600.000000,-3200.000000,400.000000,4.000000,4.000000,4.000000,0.000000,0.000000,0.000000,0
0,1200.000000,-3200.000000,400.000000,4.000000,4.000000,4.000000,0.000000,0.000000,0.000000,0
7,-4400.000000,-800.000000,400.000000,4.000000,4.000000,4.000000,0.000000,0.000000,3.141593,0
7,-4000.000000,-800.000000,400.000000,4.000000,4.000000,4.000000,0.000000,0.000000,3.141593,0
7,-3600.000000,-800.000000,400.000000,4.000000,4.000000,4.000000,0.000000,0.000000,3.141593,0
7,-3200.000000,-800.000000,400.000000,4.000000,4.000000,4.000000,0.000000,0.000000,3.141593,0
7,-2800.000000,-800.000000,400.000000,4.000000,4.000000,4.000000,0.000000,0.000000,3.141593,0
7,-2400.000000,-800.000000,400.000000,4.000000,4.000000,4.000000,0.000000,0.000000,3.141593,0
7,-2000.000000,-800.000000,400.000000,4.000000,4.000000,4.000000,0.000000,0.000000,3.141593,0
7,-1600.000000,-800.000000,400.000000,4.000000,4.000000,4.000000,0.000000,0.000000,3.141593,0
7,-1200.000000,-800.000000,400.000000,4.000000,4.000000,4.000000,0.000000,0.000000,3.141593,0
7,-800.000000,-800.000000,400.000000,4.000000,4.000000,4.000000,0.000000,0.000000,3.141593,0
7,-400.000000,-800.000000,400.000000,4.000000,4.000000,4.000000,0.000000,0.000000,3.141593,0
7,0.000000,-800.000000,400.000000,4.000000,4.000000,4.000000,0.000000,0.000000,3.141593,0
7,400.000000,-800.000000,400.000000,4.000000,4.000000,4.000000,0.000000,0.000000,3.141593,0
7,800.000000,-800.000000,400.000000,4.000000,4.000000,4.000000,0.000000,0.000000,3.141593,0
7,1200.000000,-800.000000,400.000000,4.000000,4.000000,4.000000,0.000000,0.000000,3.141593,0
7,1600.000000,-800.000000,400.000000,4.000000,4.000000,4.000000,0.000000,0.000000,3.141593,0
7,2000.000000,-800.000000,400.000000,4.000000,4.000000,4.000000,0.000000,0.000000,3.141593,0
7,2400.000000,-800.000000,400.000000,4.000000,4.000000,4.000000,0.000000,0.000000,3.141593,0
7,2800.000000,-800.000000,400.000000,4.000000,4.000000,4.000000,0.000000,0.000000,3.141593,0
7,3200.000000,-800.000000,400.000000,4.000000,4.000000,4.000000,0.000000,0.000000,3.141593,0
7,3600.000000,-800.000000,400.000000,4.000000,4.000000,4.000000,0.000000,0.000000,3.141593,0
7,4000.000000,-800.000000,400.000000,4.000000,4.000000,4.000000,0.000000,0.000000,3.141593,0
7,4400.000000,-800.000000,400.000000,4.000000,4.000000,4.000000,0.000000,0.000000,3.141593,0
7,4800.000000,-800.000000,400.000000,4.000000,4.000000,4.000000,0.000000,0.000000,3.141593,0
7,5200.000000,-800.000000,400.000000,4.000000,4.000000,4.000000,0.000000,0.000000,3.141593,0
7,5600.000000,-800.000000,400.000000,4.000000,4.000000,4.000000,0.000000,0.000000,3.141593,0
7,6000.000000,-800.000000,400.000000,4.000000,4.000000,4.000000,0.000000,0.000000,3.141593,0
7,6400.000000,-800.000000,400.000000,4.000000,4.000000,4.000000,0.000000,0.000000,3.141593,0
7,6800.000000,-800.000000,400.000000,4.000000,4.000000,4.000000,0.000000,0.000000,3.141593,0
7,7200.000000,-800.000000,400.000000,4.000000,4.000000,4.000000,0.000000,0.000000,3.141593,0
7,7600.000000,-800.000000,400.000000,4.000000,4.000000,4.000000,0.000000,0.000000,3.141593,0
7,8000.000000,-800.000000,400.000000,4.000000,4.000000,4.000000,0.000000,0.000000,3.141593,0
7,8400.000000,-800.000000,400.000000,4.000000,4.000000,4.000000,0.000000,0.000000,3.141593,0
7,8800.000000,-800.000000,400.000000,4.000000,4.000000,4.000000,0.000000,0.000000,3.141593,0
7,9200.000000,-800.000000,400.000000,4.000000,4.000000,4.000000,0.000000,0.000000,3.141593,0
7,9600.000000,-800.000000,400.000000,4.000000,4.000000,4.000000,0.000000,0.000000,3.141593,0
7,10000.000000,-800.000000,400.000000,4.000000,4.000000,4.000000,0.000000,0.000000,3.141593,0
7,10400.000000,-800.000000,400.000000,4.000000,4.000000,4.000000,0.000000,0.000000,3.141593,0
7,10800.000000,-800.000000,400.000000,4.000000,4.000000,4.000000,0.000000,0.000000,3.141593,0
7,11200.000000,-800.000000,400.000000,4.000000,4.000000,4.000000,0.000000,0.000000,3.141593,0
7,11600.000000,-800.000000,400.000000,4.000000,4.000000,4.000000,0.000000,0.000000,3.141593,0
7,12000.000000,-800.000000,400.000000,4.000000,4.000000,4.000000,0.000000,0.000000,3.141593,0
7,12400.000000,-800.000000,400.000000,4.000000,4.000000,4.000000,0.000000,0.000000,3.141593,0
7,12800.000000,-800.000000,400.000000,4.000000,4.000000,4.000000,0.000000,0.000000,3.141593,0
7,13200.000000,-800.000000,400.000000,4.000000,4.000000,4.000000,0.000000,0.000000,3.141593,0
7,22000.000000,-1600.000000,400.000000,4.000000,4.000000,4.000000,0.000000,0.000000,3.141593,0
7,22400.000000,-1600.000000,400.000000,4.000000,4.000000,4.000000,0.000000,0.000000,3.141593,0
7,22800.000000,-1600.000000,400.000000,4.000000,4.000000,4.000000,0.000000,0.000000,3.141593,0
7,23200.000000,-1600.000000,400.000000,4.000000,4.000000,4.000000,0.000000,0.000000,3.141593,0
7,23600.000000,-1600.000000,400.000000,4.000000,4.000000,4.000000,0.000000,0.000000,3.141593,0
7,24000.000000,-1600.000000,400.000000,4.000000,4.000000,4.000000,0.000000,0.000000,3.141593,0
7,24400.000000,-1600.000000,400.000000,4.000000,4.000000,4.000000,0.000000,0.000000,3.141593,0
7,24800.000000,-1600.000000,400.000000,4.000000,4.000000,4.000000,0.000000,0.000000,3.141593,0
7,25200.000000,-1600.000000,400.000000,4.000000,4.000000,4.000000,0.000000,0.000000,3.141593,0
7,25600.000000,-1600.000000,400.000000,4.000000,4.000000,4.000000,0.000000,0.000000,3.141593,0
7,26000.000000,-1600.000000,400.000000,4.000000,4.000000,4.000000,0.000000,0.000000,3.141593,0
7,26400.000000,-1600.000000,400.000000,4.000000,4.000000,4.000000,0.000000,0.000000,3.141593,0
7,26800.000000,-1600.000000,400.000000,4.000000,4.000000,4.000000,0.000000,0.000000,3.141593,0
7,27200.000000,-4800.000000,400.000000,4.000000,4.000000,4.000000,0.000000,0.000000,3.141593,0
7,27600.000000,-4800.000000,400.000000,4.000000,4.000000,4.000000,0.000000,0.000000,3.141593,0
7,28000.000000,-4800.000000,400.000000,4.000000,4.000000,4.000000,0.000000,0.000000,3.141593,0
7,28400.000000,-4800.000000,400.000000,4.000000,4.000000,4.000000,0.000000,0.000000,3.141593,0
7,28800.000000,-4800.000000,400.000000,4.000000,4.000000,4.000000,0.000000,0.000000,3.141593,0
7,29200.000000,-4800.000000,400.000000,4.000000,4.000000,4.000000,0.000000,0.000000,3.141593,0
7,29600.000000,-4800.000000,400.000000,4.000000,4.000000,4.000000,0.000000,0.000000,3.141593,0
7,30000.000000,-4800.000000,400.000000,4.000000,4.000000,4.000000,0.000000,0.000000,3.141593,0
7,30400.000000,-4800.000000,400.000000,4.000000,4.000000,4.000000,0.000000,0.000000,3.141593,0
7,30800.000000,-4800.000000,400.000000,4.000000,4.000000,4.000000,0.000000,0.000000,3.141593,0
7,31200.000000,-4800.000000,400.000000,4.000000,4.000000,4.000000,0.000000,0.000000,3.141593,0
7,31600.000000,-4800.000000,400.000000,4.000000,4.000000,4.000000,0.000000,0.000000,3.141593,0
7,32000.000000,-4800.000000,400.000000,4.000000,4.000000,4.000000,0.000000,0.000000,3.141593,0
7,32400.000000,-4800.000000,400.000000,4.000000,4.000000,4.000000,0.000000,0.000000,3.141593,0
7,32800.000000,-4800.000000,400.000000,4.000000,4.000000,4.000000,0.000000,0.000000,3.141593,0
7,33200.000000,-4800.000000,400.000000,4.000000,4.000000,4.000000,0.000000,0.000000,3.141593,0
7,33600.000000,-4800.000000,400.000000,4.000000,4.000000,4.000000,0.000000,0.000000,3.141593,0
7,34000.000000,-4000.000000,400.000000,4.000000,4.000000,4.000000,0.000000,0.000000,3.141593,0
7,34400.000000,-3600.000000,400.000000,4.000000,4.000000,4.000000,0.000000,0.000000,3.141593,0
7,34800.000000,-3200.000000,400.000000,4.000000,4.000000,4.000000,0.000000,0.000000,3.141593,0
7,35200.000000,-2800.000000,400.000000,4.000000,4.000000,4.000000,0.000000,0.000000,3.141593,0
7,35600.000000,-2400.000000,400.000000,4.000000,4.000000,4.000000,0.000000,0.000000,3.141593,0
7,36000.000000,-2000.000000,400.000000,4.000000,4.000000,4.000000,0.000000,0.000000,3.141593,0
7,36400.000000,-1600.000000,400.000000,4.000000,4.000000,4.000000,0.000000,0.000000,3.141593,0
7,36800.000000,-1200.000000,400.000000,4.000000,4.000000,4.000000,0.000000,0.000000,3.141593,0
7,37200.000000,-800.000000,400.000000,4.000000,4.000000,4.000000,0.000000,0.000000,3.141593,0
7,37600.000000,-400.000000,400.000000,4.000000,4.000000,4.000000,0.000000,0.000000,3.141593,0
7,38000.000000,0.000000,400.000000,4.000000,4.000000,4.000000,0.000000,0.000000,3.141593,0
7,38400.000000,0.000000,400.000000,4.000000,4.000000,4.000000,0.000000,0.000000,3.141593,0
7,38800.000000,0.000000,400.000000,4.000000,4.000000,4.000000,0.000000,0.000000,3.141593,0
7,39200.000000,0.000000,400.000000,4.000000,4.000000,4.000000,0.000000,0.000000,3.141593,0
7,39600.000000,0.000000,400.000000,4.000000,4.000000,4.000000,0.000000,0.000000,3.141593,0
7,40000.000000,0.000000,400.000000,4.000000,4.000000,4.000000,0.000000,0.000000,3.141593,0
7,40400.000000,0.000000,400.000000,4.000000,4.000000,4.000000,0.000000,0.000000,3.141593,0
7,40800.000000,0.000000,400.000000,4.000000,4.000000,4.000000,0.000000,0.000000,3.141593,0
7,41200.000000,0.000000,400.000000,4.000000,4.000000,4.000000,0.000000,0.000000,3.141593,0
7,41600.000000,0.000000,400.000000,4.000000,4.000000,4.000000,0.000000,0.000000,3.141593,0
7,42000.000000,0.000000,400.000000,4.000000,4.000000,4.000000,0.000000,0.000000,3.141593,0
7,42400.000000,0.000000,400.000000,4.000000,4.000000,4.000000,0.000000,0.000000,3.141593,0
7,42800.000000,0.000000,400.000000,4.000000,4.000000,4.000000,0.000000,0.000000,3.141593,0
7,43200.000000,0.000000,400.000000,4.000000,4.000000,4.000000,0.000000,0.000000,3.141593,0
7,43600.000000,0.000000,400.000000,4.000000,4.000000,4.000000,0.000000,0.000000,3.141593,0
7,44000.000000,0.000000,400.000000,4.000000,4.000000,4.000000,0.000000,0.000000,3.141593,0
7,44400.000000,0.000000,400.000000,4.000000,4.000000,4.000000,0.000000,0.000000,3.141593,0
7,44800.000000,0.000000,400.000000,4.000000,4.000000,4.000000,0.000000,0.000000,3.141593,0
7,45200.000000,0.000000,400.000000,4.000000,4.000000,4.000000,0.000000,0.000000,3.141593,0
7,45600.000000,0.000000,400.000000,4.000000,4.000000,4.000000,0.000000,0.000000,3.141593,0
7,46000.000000,0.000000,400.000000,4.000000,4.000000,4.000000,0.000000,0.000000,3.141593,0
7,46400.000000,2000.000000,400.000000,4.000000,4.000000,4.000000,0.000000,0.000000,3.141593,0
7,46800.000000,2000.000000,400.000000,4.000000,4.000000,4.000000,0.000000,0.000000,3.141593,0
7,47200.000000,2000.000000,400.000000,4.000000,4.000000,4.000000,0.000000,0.000000,3.141593,0
7,47600.000000,2000.000000,400.000000,4.000000,4.000000,4.000000,0.000000,0.000000,3.141593,0
7,48000.000000,2000.000000,400.000000,4.000000,4.000000,4.000000,0.000000,0.000000,3.141593,0
7,48400.000000,2000.000000,400.000000,4.000000,4.000000,4.000000,0.000000,0.000000,3.141593,0
7,48800.000000,2000.000000,400.000000,4.000000,4.000000,4.000000,0.000000,0.000000,3.141593,0
7,49200.000000,2000.000000,400.000000,4.000000,4.000000,4.000000,0.000000,0.000000,3.141593,0
7,49600.000000,2000.000000,400.000000,4.000000,4.000000,4.000000,0.000000,0.000000,3.141593,0
7,50400.000000,-3200.000000,400.000000,4.000000,4.000000,4.000000,0.000000,0.000000,0.000000,0
7,50000.000000,-3200.000000,400.000000,4.000000,4.000000,4.000000,0.000000,0.000000,0.000000,0
7,49600.000000,-3200.000000,400.000000,4.000000,4.000000,4.000000,0.000000,0.000000,0.000000,0
7,49200.000000,-3200.000000,400.000000,4.000000,4.000000,4.000000,0.000000,0.000000,0.000000,0
7,48800.000000,-3200.000000,400.000000,4.000000,4.000000,4.000000,0.000000,0.000000,0.000000,0
7,48400.000000,-3200.000000,400.000000,4.000000,4.000000,4.000000,0.000000,0.000000,0.000000,0
7,48000.000000,-3200.000000,400.000000,4.000000,4.000000,4.000000,0.000000,0.000000,0.000000,0
7,47600.000000,-3200.000000,400.000000,4.000000,4.000000,4.000000,0.000000,0.000000,0.000000,0
7,47200.000000,-3200.000000,400.000000,4.000000,4.000000,4.000000,0.000000,0.000000,0.000000,0
7,46800.000000,-3200.000000,400.000000,4.000000,4.000000,4.000000,0.000000,0.000000,0.000000,0
7,46400.000000,-3200.000000,400.000000,4.000000,4.000000,4.000000,0.000000,0.000000,0.000000,0
7,46000.000000,-3200.000000,400.000000,4.000000,4.000000,4.000000,0.000000,0.000000,0.000000,0
7,45600.000000,-3200.000000,400.000000,4.000000,4.000000,4.000000,0.000000,0.000000,0.000000,0
7,45200.000000,-3200.000000,400.000000,4.000000,4.000000,4.000000,0.000000,0.000000,0.000000,0
7,44800.000000,-3200.000000,400.000000,4.000000,4.000000,4.000000,0.000000,0.000000,0.000000,0
7,44400.000000,-3200.000000,400.000000,4.000000,4.000000,4.000000,0.000000,0.000000,0.000000,0
7,44000.000000,-3200.000000,400.000000,4.000000,4.000000,4.000000,0.000000,0.000000,0.000000,0
7,43600.000000,-3200.000000,400.000000,4.000000,4.000000,4.000000,0.000000,0.000000,0.000000,0
7,43200.000000,-3200.000000,400.000000,4.000000,4.000000,4.000000,0.000000,0.000000,0.000000,0
7,42800.000000,-3200.000000,400.000000,4.000000,4.000000,4.000000,0.000000,0.000000,0.000000,0
7,42400.000000,-3200.000000,400.000000,4.000000,4.000000,4.000000,0.000000,0.000000,0.000000,0
7,42000.000000,-3200.000000,400.000000,4.000000,4.000000,4.000000,0.000000,0.000000,0.000000,0
7,41600.000000,-3200.000000,400.000000,4.000000,4.000000,4.000000,0.000000,0.000000,0.000000,0
7,41200.000000,-3200.000000,400.000000,4.000000,4.000000,4.000000,0.000000,0.000000,0.000000,0
7,40800.000000,-3200.000000,400.000000,4.000000,4.000000,4.000000,0.000000,0.000000,0.000000,0
7,40400.000000,-3200.000000,400.000000,4.000000,4.000000,4.000000,0.000000,0.000000,0.000000,0
7,40000.000000,-3200.000000,400.000000,4.000000,4.000000,4.000000,0.000000,0.000000,0.000000,0
7,39600.000000,-3600.000000,400.000000,4.000000,4.000000,4.000000,0.000000,0.000000,0.000000,0
7,39200.000000,-4000.000000,400.000000,4.000000,4.000000,4.000000,0.000000,0.000000,0.000000,0
7,38800.000000,-4400.000000,400.000000,4.000000,4.000000,4.000000,0.000000,0.000000,0.000000,0
7,38400.000000,-4800.000000,400.000000,4.000000,4.000000,4.000000,0.000000,0.000000,0.000000,0
7,38000.000000,-5200.000000,400.000000,4.000000,4.000000,4.000000,0.000000,0.000000,0.000000,0
7,37600.000000,-5600.000000,400.000000,4.000000,4.000000,4.000000,0.000000,0.000000,0.000000,0
7,37200.000000,-6000.000000,400.000000,4.000000,4.000000,4.000000,0.000000,0.000000,0.000000,0
7,36800.000000,-6400.000000,400.000000,4.000000,4.000000,4.000000,0.000000,0.000000,0.000000,0
7,36400.000000,-6800.000000,400.000000,4.000000,4.000000,4.000000,0.000000,0.000000,0.000000,0
7,36000.000000,-7200.000000,400.000000,4.000000,4.000000,4.000000,0.000000,0.000000,0.000000,0
7,35600.000000,-7600.000000,400.000000,4.000000,4.000000,4.000000,0.000000,0.000000,0.000000,0
7,35200.000000,-8000.000000,400.000000,4.000000,4.000000,4.000000,0.000000,0.000000,0.000000,0
7,34800.000000,-8400.000000,400.000000,4.000000,4.000000,4.000000,0.000000,0.000000,0.000000,0
7,34400.000000,-8800.000000,400.000000,4.000000,4.000000,4.000000,0.000000,0.000000,0.000000,0
7,34000.000000,-8800.000000,400.000000,4.000000,4.000000,4.000000,0.000000,0.000000,0.000000,0
7,33600.000000,-8800.000000,400.000000,4.000000,4.000000,4.000000,0.000000,0.000000,0.000000,0
7,33200.000000,-8800.000000,400.000000,4.000000,4.000000,4.000000,0.000000,0.000000,0.000000,0
7,32800.000000,-8800.000000,400.000000,4.000000,4.000000,4.000000,0.000000,0.000000,0.000000,0
7,32400.000000,-8800.000000,400.000000,4.000000,4.000000,4.000000,0.000000,0.000000,0.000000,0
7,32000.000000,-8800.000000,400.000000,4.000000,4.000000,4.000000,0.000000,0.000000,0.000000,0
7,31600.000000,-8800.000000,400.000000,4.000000,4.000000,4.000000,0.000000,0.000000,0.000000,0
7,31200.000000,-8800.000000,400.000000,4.000000,4.000000,4.000000,0.000000,0.000000,0.000000,0
7,30800.000000,-8800.000000,400.000000,4.000000,4.000000,4.000000,0.000000,0.000000,0.000000,0
7,30400.000000,-8800.000000,400.000000,4.000000,4.000000,4.000000,0.000000,0.000000,0.000000,0
7,30000.000000,-8800.000000,400.000000,4.000000,4.000000,4.000000,0.000000,0.000000,0.000000,0
7,29600.000000,-8800.000000,400.000000,4.000000,4.000000,4.000000,0.000000,0.000000,0.000000,0
7,29200.000000,-8800.000000,400.000000,4.000000,4.000000,4.000000,0.000000,0.000000,0.000000,0
7,28800.000000,-8800.000000,400.000000,4.000000,4.000000,4.000000,0.000000,0.000000,0.000000,0
7,28400.000000,-8800.000000,400.000000,4.000000,4.000000,4.000000,0.000000,0.000000,0.000000,0
7,28000.000000,-8800.000000,400.000000,4.000000,4.000000,4.000000,0.000000,0.000000,0.000000,0
7,27600.000000,-8800.000000,400.000000,4.000000,4.000000,4.000000,0.000000,0.000000,0.000000,0
7,27200.000000,-8800.000000,400.000000,4.000000,4.000000,4.000000,0.000000,0.000000,0.000000,0
7,26800.000000,-8800.000000,400.000000,4.000000,4.000000,4.000000,0.000000,0.000000,0.000000,0
7,26400.000000,-8800.000000,400.000000,4.000000,4.000000,4.000000,0.000000,0.000000,0.000000,0
7,26000.000000,-8800.000000,400.000000,4.000000,4.000000,4.000000,0.000000,0.000000,0.000000,0
7,25600.000000,-8800.000000,400.000000,4.000000,4.000000,4.000000,0.000000,0.000000,0.000000,0
7,25200.000000,-8800.000000,400.000000,4.000000,4.000000,4.000000,0.000000,0.000000,0.000000,0
7,24800.000000,-8800.000000,400.000000,4.000000,4.000000,4.000000,0.000000,0.000000,0.000000,0
7,24400.000000,-8800.000000,400.000000,4.000000,4.000000,4.000000,0.000000,0.000000,0.000000,0
7,24000.000000,-8800.000000,400.000000,4.000000,4.000000,4.000000,0.000000,0.000000,0.000000,0
7,23600.000000,-8800.000000,400.000000,4.000000,4.000000,4.000000,0.000000,0.000000,0.000000,0
7,23200.000000,-8800.000000,400.000000,4.000000,4.000000,4.000000,0.000000,0.000000,0.000000,0
7,22800.000000,-8800.000000,400.000000,4.000000,4.000000,4.000000,0.000000,0.000000,0.000000,0
7,22400.000000,-8800.000000,400.000000,4.000000,4.000000,4.000000,0.000000,0.000000,0.000000,0
7,22000.000000,-8800.000000,400.000000,4.000000,4.000000,4.000000,0.000000,0.000000,0.000000,0
7,16400.000000,-4800.000000,400.000000,4.000000,4.000000,4.000000,0.000000,0.000000,0.000000,0
7,16000.000000,-4800.000000,400.000000,4.000000,4.000000,4.000000,0.000000,0.000000,0.000000,0
7,15600.000000,-4800.000000,400.000000,4.000000,4.000000,4.000000,0.000000,0.000000,0.000000,0
7,15200.000000,-4800.000000,400.000000,4.000000,4.000000,4.000000,0.000000,0.000000,0.000000,0
7,14800.000000,-4800.000000,400.000000,4.000000,4.000000,4.000000,0.000000,0.000000,0.000000,0
7,14400.000000,-4800.000000,400.000000,4.000000,4.000000,4.000000,0.000000,0.000000,0.000000,0
7,14000.000000,-4800.000000,400.000000,4.000000,4.000000,4.000000,0.000000,0.000000,0.000000,0
0,26400.000000,-1200.000000,0.000000,4.000000,4.000000,4.000000,0.000000,0.000000,0.000000,0
0,26000.000000,-1200.000000,0.000000,4.000000,4.000000,4.000000,0.000000,0.000000,0.000000,0
0,25600.000000,-1200.000000,0.000000,4.000000,4.000000,4.000000,0.000000,0.000000,0.000000,0
0,25200.000000,-1200.000000,0.000000,4.000000,4.000000,4.000000,0.000000,0.000000,0.000000,0
0,24800.000000,-1200.000000,0.000000,4.000000,4.000000,4.000000,0.000000,0.000000,0.000000,0
0,24400.000000,-1200.000000,0.000000,4.000000,4.000000,4.000000,0.000000,0.000000,0.000000,0
0,24000.000000,-1200.000000,0.000000,4.000000,4.000000,4.000000,0.000000,0.000000,0.000000,0
0,23600.000000,-1200.000000,0.000000,4.000000,4.000000,4.000000,0.000000,0.000000,0.000000,0
0,23200.000000,-1200.000000,0.000000,4.000000,4.000000,4.000000,0.000000,0.000000,0.000000,0
0,22800.000000,-1200.000000,0.000000,4.000000,4.000000,4.000000,0.000000,0.000000,0.000000,0
0,22400.000000,-1200.000000,0.000000,4.000000,4.000000,4.000000,0.000000,0.000000,0.000000,0
0,37200.000000,-3600.000000,400.000000,4.000000,4.000000,4.000000,0.000000,0.000000,0.000000,0
0,37200.000000,-4000.000000,400.000000,4.000000,4.000000,4.000000,0.000000,0.000000,0.000000,0
0,37200.000000,-4400.000000,400.000000,4.000000,4.000000,4.000000,0.000000,0.000000,0.000000,0
0,38800.000000,-2000.000000,400.000000,4.000000,4.000000,4.000000,0.000000,0.000000,0.000000,0
0,38800.000000,-2400.000000,400.000000,4.000000,4.000000,4.000000,0.000000,0.000000,0.000000,0
0,38800.000000,-2800.000000,400.000000,4.000000,4.000000,4.000000,0.000000,0.000000,0.000000,0
0,35200.000000,-5600.000000,400.000000,4.000000,4.000000,4.000000,0.000000,0.000000,0.000000,0
0,35200.000000,-6000.000000,400.000000,4.000000,4.000000,4.000000,0.000000,0.000000,0.000000,0
0,35200.000000,-6400.000000,400.000000,4.000000,4.000000,4.000000,0.000000,0.000000,0.000000,0
2,4600.000000,1044.000000,0.000000,6.000000,6.000000,6.000000,0.000000,0.000000,0.000000,0
