0,-2400.000000,-3600.000000,0.000000,4.000000,4.000000,4.000000,0.000000,0.000000,0.000000,0
0,-2000.000000,-3600.000000,0.000000,4.000000,4.000000,4.000000,0.000000,0.000000,0.000000,0
0,-1600.000000,-3600.000000,0.000000,4.000000,4.000000,4.000000,0.000000,0.000000,0.000000,0
0,-1200.000000,-3600.000000,0.000000,4.000000,4.000000,4.000000,0.000000,0.000000,0.000000,0
0,-800.000000,-3600.000000,0.000000,4.000000,4.000000,4.000000,0.000000,0.000000,0.000000,0
0,-400.000000,-3600.000000,0.000000,4.000000,4.000000,4.000000,0.000000,0.000000,0.000000,0
0,0.000000,-3600.000000,0.000000,4.000000,4.000000,4.000000,0.000000,0.000000,0.000000,0
0,400.000000,-3600.000000,0.000000,4.000000,4.000000,4.000000,0.000000,0.000000,0.000000,0
0,800.000000,-3600.000000,0.000000,4.000000,4.000000,4.000000,0.000000,0.000000,0.000000,0
0,1200.000000,-3600.000000,0.000000,4.000000,4.000000,4.000000,0.000000,0.000000,0.000000,0
0,1600.000000,-3600.000000,0.000000,4.000000,4.000000,4.000000,0.000000,0.000000,0.000000,0
0,2000.000000,-3600.000000,0.000000,4.000000,4.000000,4.000000,0.000000,0.000000,0.000000,0
0,2400.000000,-3600.000000,0.000000,4.000000,4.000000,4.000000,0.000000,0.000000,0.000000,0
0,2800.000000,-3600.000000,0.000000,4.000000,4.000000,4.000000,0.000000,0.000000,0.000000,0
0,3200.000000,-3600.000000,0.000000,4.000000,4.000000,4.000000,0.000000,0.000000,0.000000,0
0,3600.000000,-3600.000000,0.000000,4.000000,4.000000,4.000000,0.000000,0.000000,0.000000,0
0,-2800.000000,-3600.000000,0.000000,4.000000,4.000000,4.000000,0.000000,0.000000,0.000000,0
0,-3200.000000,-3600.000000,0.000000,4.000000,4.000000,4.000000,0.000000,0.000000,0.000000,0
0,-3600.000000,-3600.000000,0.000000,4.000000,4.000000,4.000000,0.000000,0.000000,0.000000,0
0,-4000.000000,-3600.000000,0.000000,4.000000,4.000000,4.000000,0.000000,0.000000,0.000000,0
0,-4000.000000,-3200.000000,0.000000,4.000000,4.000000,4.000000,0.000000,0.000000,0.000000,0
0,-4000.000000,-2800.000000,0.000000,4.000000,4.000000,4.000000,0.000000,0.000000,0.000000,0
0,-4000.000000,-2400.000000,0.000000,4.000000,4.000000,4.000000,0.000000,0.000000,0.000000,0
0,-4000.000000,-2000.000000,0.000000,4.000000,4.000000,4.000000,0.000000,0.000000,0.000000,0
0,-4000.000000,-1600.000000,0.000000,4.000000,4.000000,4.000000,0.000000,0.000000,0.000000,0
0,-4000.000000,-1200.000000,0.000000,4.000000,4.000000,4.000000,0.000000,0.000000,0.000000,0
0,-3600.000000,-1200.000000,0.000000,4.000000,4.000000,4.000000,0.000000,0.000000,0.000000,0
0,-3200.000000,-1200.000000,0.000000,4.000000,4.000000,4.000000,0.000000,0.000000,0.000000,0
0,-2800.000000,-1200.000000,0.000000,4.000000,4.000000,4.000000,0.000000,0.000000,0.000000,0
0,-2400.000000,-1200.000000,0.000000,4.000000,4.000000,4.000000,0.000000,0.000000,0.000000,0
0,-2000.000000,-1200.000000,0.000000,4.000000,4.000000,4.000000,0.000000,0.000000,0.000000,0
0,-1600.000000,-1200.000000,0.000000,4.000000,4.000000,4.000000,0.000000,0.000000,0.000000,0
0,-1200.000000,-1200.000000,0.000000,4.000000,4.000000,4.000000,0.000000,0.000000,0.000000,0
0,-800.000000,-1200.000000,0.000000,4.000000,4.000000,4.000000,0.000000,0.000000,0.000000,0
0,-400.000000,-1200.000000,0.000000,4.000000,4.000000,4.000000,0.000000,0.000000,0.000000,0
0,0.000000,-1200.000000,0.000000,4.000000,4.000000,4.000000,0.000000,0.000000,0.000000,0
0,400.000000,-1200.000000,0.000000,4.000000,4.000000,4.000000,0.000000,0.000000,0.000000,0
0,800.000000,-1200.000000,0.000000,4.000000,4.000000,4.000000,0.000000,0.000000,0.000000,0
0,1200.000000,-1200.000000,0.000000,4.000000,4.000000,4.000000,0.000000,0.000000,0.000000,0
0,1600.000000,-1200.000000,0.000000,4.000000,4.000000,4.000000,0.000000,0.000000,0.000000,0
0,2000.000000,-1200.000000,0.000000,4.000000,4.000000,4.000000,0.000000,0.000000,0.000000,0
0,2400.000000,-1200.000000,0.000000,4.000000,4.000000,4.000000,0.000000,0.000000,0.000000,0
0,2800.000000,-1200.000000,0.000000,4.000000,4.000000,4.000000,0.000000,0.000000,0.000000,0
0,3200.000000,-1200.000000,0.000000,4.000000,4.000000,4.000000,0.000000,0.000000,0.000000,0
0,3600.000000,-1200.000000,0.000000,4.000000,4.000000,4.000000,0.000000,0.000000,0.000000,0
0,4000.000000,-1200.000000,0.000000,4.000000,4.000000,4.000000,0.000000,0.000000,0.000000,0
0,4000.000000,-3600.000000,0.000000,4.000000,4.000000,4.000000,0.000000,0.000000,0.000000,0
0,4400.000000,-3600.000000,0.000000,4.000000,4.000000,4.000000,0.000000,0.000000,0.000000,0
0,4800.000000,-3600.000000,0.000000,4.000000,4.000000,4.000000,0.000000,0.000000,0.000000,0
0,5200.000000,-3600.000000,0.000000,4.000000,4.000000,4.000000,0.000000,0.000000,0.000000,0
0,4400.000000,-1200.000000,0.000000,4.000000,4.000000,4.000000,0.000000,0.000000,0.000000,0
0,4800.000000,-1200.000000,0.000000,4.000000,4.000000,4.000000,0.000000,0.000000,0.000000,0
0,5200.000000,-1200.000000,0.000000,4.000000,4.000000,4.000000,0.000000,0.000000,0.000000,0
0,5200.000000,-4000.000000,0.000000,4.000000,4.000000,4.000000,0.000000,0.000000,0.000000,0
0,5200.000000,-4400.000000,0.000000,4.000000,4.000000,4.000000,0.000000,0.000000,0.000000,0
0,5200.000000,-4800.000000,0.000000,4.000000,4.000000,4.000000,0.000000,0.000000,0.000000,0
0,5200.000000,-5200.000000,0.000000,4.000000,4.000000,4.000000,0.000000,0.000000,0.000000,0
0,5600.000000,-5200.000000,0.000000,4.000000,4.000000,4.000000,0.000000,0.000000,0.000000,0
0,6000.000000,-5200.000000,0.000000,4.000000,4.000000,4.000000,0.000000,0.000000,0.000000,0
0,6400.000000,-5200.000000,0.000000,4.000000,4.000000,4.000000,0.000000,0.000000,0.000000,0
0,6800.000000,-5200.000000,0.000000,4.000000,4.000000,4.000000,0.000000,0.000000,0.000000,0
0,7200.000000,-5200.000000,0.000000,4.000000,4.000000,4.000000,0.000000,0.000000,0.000000,0
0,7600.000000,-5200.000000,0.000000,4.000000,4.000000,4.000000,0.000000,0.000000,0.000000,0
0,8000.000000,-5200.000000,0.000000,4.000000,4.000000,4.000000,0.000000,0.000000,0.000000,0
0,8400.000000,-5200.000000,0.000000,4.000000,4.000000,4.000000,0.000000,0.000000,0.000000,0
0,8800.000000,-5200.000000,0.000000,4.000000,4.000000,4.000000,0.000000,0.000000,0.000000,0
0,9200.000000,-5200.000000,0.000000,4.000000,4.000000,4.000000,0.000000,0.000000,0.000000,0
0,6000.000000,-1200.000000,0.000000,4.000000,4.000000,4.000000,0.000000,0.000000,0.000000,0
0,5600.000000,-1200.000000,0.000000,4.000000,4.000000,4.000000,0.000000,0.000000,0.000000,0
0,6400.000000,-1200.000000,0.000000,4.000000,4.000000,4.000000,0.000000,0.000000,0.000000,0
0,6800.000000,-1200.000000,0.000000,4.000000,4.000000,4.000000,0.000000,0.000000,0.000000,0
0,7200.000000,-1200.000000,0.000000,4.000000,4.000000,4.000000,0.000000,0.000000,0.000000,0
0,7600.000000,-1200.000000,0.000000,4.000000,4.000000,4.000000,0.000000,0.000000,0.000000,0
0,8000.000000,-1200.000000,0.000000,4.000000,4.000000,4.000000,0.000000,0.000000,0.000000,0
0,8400.000000,-1200.000000,0.000000,4.000000,4.000000,4.000000,0.000000,0.000000,0.000000,0
0,8800.000000,-1200.000000,0.000000,4.000000,4.000000,4.000000,0.000000,0.000000,0.000000,0
0,9200.000000,-1200.000000,0.000000,4.000000,4.000000,4.000000,0.000000,0.000000,0.000000,0
0,9600.000000,-1200.000000,0.000000,4.000000,4.000000,4.000000,0.000000,0.000000,0.000000,0
0,10000.000000,-1200.000000,0.000000,4.000000,4.000000,4.000000,0.000000,0.000000,0.000000,0
0,10400.000000,-1200.000000,0.000000,4.000000,4.000000,4.000000,0.000000,0.000000,0.000000,0
0,10800.000000,-1200.000000,0.000000,4.000000,4.000000,4.000000,0.000000,0.000000,0.000000,0
0,11200.000000,-1200.000000,0.000000,4.000000,4.000000,4.000000,0.000000,0.000000,0.000000,0
0,11600.000000,-1200.000000,0.000000,4.000000,4.000000,4.000000,0.000000,0.000000,0.000000,0
0,12000.000000,-1200.000000,0.000000,4.000000,4.000000,4.000000,0.000000,0.000000,0.000000,0
0,12400.000000,-1200.000000,0.000000,4.000000,4.000000,4.000000,0.000000,0.000000,0.000000,0
0,12800.000000,-1200.000000,0.000000,4.000000,4.000000,4.000000,0.000000,0.000000,0.000000,0
0,13200.000000,-1200.000000,0.000000,4.000000,4.000000,4.000000,0.000000,0.000000,0.000000,0
0,13600.000000,-1200.000000,0.000000,4.000000,4.000000,4.000000,0.000000,0.000000,0.000000,0
0,14000.000000,-1200.000000,0.000000,4.000000,4.000000,4.000000,0.000000,0.000000,0.000000,0
0,14400.000000,-1200.000000,0.000000,4.000000,4.000000,4.000000,0.000000,0.000000,0.000000,0
0,9600.000000,-5200.000000,0.000000,4.000000,4.000000,4.000000,0.000000,0.000000,0.000000,0
0,10000.000000,-5200.000000,0.000000,4.000000,4.000000,4.000000,0.000000,0.000000,0.000000,0
0,10400.000000,-5200.000000,0.000000,4.000000,4.000000,4.000000,0.000000,0.000000,0.000000,0
0,10800.000000,-5200.000000,0.000000,4.000000,4.000000,4.000000,0.000000,0.000000,0.000000,0
0,11200.000000,-5200.000000,0.000000,4.000000,4.000000,4.000000,0.000000,0.000000,0.000000,0
0,11600.000000,-5200.000000,0.000000,4.000000,4.000000,4.000000,0.000000,0.000000,0.000000,0
0,12000.000000,-5200.000000,0.000000,4.000000,4.000000,4.000000,0.000000,0.000000,0.000000,0
0,12400.000000,-5200.000000,0.000000,4.000000,4.000000,4.000000,0.000000,0.000000,0.000000,0
0,12800.000000,-5200.000000,0.000000,4.000000,4.000000,4.000000,0.000000,0.000000,0.000000,0
0,13200.000000,-5200.000000,0.000000,4.000000,4.000000,4.000000,0.000000,0.000000,0.000000,0
0,13600.000000,-5200.000000,0.000000,4.000000,4.000000,4.000000,0.000000,0.000000,0.000000,0
0,14000.000000,-5200.000000,0.000000,4.000000,4.000000,4.000000,0.000000,0.000000,0.000000,0
0,14400.000000,-5200.000000,0.000000,4.000000,4.000000,4.000000,0.000000,0.000000,0.000000,0
0,14800.000000,-5200.000000,0.000000,4.000000,4.000000,4.000000,0.000000,0.000000,0.000000,0
0,15200.000000,-5200.000000,0.000000,4.000000,4.000000,4.000000,0.000000,0.000000,0.000000,0
0,15600.000000,-5200.000000,0.000000,4.000000,4.000000,4.000000,0.000000,0.000000,0.000000,0
0,14800.000000,-1200.000000,0.000000,4.000000,4.000000,4.000000,0.000000,0.000000,0.000000,0
0,15200.000000,-1200.000000,0.000000,4.000000,4.000000,4.000000,0.000000,0.000000,0.000000,0
0,15600.000000,-1200.000000,0.000000,4.000000,4.000000,4.000000,0.000000,0.000000,0.000000,0
0,16000.000000,-1200.000000,0.000000,4.000000,4.000000,4.000000,0.000000,0.000000,0.000000,0
0,16400.000000,-1200.000000,0.000000,4.000000,4.000000,4.000000,0.000000,0.000000,0.000000,0
0,16800.000000,-1200.000000,0.000000,4.000000,4.000000,4.000000,0.000000,0.000000,0.000000,0
0,16800.000000,-2000.000000,0.000000,4.000000,4.000000,4.000000,0.000000,0.000000,0.000000,0
0,16800.000000,-1600.000000,0.000000,4.000000,4.000000,4.000000,0.000000,0.000000,0.000000,0
0,16800.000000,-2400.000000,0.000000,4.000000,4.000000,4.000000,0.000000,0.000000,0.000000,0
0,16800.000000,-2800.000000,0.000000,4.000000,4.000000,4.000000,0.000000,0.000000,0.000000,0
0,16800.000000,-3200.000000,0.000000,4.000000,4.000000,4.000000,0.000000,0.000000,0.000000,0
0,17200.000000,-3200.000000,0.000000,4.000000,4.000000,4.000000,0.000000,0.000000,0.000000,0
0,17600.000000,-3200.000000,0.000000,4.000000,4.000000,4.000000,0.000000,0.000000,0.000000,0
0,18000.000000,-3200.000000,0.000000,4.000000,4.000000,4.000000,0.000000,0.000000,0.000000,0
0,18400.000000,-3200.000000,0.000000,4.000000,4.000000,4.000000,0.000000,0.000000,0.000000,0
0,18800.000000,-3200.000000,0.000000,4.000000,4.000000,4.000000,0.000000,0.000000,0.000000,0
0,19200.000000,-3200.000000,0.000000,4.000000,4.000000,4.000000,0.000000,0.000000,0.000000,0
0,19600.000000,-3200.000000,0.000000,4.000000,4.000000,4.000000,0.000000,0.000000,0.000000,0
0,20000.000000,-3200.000000,0.000000,4.000000,4.000000,4.000000,0.000000,0.000000,0.000000,0
0,20400.000000,-3200.000000,0.000000,4.000000,4.000000,4.000000,0.000000,0.000000,0.000000,0
0,16000.000000,-5200.000000,0.000000,4.000000,4.000000,4.000000,0.000000,0.000000,0.000000,0
0,16400.000000,-5200.000000,0.000000,4.000000,4.000000,4.000000,0.000000,0.000000,0.000000,0
0,16800.000000,-5200.000000,0.000000,4.000000,4.000000,4.000000,0.000000,0.000000,0.000000,0
0,17200.000000,-5200.000000,0.000000,4.000000,4.000000,4.000000,0.000000,0.000000,0.000000,0
0,17600.000000,-5200.000000,0.000000,4.000000,4.000000,4.000000,0.000000,0.000000,0.000000,0
0,18000.000000,-5200.000000,0.000000,4.000000,4.000000,4.000000,0.000000,0.000000,0.000000,0
0,18400.000000,-5200.000000,0.000000,4.000000,4.000000,4.000000,0.000000,0.000000,0.000000,0
0,18800.000000,-5200.000000,0.000000,4.000000,4.000000,4.000000,0.000000,0.000000,0.000000,0
0,19200.000000,-5200.000000,0.000000,4.000000,4.000000,4.000000,0.000000,0.000000,0.000000,0
0,19600.000000,-5200.000000,0.000000,4.000000,4.000000,4.000000,0.000000,0.000000,0.000000,0
0,20000.000000,-5200.000000,0.000000,4.000000,4.000000,4.000000,0.000000,0.000000,0.000000,0
0,20400.000000,-5200.000000,0.000000,4.000000,4.000000,4.000000,0.000000,0.000000,0.000000,0
10,7600.000000,-4000.000000,0.000000,4.000000,4.000000,4.000000,0.000000,0.000000,0.000000,0
10,9600.000000,-2400.000000,0.000000,4.000000,4.000000,4.000000,0.000000,0.000000,0.000000,0
10,11600.000000,-4000.000000,0.000000,4.000000,4.000000,4.000000,0.000000,0.000000,0.000000,0
10,13600.000000,-2400.000000,0.000000,4.000000,4.000000,4.000000,0.000000,0.000000,0.000000,0
10,3200.000000,-2800.000000,0.000000,4.000000,4.000000,4.000000,0.000000,0.000000,0.000000,0
10,15200.000000,-4000.000000,0.000000,4.000000,4.000000,4.000000,0.000000,0.000000,0.000000,0
3,19200.000000,-4800.000000,400.000000,4.000000,4.000000,4.000000,0.000000,0.000000,0.000000,0
4,7600.000000,-2400.000000,0.000000,3.000000,3.000000,3.000000,0.000000,0.000000,0.000000,0
4,9600.000000,-4000.000000,0.000000,3.000000,3.000000,3.000000,0.000000,0.000000,0.000000,0
4,11600.000000,-2400.000000,0.000000,3.000000,3.000000,3.000000,0.000000,0.000000,0.000000,0
4,13600.000000,-4000.000000,0.000000,3.000000,3.000000,3.000000,0.000000,0.000000,0.000000,0
4,15200.000000,-2400.000000,0.000000,3.000000,3.000000,3.000000,0.000000,0.000000,0.000000,0
0,20800.000000,-5200.000000,0.000000,4.000000,4.000000,4.000000,0.000000,0.000000,0.000000,0
0,20800.000000,-3200.000000,0.000000,4.000000,4.000000,4.000000,0.000000,0.000000,0.000000,0
0,21200.000000,-3200.000000,0.000000,4.000000,4.000000,4.000000,0.000000,0.000000,0.000000,0
0,21600.000000,-3200.000000,0.000000,4.000000,4.000000,4.000000,0.000000,0.000000,0.000000,0
0,22000.000000,-3200.000000,0.000000,4.000000,4.000000,4.000000,0.000000,0.000000,0.000000,0
0,22400.000000,-3200.000000,0.000000,4.000000,4.000000,4.000000,0.000000,0.000000,0.000000,0
0,22800.000000,-3200.000000,0.000000,4.000000,4.000000,4.000000,0.000000,0.000000,0.000000,0
0,23200.000000,-3200.000000,0.000000,4.000000,4.000000,4.000000,0.000000,0.000000,0.000000,0
0,23600.000000,-3200.000000,0.000000,4.000000,4.000000,4.000000,0.000000,0.000000,0.000000,0
0,21200.000000,-5200.000000,0.000000,4.000000,4.000000,4.000000,0.000000,0.000000,0.000000,0
0,21600.000000,-5200.000000,0.000000,4.000000,4.000000,4.000000,0.000000,0.000000,0.000000,0
0,22000.000000,-5200.000000,0.000000,4.000000,4.000000,4.000000,0.000000,0.000000,0.000000,0
0,22400.000000,-5200.000000,0.000000,4.000000,4.000000,4.000000,0.000000,0.000000,0.000000,0
0,22800.000000,-5200.000000,0.000000,4.000000,4.000000,4.000000,0.000000,0.000000,0.000000,0
0,24000.000000,-3200.000000,0.000000,4.000000,4.000000,4.000000,0.000000,0.000000,0.000000,0
0,24400.000000,-3200.000000,0.000000,4.000000,4.000000,4.000000,0.000000,0.000000,0.000000,0
0,24800.000000,-3200.000000,0.000000,4.000000,4.000000,4.000000,0.000000,0.000000,0.000000,0
0,25200.000000,-3200.000000,0.000000,4.000000,4.000000,4.000000,0.000000,0.000000,0.000000,0
0,25600.000000,-3200.000000,0.000000,4.000000,4.000000,4.000000,0.000000,0.000000,0.000000,0
0,26000.000000,-3200.000000,0.000000,4.000000,4.000000,4.000000,0.000000,0.000000,0.000000,0
0,26400.000000,-3200.000000,0.000000,4.000000,4.000000,4.000000,0.000000,0.000000,0.000000,0
0,26800.000000,-3200.000000,0.000000,4.000000,4.000000,4.000000,0.000000,0.000000,0.000000,0
0,27200.000000,-3200.000000,0.000000,4.000000,4.000000,4.000000,0.000000,0.000000,0.000000,0
0,27600.000000,-3200.000000,0.000000,4.000000,4.000000,4.000000,0.000000,0.000000,0.000000,0
0,28000.000000,-3200.000000,0.000000,4.000000,4.000000,4.000000,0.000000,0.000000,0.000000,0
0,23200.000000,-5200.000000,0.000000,4.000000,4.000000,4.000000,0.000000,0.000000,0.000000,0
0,23200.000000,-5600.000000,0.000000,4.000000,4.000000,4.000000,0.000000,0.000000,0.000000,0
0,23200.000000,-6000.000000,0.000000,4.000000,4.000000,4.000000,0.000000,0.000000,0.000000,0
0,23200.000000,-6400.000000,0.000000,4.000000,4.000000,4.000000,0.000000,0.000000,0.000000,0
0,23200.000000,-6800.000000,0.000000,4.000000,4.000000,4.000000,0.000000,0.000000,0.000000,0
0,23200.000000,-7200.000000,0.000000,4.000000,4.000000,4.000000,0.000000,0.000000,0.000000,0
0,23200.000000,-7600.000000,0.000000,4.000000,4.000000,4.000000,0.000000,0.000000,0.000000,0
0,23200.000000,-8000.000000,0.000000,4.000000,4.000000,4.000000,0.000000,0.000000,0.000000,0
0,23200.000000,-8400.000000,0.000000,4.000000,4.000000,4.000000,0.000000,0.000000,0.000000,0
0,23600.000000,-8400.000000,0.000000,4.000000,4.000000,4.000000,0.000000,0.000000,0.000000,0
0,24000.000000,-8400.000000,0.000000,4.000000,4.000000,4.000000,0.000000,0.000000,0.000000,0
0,24400.000000,-8400.000000,0.000000,4.000000,4.000000,4.000000,0.000000,0.000000,0.000000,0
0,24800.000000,-8400.000000,0.000000,4.000000,4.000000,4.000000,0.000000,0.000000,0.000000,0
0,25200.000000,-8400.000000,0.000000,4.000000,4.000000,4.000000,0.000000,0.000000,0.000000,0
0,25600.000000,-8400.000000,0.000000,4.000000,4.000000,4.000000,0.000000,0.000000,0.000000,0
0,26000.000000,-8400.000000,0.000000,4.000000,4.000000,4.000000,0.000000,0.000000,0.000000,0
0,26400.000000,-8400.000000,0.000000,4.000000,4.000000,4.000000,0.000000,0.000000,0.000000,0
0,26800.000000,-8400.000000,0.000000,4.000000,4.000000,4.000000,0.000000,0.000000,0.000000,0
0,27200.000000,-8400.000000,0.000000,4.000000,4.000000,4.000000,0.000000,0.000000,0.000000,0
0,27600.000000,-8400.000000,0.000000,4.000000,4.000000,4.000000,0.000000,0.000000,0.000000,0
0,28000.000000,-8400.000000,0.000000,4.000000,4.000000,4.000000,0.000000,0.000000,0.000000,0
0,28400.000000,-8400.000000,0.000000,4.000000,4.000000,4.000000,0.000000,0.000000,0.000000,0
0,28800.000000,-8400.000000,0.000000,4.000000,4.000000,4.000000,0.000000,0.000000,0.000000,0
0,29200.000000,-8400.000000,0.000000,4.000000,4.000000,4.000000,0.000000,0.000000,0.000000,0
0,28800.000000,-3200.000000,0.000000,4.000000,4.000000,4.000000,0.000000,0.000000,0.000000,0
0,28400.000000,-3200.000000,0.000000,4.000000,4.000000,4.000000,0.000000,0.000000,0.000000,0
0,29200.000000,-3200.000000,0.000000,4.000000,4.000000,4.000000,0.000000,0.000000,0.000000,0
0,29600.000000,-8400.000000,0.000000,4.000000,4.000000,4.000000,0.000000,0.000000,0.000000,0
0,30000.000000,-8400.000000,0.000000,4.000000,4.000000,4.000000,0.000000,0.000000,0.000000,0
0,30400.000000,-8400.000000,0.000000,4.000000,4.000000,4.000000,0.000000,0.000000,0.000000,0
0,30800.000000,-8400.000000,0.000000,4.000000,4.000000,4.000000,0.000000,0.000000,0.000000,0
0,31200.000000,-8400.000000,0.000000,4.000000,4.000000,4.000000,0.000000,0.000000,0.000000,0
0,31600.000000,-8400.000000,0.000000,4.000000,4.000000,4.000000,0.000000,0.000000,0.000000,0
0,32000.000000,-8400.000000,0.000000,4.000000,4.000000,4.000000,0.000000,0.000000,0.000000,0
0,32400.000000,-8400.000000,0.000000,4.000000,4.000000,4.000000,0.000000,0.000000,0.000000,0
0,32800.000000,-8400.000000,0.000000,4.000000,4.000000,4.000000,0.000000,0.000000,0.000000,0
0,33200.000000,-8400.000000,0.000000,4.000000,4.000000,4.000000,0.000000,0.000000,0.000000,0
0,33600.000000,-8400.000000,0.000000,4.000000,4.000000,4.000000,0.000000,0.000000,0.000000,0
0,34000.000000,-8400.000000,0.000000,4.000000,4.000000,4.000000,0.000000,0.000000,0.000000,0
0,34400.000000,-8400.000000,0.000000,4.000000,4.000000,4.000000,0.000000,0.000000,0.000000,0
0,34800.000000,-8400.000000,0.000000,4.000000,4.000000,4.000000,0.000000,0.000000,0.000000,0
0,35200.000000,-8400.000000,0.000000,4.000000,4.000000,4.000000,0.000000,0.000000,0.000000,0
0,35600.000000,-8400.000000,0.000000,4.000000,4.000000,4.000000,0.000000,0.000000,0.000000,0
0,36000.000000,-8400.000000,0.000000,4.000000,4.000000,4.000000,0.000000,0.000000,0.000000,0
0,29600.000000,-3200.000000,0.000000,4.000000,4.000000,4.000000,0.000000,0.000000,0.000000,0
0,30000.000000,-3200.000000,0.000000,4.000000,4.000000,4.000000,0.000000,0.000000,0.000000,0
0,30400.000000,-3200.000000,0.000000,4.000000,4.000000,4.000000,0.000000,0.000000,0.000000,0
0,30800.000000,-3200.000000,0.000000,4.000000,4.000000,4.000000,0.000000,0.000000,0.000000,0
0,31200.000000,-3200.000000,0.000000,4.000000,4.000000,4.000000,0.000000,0.000000,0.000000,0
0,31600.000000,-3200.000000,0.000000,4.000000,4.000000,4.000000,0.000000,0.000000,0.000000,0
0,32000.000000,-3200.000000,0.000000,4.000000,4.000000,4.000000,0.000000,0.000000,0.000000,0
0,32400.000000,-3200.000000,0.000000,4.000000,4.000000,4.000000,0.000000,0.000000,0.000000,0
0,32800.000000,-3200.000000,0.000000,4.000000,4.000000,4.000000,0.000000,0.000000,0.000000,0
0,33200.000000,-3200.000000,0.000000,4.000000,4.000000,4.000000,0.000000,0.000000,0.000000,0
0,33600.000000,-3200.000000,0.000000,4.000000,4.000000,4.000000,0.000000,0.000000,0.000000,0
0,34000.000000,-3200.000000,0.000000,4.000000,4.000000,4.000000,0.000000,0.000000,0.000000,0
0,34400.000000,-3200.000000,0.000000,4.000000,4.000000,4.000000,0.000000,0.000000,0.000000,0
0,34800.000000,-3200.000000,0.000000,4.000000,4.000000,4.000000,0.000000,0.000000,0.000000,0
0,35200.000000,-3200.000000,0.000000,4.000000,4.000000,4.000000,0.000000,0.000000,0.000000,0
0,35600.000000,-3200.000000,0.000000,4.000000,4.000000,4.000000,0.000000,0.000000,0.000000,0
0,36000.000000,-3200.000000,0.000000,4.000000,4.000000,4.000000,0.000000,0.000000,0.000000,0
0,36400.000000,-3200.000000,0.000000,4.000000,4.000000,4.000000,0.000000,0.000000,0.000000,0
0,36800.000000,-3200.000000,0.000000,4.000000,4.000000,4.000000,0.000000,0.000000,0.000000,0
0,37200.000000,-3200.000000,0.000000,4.000000,4.000000,4.000000,0.000000,0.000000,0.000000,0
0,37600.000000,-3200.000000,0.000000,4.000000,4.000000,4.000000,0.000000,0.000000,0.000000,0
0,38000.000000,-3200.000000,0.000000,4.000000,4.000000,4.000000,0.000000,0.000000,0.000000,0
0,38400.000000,-3200.000000,0.000000,4.000000,4.000000,4.000000,0.000000,0.000000,0.000000,0
0,38800.000000,-3200.000000,0.000000,4.000000,4.000000,4.000000,0.000000,0.000000,0.000000,0
0,39200.000000,-3200.000000,0.000000,4.000000,4.000000,4.000000,0.000000,0.000000,0.000000,0
0,39600.000000,-3200.000000,0.000000,4.000000,4.000000,4.000000,0.000000,0.000000,0.000000,0
0,40000.000000,-3200.000000,0.000000,4.000000,4.000000,4.000000,0.000000,0.000000,0.000000,0
0,40400.000000,-3200.000000,0.000000,4.000000,4.000000,4.000000,0.000000,0.000000,0.000000,0
0,40800.000000,-3200.000000,0.000000,4.000000,4.000000,4.000000,0.000000,0.000000,0.000000,0
0,41200.000000,-3200.000000,0.000000,4.000000,4.000000,4.000000,0.000000,0.000000,0.000000,0
0,41600.000000,-3200.000000,0.000000,4.000000,4.000000,4.000000,0.000000,0.000000,0.000000,0
0,42000.000000,-3200.000000,0.000000,4.000000,4.000000,4.000000,0.000000,0.000000,0.000000,0
0,42400.000000,-3200.000000,0.000000,4.000000,4.000000,4.000000,0.000000,0.000000,0.000000,0
0,42800.000000,-3200.000000,0.000000,4.000000,4.000000,4.000000,0.000000,0.000000,0.000000,0
0,43200.000000,-3200.000000,0.000000,4.000000,4.000000,4.000000,0.000000,0.000000,0.000000,0
0,36400.000000,-8400.000000,0.000000,4.000000,4.000000,4.000000,0.000000,0.000000,0.000000,0
0,36800.000000,-8400.000000,0.000000,4.000000,4.000000,4.000000,0.000000,0.000000,0.000000,0
0,37200.000000,-8400.000000,0.000000,4.000000,4.000000,4.000000,0.000000,0.000000,0.000000,0
0,37600.000000,-8400.000000,0.000000,4.000000,4.000000,4.000000,0.000000,0.000000,0.000000,0
0,38000.000000,-8400.000000,0.000000,4.000000,4.000000,4.000000,0.000000,0.000000,0.000000,0
0,38400.000000,-8400.000000,0.000000,4.000000,4.000000,4.000000,0.000000,0.000000,0.000000,0
0,38800.000000,-8400.000000,0.000000,4.000000,4.000000,4.000000,0.000000,0.000000,0.000000,0
0,39200.000000,-8400.000000,0.000000,4.000000,4.000000,4.000000,0.000000,0.000000,0.000000,0
0,39600.000000,-8400.000000,0.000000,4.000000,4.000000,4.000000,0.000000,0.000000,0.000000,0
0,40000.000000,-8400.000000,0.000000,4.000000,4.000000,4.000000,0.000000,0.000000,0.000000,0
0,40400.000000,-8400.000000,0.000000,4.000000,4.000000,4.000000,0.000000,0.000000,0.000000,0
0,40800.000000,-8400.000000,0.000000,4.000000,4.000000,4.000000,0.000000,0.000000,0.000000,0
0,41200.000000,-8400.000000,0.000000,4.000000,4.000000,4.000000,0.000000,0.000000,0.000000,0
0,41600.000000,-8400.000000,0.000000,4.000000,4.000000,4.000000,0.000000,0.000000,0.000000,0
0,42000.000000,-8400.000000,0.000000,4.000000,4.000000,4.000000,0.000000,0.000000,0.000000,0
0,42400.000000,-8400.000000,0.000000,4.000000,4.000000,4.000000,0.000000,0.000000,0.000000,0
0,42800.000000,-8400.000000,0.000000,4.000000,4.000000,4.000000,0.000000,0.000000,0.000000,0
0,43200.000000,-8400.000000,0.000000,4.000000,4.000000,4.000000,0.000000,0.000000,0.000000,0
0,43600.000000,-8400.000000,0.000000,4.000000,4.000000,4.000000,0.000000,0.000000,0.000000,0
0,43600.000000,-8000.000000,0.000000,4.000000,4.000000,4.000000,0.000000,0.000000,0.000000,0
0,43600.000000,-7600.000000,0.000000,4.000000,4.000000,4.000000,0.000000,0.000000,0.000000,0
0,43600.000000,-7200.000000,0.000000,4.000000,4.000000,4.000000,0.000000,0.000000,0.000000,0
0,43600.000000,-6800.000000,0.000000,4.000000,4.000000,4.000000,0.000000,0.000000,0.000000,0
0,43600.000000,-6400.000000,0.000000,4.000000,4.000000,4.000000,0.000000,0.000000,0.000000,0
0,43600.000000,-6000.000000,0.000000,4.000000,4.000000,4.000000,0.000000,0.000000,0.000000,0
0,43600.000000,-5600.000000,0.000000,4.000000,4.000000,4.000000,0.000000,0.000000,0.000000,0
0,44000.000000,-5600.000000,0.000000,4.000000,4.000000,4.000000,0.000000,0.000000,0.000000,0
0,44400.000000,-5600.000000,0.000000,4.000000,4.000000,4.000000,0.000000,0.000000,0.000000,0
0,44800.000000,-5600.000000,0.000000,4.000000,4.000000,4.000000,0.000000,0.000000,0.000000,0
0,45200.000000,-5600.000000,0.000000,4.000000,4.000000,4.000000,0.000000,0.000000,0.000000,0
0,45600.000000,-5600.000000,0.000000,4.000000,4.000000,4.000000,0.000000,0.000000,0.000000,0
0,46000.000000,-5600.000000,0.000000,4.000000,4.000000,4.000000,0.000000,0.000000,0.000000,0
0,46400.000000,-5600.000000,0.000000,4.000000,4.000000,4.000000,0.000000,0.000000,0.000000,0
0,46800.000000,-5600.000000,0.000000,4.000000,4.000000,4.000000,0.000000,0.000000,0.000000,0
0,47200.000000,-5600.000000,0.000000,4.000000,4.000000,4.000000,0.000000,0.000000,0.000000,0
0,47600.000000,-5600.000000,0.000000,4.000000,4.000000,4.000000,0.000000,0.000000,0.000000,0
0,48000.000000,-5600.000000,0.000000,4.000000,4.000000,4.000000,0.000000,0.000000,0.000000,0
0,48400.000000,-5600.000000,0.000000,4.000000,4.000000,4.000000,0.000000,0.000000,0.000000,0
0,48800.000000,-5600.000000,0.000000,4.000000,4.000000,4.000000,0.000000,0.000000,0.000000,0
0,49200.000000,-5600.000000,0.000000,4.000000,4.000000,4.000000,0.000000,0.000000,0.000000,0
0,49600.000000,-5600.000000,0.000000,4.000000,4.000000,4.000000,0.000000,0.000000,0.000000,0
0,50000.000000,-5600.000000,0.000000,4.000000,4.000000,4.000000,0.000000,0.000000,0.000000,0
0,50400.000000,-5600.000000,0.000000,4.000000,4.000000,4.000000,0.000000,0.000000,0.000000,0
0,50800.000000,-5600.000000,0.000000,4.000000,4.000000,4.000000,0.000000,0.000000,0.000000,0
0,50800.000000,-5200.000000,0.000000,4.000000,4.000000,4.000000,0.000000,0.000000,0.000000,0
0,50800.000000,-4800.000000,0.000000,4.000000,4.000000,4.000000,0.000000,0.000000,0.000000,0
0,50800.000000,-4400.000000,0.000000,4.000000,4.000000,4.000000,0.000000,0.000000,0.000000,0
0,50800.000000,-4000.000000,0.000000,4.000000,4.000000,4.000000,0.000000,0.000000,0.000000,0
0,50800.000000,-3600.000000,0.000000,4.000000,4.000000,4.000000,0.000000,0.000000,0.000000,0
0,50800.000000,-3200.000000,0.000000,4.000000,4.000000,4.000000,0.000000,0.000000,0.000000,0
0,50400.000000,-3200.000000,0.000000,4.000000,4.000000,4.000000,0.000000,0.000000,0.000000,0
0,50000.000000,-3200.000000,0.000000,4.000000,4.000000,4.000000,0.000000,0.000000,0.000000,0
0,49600.000000,-3200.000000,0.000000,4.000000,4.000000,4.000000,0.000000,0.000000,0.000000,0
0,49200.000000,-3200.000000,0.000000,4.000000,4.000000,4.000000,0.000000,0.000000,0.000000,0
0,48800.000000,-3200.000000,0.000000,4.000000,4.000000,4.000000,0.000000,0.000000,0.000000,0
0,48400.000000,-3200.000000,0.000000,4.000000,4.000000,4.000000,0.000000,0.000000,0.000000,0
0,48000.000000,-3200.000000,0.000000,4.000000,4.000000,4.000000,0.000000,0.000000,0.000000,0
0,47600.000000,-3200.000000,0.000000,4.000000,4.000000,4.000000,0.000000,0.000000,0.000000,0
0,47200.000000,-3200.000000,0.000000,4.000000,4.000000,4.000000,0.000000,0.000000,0.000000,0
0,46800.000000,-3200.000000,0.000000,4.000000,4.000000,4.000000,0.000000,0.000000,0.000000,0
0,46400.000000,-3200.000000,0.000000,4.000000,4.000000,4.000000,0.000000,0.000000,0.000000,0
0,46000.000000,-3200.000000,0.000000,4.000000,4.000000,4.000000,0.000000,0.000000,0.000000,0
0,45600.000000,-3200.000000,0.000000,4.000000,4.000000,4.000000,0.000000,0.000000,0.000000,0
0,45200.000000,-3200.000000,0.000000,4.000000,4.000000,4.000000,0.000000,0.000000,0.000000,0
0,44800.000000,-3200.000000,0.000000,4.000000,4.000000,4.000000,0.000000,0.000000,0.000000,0
0,44400.000000,-3200.000000,0.000000,4.000000,4.000000,4.000000,0.000000,0.000000,0.000000,0
0,44000.000000,-3200.000000,0.000000,4.000000,4.000000,4.000000,0.000000,0.000000,0.000000,0
0,43600.000000,-3200.000000,0.000000,4.000000,4.000000,4.000000,0.000000,0.000000,0.000000,0
10,25600.000000,-6800.000000,0.000000,4.000000,4.000000,4.000000,0.000000,0.000000,0.000000,0
10,28000.000000,-6800.000000,0.000000,4.000000,4.000000,4.000000,0.000000,0.000000,0.000000,0
10,30400.000000,-6800.000000,0.000000,4.000000,4.000000,4.000000,0.000000,0.000000,0.000000,0
10,32800.000000,-6800.000000,0.000000,4.000000,4.000000,4.000000,0.000000,0.000000,0.000000,0
10,35200.000000,-6800.000000,0.000000,4.000000,4.000000,4.000000,0.000000,0.000000,0.000000,0
10,38000.000000,-6800.000000,0.000000,4.000000,4.000000,4.000000,0.000000,0.000000,0.000000,0
10,40400.000000,-6800.000000,0.000000,4.000000,4.000000,4.000000,0.000000,0.000000,0.000000,0
7,24000.000000,-8000.000000,0.000000,4.000000,4.000000,4.000000,0.000000,0.000000,0.000000,0
7,24400.000000,-8000.000000,0.000000,4.000000,4.000000,4.000000,0.000000,0.000000,0.000000,0
7,24800.000000,-8000.000000,0.000000,4.000000,4.000000,4.000000,0.000000,0.000000,0.000000,0
7,25200.000000,-8000.000000,0.000000,4.000000,4.000000,4.000000,0.000000,0.000000,0.000000,0
7,25600.000000,-8000.000000,0.000000,4.000000,4.000000,4.000000,0.000000,0.000000,0.000000,0
7,26000.000000,-8000.000000,0.000000,4.000000,4.000000,4.000000,0.000000,0.000000,0.000000,0
7,26400.000000,-8000.000000,0.000000,4.000000,4.000000,4.000000,0.000000,0.000000,0.000000,0
7,26800.000000,-8000.000000,0.000000,4.000000,4.000000,4.000000,0.000000,0.000000,0.000000,0
7,27200.000000,-8000.000000,0.000000,4.000000,4.000000,4.000000,0.000000,0.000000,0.000000,0
7,27600.000000,-8000.000000,0.000000,4.000000,4.000000,4.000000,0.000000,0.000000,0.000000,0
7,28000.000000,-8000.000000,0.000000,4.000000,4.000000,4.000000,0.000000,0.000000,0.000000,0
7,28400.000000,-8000.000000,0.000000,4.000000,4.000000,4.000000,0.000000,0.000000,0.000000,0
7,28800.000000,-8000.000000,0.000000,4.000000,4.000000,4.000000,0.000000,0.000000,0.000000,0
7,29200.000000,-8000.000000,0.000000,4.000000,4.000000,4.000000,0.000000,0.000000,0.000000,0
7,29600.000000,-8000.000000,0.000000,4.000000,4.000000,4.000000,0.000000,0.000000,0.000000,0
7,30000.000000,-8000.000000,0.000000,4.000000,4.000000,4.000000,0.000000,0.000000,0.000000,0
7,30400.000000,-8000.000000,0.000000,4.000000,4.000000,4.000000,0.000000,0.000000,0.000000,0
7,30800.000000,-8000.000000,0.000000,4.000000,4.000000,4.000000,0.000000,0.000000,0.000000,0
7,31200.000000,-8000.000000,0.000000,4.000000,4.000000,4.000000,0.000000,0.000000,0.000000,0
7,31600.000000,-8000.000000,0.000000,4.000000,4.000000,4.000000,0.000000,0.000000,0.000000,0
7,32000.000000,-8000.000000,0.000000,4.000000,4.000000,4.000000,0.000000,0.000000,0.000000,0
7,32400.000000,-8000.000000,0.000000,4.000000,4.000000,4.000000,0.000000,0.000000,0.000000,0
7,32800.000000,-8000.000000,0.000000,4.000000,4.000000,4.000000,0.000000,0.000000,0.000000,0
7,33200.000000,-8000.000000,0.000000,4.000000,4.000000,4.000000,0.000000,0.000000,0.000000,0
7,33600.000000,-8000.000000,0.000000,4.000000,4.000000,4.000000,0.000000,0.000000,0.000000,0
7,34000.000000,-8000.000000,0.000000,4.000000,4.000000,4.000000,0.000000,0.000000,0.000000,0
7,34400.000000,-8000.000000,0.000000,4.000000,4.000000,4.000000,0.000000,0.000000,0.000000,0
7,34800.000000,-8000.000000,0.000000,4.000000,4.000000,4.000000,0.000000,0.000000,0.000000,0
7,35200.000000,-8000.000000,0.000000,4.000000,4.000000,4.000000,0.000000,0.000000,0.000000,0
7,35600.000000,-8000.000000,0.000000,4.000000,4.000000,4.000000,0.000000,0.000000,0.000000,0
7,36000.000000,-8000.000000,0.000000,4.000000,4.000000,4.000000,0.000000,0.000000,0.000000,0
7,36400.000000,-8000.000000,0.000000,4.000000,4.000000,4.000000,0.000000,0.000000,0.000000,0
7,36800.000000,-8000.000000,0.000000,4.000000,4.000000,4.000000,0.000000,0.000000,0.000000,0
7,37200.000000,-8000.000000,0.000000,4.000000,4.000000,4.000000,0.000000,0.000000,0.000000,0
7,37600.000000,-8000.000000,0.000000,4.000000,4.000000,4.000000,0.000000,0.000000,0.000000,0
7,38000.000000,-8000.000000,0.000000,4.000000,4.000000,4.000000,0.000000,0.000000,0.000000,0
7,38400.000000,-8000.000000,0.000000,4.000000,4.000000,4.000000,0.000000,0.000000,0.000000,0
7,38800.000000,-8000.000000,0.000000,4.000000,4.000000,4.000000,0.000000,0.000000,0.000000,0
7,39200.000000,-8000.000000,0.000000,4.000000,4.000000,4.000000,0.000000,0.000000,0.000000,0
7,39600.000000,-8000.000000,0.000000,4.000000,4.000000,4.000000,0.000000,0.000000,0.000000,0
7,40000.000000,-8000.000000,0.000000,4.000000,4.000000,4.000000,0.000000,0.000000,0.000000,0
7,40400.000000,-8000.000000,0.000000,4.000000,4.000000,4.000000,0.000000,0.000000,0.000000,0
7,40800.000000,-8000.000000,0.000000,4.000000,4.000000,4.000000,0.000000,0.000000,0.000000,0
7,41200.000000,-8000.000000,0.000000,4.000000,4.000000,4.000000,0.000000,0.000000,0.000000,0
7,41600.000000,-8000.000000,0.000000,4.000000,4.000000,4.000000,0.000000,0.000000,0.000000,0
7,42000.000000,-8000.000000,0.000000,4.000000,4.000000,4.000000,0.000000,0.000000,0.000000,0
7,42400.000000,-8000.000000,0.000000,4.000000,4.000000,4.000000,0.000000,0.000000,0.000000,0
7,42800.000000,-8000.000000,0.000000,4.000000,4.000000,4.000000,0.000000,0.000000,0.000000,0
7,43200.000000,-7600.000000,0.000000,4.000000,4.000000,4.000000,0.000000,0.000000,1.570796,0
7,43200.000000,-7200.000000,0.000000,4.000000,4.000000,4.000000,0.000000,0.000000,1.570796,0
7,43200.000000,-6800.000000,0.000000,4.000000,4.000000,4.000000,0.000000,0.000000,1.570796,0
7,43200.000000,-6400.000000,0.000000,4.000000,4.000000,4.000000,0.000000,0.000000,1.570796,0
7,43200.000000,-6000.000000,0.000000,4.000000,4.000000,4.000000,0.000000,0.000000,1.570796,0
7,43200.000000,-5600.000000,0.000000,4.000000,4.000000,4.000000,0.000000,0.000000,1.570796,0
7,23600.000000,-7600.000000,0.000000,4.000000,4.000000,4.000000,0.000000,0.000000,-1.570796,0
7,23600.000000,-7200.000000,0.000000,4.000000,4.000000,4.000000,0.000000,0.000000,-1.570796,0
7,23600.000000,-6800.000000,0.000000,4.000000,4.000000,4.000000,0.000000,0.000000,-1.570796,0
7,23600.000000,-6400.000000,0.000000,4.000000,4.000000,4.000000,0.000000,0.000000,-1.570796,0
7,23600.000000,-6000.000000,0.000000,4.000000,4.000000,4.000000,0.000000,0.000000,-1.570796,0
7,23600.000000,-5600.000000,0.000000,4.000000,4.000000,4.000000,0.000000,0.000000,-1.570796,0
7,23600.000000,-5200.000000,0.000000,4.000000,4.000000,4.000000,0.000000,0.000000,-1.570796,0
7,24000.000000,-3600.000000,0.000000,4.000000,4.000000,4.000000,0.000000,0.000000,3.141593,0
7,24400.000000,-3600.000000,0.000000,4.000000,4.000000,4.000000,0.000000,0.000000,3.141593,0
7,24800.000000,-3600.000000,0.000000,4.000000,4.000000,4.000000,0.000000,0.000000,3.141593,0
7,25200.000000,-3600.000000,0.000000,4.000000,4.000000,4.000000,0.000000,0.000000,3.141593,0
7,25600.000000,-3600.000000,0.000000,4.000000,4.000000,4.000000,0.000000,0.000000,3.141593,0
7,26000.000000,-3600.000000,0.000000,4.000000,4.000000,4.000000,0.000000,0.000000,3.141593,0
7,26400.000000,-3600.000000,0.000000,4.000000,4.000000,4.000000,0.000000,0.000000,3.141593,0
7,26800.000000,-3600.000000,0.000000,4.000000,4.000000,4.000000,0.000000,0.000000,3.141593,0
7,27200.000000,-3600.000000,0.000000,4.000000,4.000000,4.000000,0.000000,0.000000,3.141593,0
7,27600.000000,-3600.000000,0.000000,4.000000,4.000000,4.000000,0.000000,0.000000,3.141593,0
7,28000.000000,-3600.000000,0.000000,4.000000,4.000000,4.000000,0.000000,0.000000,3.141593,0
7,28400.000000,-3600.000000,0.000000,4.000000,4.000000,4.000000,0.000000,0.000000,3.141593,0
7,28800.000000,-3600.000000,0.000000,4.000000,4.000000,4.000000,0.000000,0.000000,3.141593,0
7,29200.000000,-3600.000000,0.000000,4.000000,4.000000,4.000000,0.000000,0.000000,3.141593,0
7,29600.000000,-3600.000000,0.000000,4.000000,4.000000,4.000000,0.000000,0.000000,3.141593,0
7,30000.000000,-3600.000000,0.000000,4.000000,4.000000,4.000000,0.000000,0.000000,3.141593,0
7,30400.000000,-3600.000000,0.000000,4.000000,4.000000,4.000000,0.000000,0.000000,3.141593,0
7,30800.000000,-3600.000000,0.000000,4.000000,4.000000,4.000000,0.000000,0.000000,3.141593,0
7,31200.000000,-3600.000000,0.000000,4.000000,4.000000,4.000000,0.000000,0.000000,3.141593,0
7,31600.000000,-3600.000000,0.000000,4.000000,4.000000,4.000000,0.000000,0.000000,3.141593,0
7,32000.000000,-3600.000000,0.000000,4.000000,4.000000,4.000000,0.000000,0.000000,3.141593,0
7,32400.000000,-3600.000000,0.000000,4.000000,4.000000,4.000000,0.000000,0.000000,3.141593,0
7,32800.000000,-3600.000000,0.000000,4.000000,4.000000,4.000000,0.000000,0.000000,3.141593,0
7,33200.000000,-3600.000000,0.000000,4.000000,4.000000,4.000000,0.000000,0.000000,3.141593,0
7,33600.000000,-3600.000000,0.000000,4.000000,4.000000,4.000000,0.000000,0.000000,3.141593,0
7,34000.000000,-3600.000000,0.000000,4.000000,4.000000,4.000000,0.000000,0.000000,3.141593,0
7,34400.000000,-3600.000000,0.000000,4.000000,4.000000,4.000000,0.000000,0.000000,3.141593,0
7,34800.000000,-3600.000000,0.000000,4.000000,4.000000,4.000000,0.000000,0.000000,3.141593,0
7,35200.000000,-3600.000000,0.000000,4.000000,4.000000,4.000000,0.000000,0.000000,3.141593,0
7,35600.000000,-3600.000000,0.000000,4.000000,4.000000,4.000000,0.000000,0.000000,3.141593,0
7,36000.000000,-3600.000000,0.000000,4.000000,4.000000,4.000000,0.000000,0.000000,3.141593,0
7,36400.000000,-3600.000000,0.000000,4.000000,4.000000,4.000000,0.000000,0.000000,3.141593,0
7,36800.000000,-3600.000000,0.000000,4.000000,4.000000,4.000000,0.000000,0.000000,3.141593,0
7,37200.000000,-3600.000000,0.000000,4.000000,4.000000,4.000000,0.000000,0.000000,3.141593,0
7,37600.000000,-3600.000000,0.000000,4.000000,4.000000,4.000000,0.000000,0.000000,3.141593,0
7,38000.000000,-3600.000000,0.000000,4.000000,4.000000,4.000000,0.000000,0.000000,3.141593,0
7,38400.000000,-3600.000000,0.000000,4.000000,4.000000,4.000000,0.000000,0.000000,3.141593,0
7,38800.000000,-3600.000000,0.000000,4.000000,4.000000,4.000000,0.000000,0.000000,3.141593,0
7,39200.000000,-3600.000000,0.000000,4.000000,4.000000,4.000000,0.000000,0.000000,3.141593,0
7,39600.000000,-3600.000000,0.000000,4.000000,4.000000,4.000000,0.000000,0.000000,3.141593,0
7,40000.000000,-3600.000000,0.000000,4.000000,4.000000,4.000000,0.000000,0.000000,3.141593,0
7,40400.000000,-3600.000000,0.000000,4.000000,4.000000,4.000000,0.000000,0.000000,3.141593,0
7,40800.000000,-3600.000000,0.000000,4.000000,4.000000,4.000000,0.000000,0.000000,3.141593,0
7,41200.000000,-3600.000000,0.000000,4.000000,4.000000,4.000000,0.000000,0.000000,3.141593,0
7,41600.000000,-3600.000000,0.000000,4.000000,4.000000,4.000000,0.000000,0.000000,3.141593,0
7,42000.000000,-3600.000000,0.000000,4.000000,4.000000,4.000000,0.000000,0.000000,3.141593,0
7,42400.000000,-3600.000000,0.000000,4.000000,4.000000,4.000000,0.000000,0.000000,3.141593,0
7,42800.000000,-3600.000000,0.000000,4.000000,4.000000,4.000000,0.000000,0.000000,3.141593,0
4,26800.000000,-6800.000000,0.000000,3.000000,3.000000,3.000000,0.000000,0.000000,3.141593,0
4,29200.000000,-6800.000000,0.000000,3.000000,3.000000,3.000000,0.000000,0.000000,3.141593,0
4,31600.000000,-6800.000000,0.000000,3.000000,3.000000,3.000000,0.000000,0.000000,3.141593,0
4,34000.000000,-6800.000000,0.000000,3.000000,3.000000,3.000000,0.000000,0.000000,3.141593,0
4,36800.000000,-6800.000000,0.000000,3.000000,3.000000,3.000000,0.000000,0.000000,3.141593,0
4,39200.000000,-6800.000000,0.000000,3.000000,3.000000,3.000000,0.000000,0.000000,3.141593,0
13,29200.000000,-5200.000000,0.000000,4.000000,4.000000,4.000000,0.000000,0.000000,0.000000,0
13,34000.000000,-5200.000000,0.000000,4.000000,4.000000,4.000000,0.000000,0.000000,0.000000,0
13,39200.000000,-5200.000000,0.000000,4.000000,4.000000,4.000000,0.000000,0.000000,0.000000,0
14,26800.000000,-5200.000000,0.000000,4.000000,4.000000,4.000000,0.000000,0.000000,0.000000,0
14,31600.000000,-5200.000000,0.000000,4.000000,4.000000,4.000000,0.000000,0.000000,0.000000,0
14,36800.000000,-5200.000000,0.000000,4.000000,4.000000,4.000000,0.000000,0.000000,0.000000,0
14,41600.000000,-5200.000000,0.000000,4.000000,4.000000,4.000000,0.000000,0.000000,0.000000,0
0,32800.000000,-5600.000000,0.000000,4.000000,4.000000,4.000000,0.000000,0.000000,0.000000,0
7,32400.000000,-5600.000000,0.000000,4.000000,4.000000,4.000000,0.000000,0.000000,1.570796,0
7,33200.000000,-5600.000000,0.000000,4.000000,4.000000,4.000000,0.000000,0.000000,-1.570796,0
7,32800.000000,-6000.000000,0.000000,4.000000,4.000000,4.000000,0.000000,0.000000,3.141593,0
5,49600.000000,-5200.000000,400.000000,8.000000,8.000000,8.000000,0.000000,0.000000,0.000000,0
35,22400.000000,-4800.000000,0.000000,34.000000,34.000000,4.000000,0.000000,0.000000,0.000000,0,0,1000,0,-2000
0,400.000000,-3600.000000,400.000000,4.000000,4.000000,4.000000,0.000000,0.000000,0.000000,0
23,400.000000,-3200.000000,400.000000,4.000000,4.000000,4.000000,0.000000,0.000000,0.000000,0
0,800.000000,-3600.000000,400.000000,4.000000,4.000000,4.000000,0.000000,0.000000,0.000000,0
23,800.000000,-3200.000000,400.000000,4.000000,4.000000,4.000000,0.000000,0.000000,0.000000,0
7,16400.000000,-1600.000000,0.000000,4.000000,4.000000,4.000000,0.000000,0.000000,1.570796,0
7,16400.000000,-2000.000000,0.000000,4.000000,4.000000,4.000000,0.000000,0.000000,1.570796,0
7,16400.000000,-2400.000000,0.000000,4.000000,4.000000,4.000000,0.000000,0.000000,1.570796,0
7,16400.000000,-2800.000000,0.000000,4.000000,4.000000,4.000000,0.000000,0.000000,1.570796,0
7,16400.000000,-3200.000000,0.000000,4.000000,4.000000,4.000000,0.000000,0.000000,1.570796,0
24,18000.000000,-5200.000000,-400.000000,4.000000,4.000000,4.000000,0.000000,0.000000,0.000000,0
24,18000.000000,-3200.000000,-400.000000,4.000000,4.000000,4.000000,0.000000,0.000000,0.000000,0
24,10000.000000,-5200.000000,-400.000000,4.000000,4.000000,4.000000,0.000000,0.000000,0.000000,0
24,10000.000000,-1200.000000,-400.000000,4.000000,4.000000,4.000000,0.000000,0.000000,0.000000,0
24,32800.000000,-5600.000000,-400.000000,4.000000,4.000000,4.000000,0.000000,0.000000,0.000000,0
24,32800.000000,-3200.000000,-400.000000,4.000000,4.000000,4.000000,0.000000,0.000000,0.000000,0
24,32800.000000,-8400.000000,-400.000000,4.000000,4.000000,4.000000,0.000000,0.000000,0.000000,0
0,-4800.000000,1200.000000,10000.000000,4.000000,4.000000,4.000000,0.000000,0.000000,0.000000,0
0,-4800.000000,800.000000,10000.000000,4.000000,4.000000,4.000000,0.000000,0.000000,0.000000,0
0,-4800.000000,400.000000,10000.000000,4.000000,4.000000,4.000000,0.000000,0.000000,0.000000,0
0,-4800.000000,0.000000,10000.000000,4.000000,4.000000,4.000000,0.000000,0.000000,0.000000,0
0,-4800.000000,-400.000000,10000.000000,4.000000,4.000000,4.000000,0.000000,0.000000,0.000000,0
0,-4800.000000,-800.000000,10000.000000,4.000000,4.000000,4.000000,0.000000,0.000000,0.000000,0
0,-4800.000000,-1200.000000,10000.000000,4.000000,4.000000,4.000000,0.000000,0.000000,0.000000,0
0,-4800.000000,-1600.000000,10000.000000,4.000000,4.000000,4.000000,0.000000,0.000000,0.000000,0
0,-4800.000000,-2000.000000,10000.000000,4.000000,4.000000,4.000000,0.000000,0.000000,0.000000,0
0,-4800.000000,-2400.000000,10000.000000,4.000000,4.000000,4.000000,0.000000,0.000000,0.000000,0
0,-4800.000000,-2800.000000,10000.000000,4.000000,4.000000,4.000000,0.000000,0.000000,0.000000,0
0,-4800.000000,-3200.000000,10000.000000,4.000000,4.000000,4.000000,0.000000,0.000000,0.000000,0
0,-4800.000000,-3600.000000,10000.000000,4.000000,4.000000,4.000000,0.000000,0.000000,0.000000,0
0,-4800.000000,-4000.000000,10000.000000,4.000000,4.000000,4.000000,0.000000,0.000000,0.000000,0
0,-4800.000000,-4400.000000,10000.000000,4.000000,4.000000,4.000000,0.000000,0.000000,0.000000,0
0,-4800.000000,-4800.000000,10000.000000,4.000000,4.000000,4.000000,0.000000,0.000000,0.000000,0
0,-4800.000000,-5200.000000,10000.000000,4.000000,4.000000,4.000000,0.000000,0.000000,0.000000,0
0,-4800.000000,-5600.000000,10000.000000,4.000000,4.000000,4.000000,0.000000,0.000000,0.000000,0
0,-4800.000000,-6000.000000,10000.000000,4.000000,4.000000,4.000000,0.000000,0.000000,0.000000,0
0,-4800.000000,-6400.000000,10000.000000,4.000000,4.000000,4.000000,0.000000,0.000000,0.000000,0
0,-4800.000000,-6800.000000,10000.000000,4.000000,4.000000,4.000000,0.000000,0.000000,0.000000,0
0,-4800.000000,-7200.000000,10000.000000,4.000000,4.000000,4.000000,0.000000,0.000000,0.000000,0
0,-4800.000000,-7600.000000,10000.000000,4.000000,4.000000,4.000000,0.000000,0.000000,0.000000,0
0,-4800.000000,-8000.000000,10000.000000,4.000000,4.000000,4.000000,0.000000,0.000000,0.000000,0
0,-4400.000000,-2800.000000,10000.000000,4.000000,4.000000,4.000000,0.000000,0.000000,0.000000,0
0,-4000.000000,-2800.000000,10000.000000,4.000000,4.000000,4.000000,0.000000,0.000000,0.000000,0
0,-3600.000000,-2800.000000,10000.000000,4.000000,4.000000,4.000000,0.000000,0.000000,0.000000,0
0,-3200.000000,-2800.000000,10000.000000,4.000000,4.000000,4.000000,0.000000,0.000000,0.000000,0
0,-2800.000000,-2800.000000,10000.000000,4.000000,4.000000,4.000000,0.000000,0.000000,0.000000,0
0,-2400.000000,-2800.000000,10000.000000,4.000000,4.000000,4.000000,0.000000,0.000000,0.000000,0
0,-2000.000000,-2800.000000,10000.000000,4.000000,4.000000,4.000000,0.000000,0.000000,0.000000,0
0,-1600.000000,-2800.000000,10000.000000,4.000000,4.000000,4.000000,0.000000,0.000000,0.000000,0
0,-1200.000000,-2800.000000,10000.000000,4.000000,4.000000,4.000000,0.000000,0.000000,0.000000,0
0,-800.000000,-2800.000000,10000.000000,4.000000,4.000000,4.000000,0.000000,0.000000,0.000000,0
0,-400.000000,-2800.000000,10000.000000,4.000000,4.000000,4.000000,0.000000,0.000000,0.000000,0
0,0.000000,-2800.000000,10000.000000,4.000000,4.000000,4.000000,0.000000,0.000000,0.000000,0
0,400.000000,-2800.000000,10000.000000,4.000000,4.000000,4.000000,0.000000,0.000000,0.000000,0
0,800.000000,-2800.000000,10000.000000,4.000000,4.000000,4.000000,0.000000,0.000000,0.000000,0
0,1200.000000,-2800.000000,10000.000000,4.000000,4.000000,4.000000,0.000000,0.000000,0.000000,0
0,1600.000000,-2800.000000,10000.000000,4.000000,4.000000,4.000000,0.000000,0.000000,0.000000,0
0,2000.000000,-2800.000000,10000.000000,4.000000,4.000000,4.000000,0.000000,0.000000,0.000000,0
0,2000.000000,800.000000,10000.000000,4.000000,4.000000,4.000000,0.000000,0.000000,0.000000,0
0,2000.000000,400.000000,10000.000000,4.000000,4.000000,4.000000,0.000000,0.000000,0.000000,0
0,2000.000000,0.000000,10000.000000,4.000000,4.000000,4.000000,0.000000,0.000000,0.000000,0
0,2000.000000,-400.000000,10000.000000,4.000000,4.000000,4.000000,0.000000,0.000000,0.000000,0
0,2000.000000,-800.000000,10000.000000,4.000000,4.000000,4.000000,0.000000,0.000000,0.000000,0
0,2000.000000,-1200.000000,10000.000000,4.000000,4.000000,4.000000,0.000000,0.000000,0.000000,0
0,2000.000000,-1600.000000,10000.000000,4.000000,4.000000,4.000000,0.000000,0.000000,0.000000,0
0,2000.000000,-2000.000000,10000.000000,4.000000,4.000000,4.000000,0.000000,0.000000,0.000000,0
0,2000.000000,-2400.000000,10000.000000,4.000000,4.000000,4.000000,0.000000,0.000000,0.000000,0
0,2000.000000,-3200.000000,10000.000000,4.000000,4.000000,4.000000,0.000000,0.000000,0.000000,0
0,2000.000000,-3600.000000,10000.000000,4.000000,4.000000,4.000000,0.000000,0.000000,0.000000,0
0,2000.000000,-4000.000000,10000.000000,4.000000,4.000000,4.000000,0.000000,0.000000,0.000000,0
0,2000.000000,-4400.000000,10000.000000,4.000000,4.000000,4.000000,0.000000,0.000000,0.000000,0
0,2000.000000,-4800.000000,10000.000000,4.000000,4.000000,4.000000,0.000000,0.000000,0.000000,0
0,2000.000000,-5200.000000,10000.000000,4.000000,4.000000,4.000000,0.000000,0.000000,0.000000,0
0,2000.000000,-5600.000000,10000.000000,4.000000,4.000000,4.000000,0.000000,0.000000,0.000000,0
0,2000.000000,-6000.000000,10000.000000,4.000000,4.000000,4.000000,0.000000,0.000000,0.000000,0
0,2000.000000,-6400.000000,10000.000000,4.000000,4.000000,4.000000,0.000000,0.000000,0.000000,0
0,2000.000000,-6800.000000,10000.000000,4.000000,4.000000,4.000000,0.000000,0.000000,0.000000,0
0,2000.000000,-7200.000000,10000.000000,4.000000,4.000000,4.000000,0.000000,0.000000,0.000000,0
0,2000.000000,-7600.000000,10000.000000,4.000000,4.000000,4.000000,0.000000,0.000000,0.000000,0
0,2000.000000,-8000.000000,10000.000000,4.000000,4.000000,4.000000,0.000000,0.000000,0.000000,0
0,2000.000000,1200.000000,10000.000000,4.000000,4.000000,4.000000,0.000000,0.000000,0.000000,0
0,8000.000000,1200.000000,10000.000000,4.000000,4.000000,4.000000,0.000000,0.000000,0.000000,0
0,8000.000000,800.000000,10000.000000,4.000000,4.000000,4.000000,0.000000,0.000000,0.000000,0
0,8000.000000,400.000000,10000.000000,4.000000,4.000000,4.000000,0.000000,0.000000,0.000000,0
0,8000.000000,0.000000,10000.000000,4.000000,4.000000,4.000000,0.000000,0.000000,0.000000,0
0,8000.000000,-400.000000,10000.000000,4.000000,4.000000,4.000000,0.000000,0.000000,0.000000,0
0,8000.000000,-800.000000,10000.000000,4.000000,4.000000,4.000000,0.000000,0.000000,0.000000,0
0,8000.000000,-1200.000000,10000.000000,4.000000,4.000000,4.000000,0.000000,0.000000,0.000000,0
0,8000.000000,-1600.000000,10000.000000,4.000000,4.000000,4.000000,0.000000,0.000000,0.000000,0
0,8000.000000,-2000.000000,10000.000000,4.000000,4.000000,4.000000,0.000000,0.000000,0.000000,0
0,8000.000000,-2400.000000,10000.000000,4.000000,4.000000,4.000000,0.000000,0.000000,0.000000,0
0,8000.000000,-2800.000000,10000.000000,4.000000,4.000000,4.000000,0.000000,0.000000,0.000000,0
0,8000.000000,-3200.000000,10000.000000,4.000000,4.000000,4.000000,0.000000,0.000000,0.000000,0
0,8000.000000,-3600.000000,10000.000000,4.000000,4.000000,4.000000,0.000000,0.000000,0.000000,0
0,8000.000000,-4000.000000,10000.000000,4.000000,4.000000,4.000000,0.000000,0.000000,0.000000,0
0,8000.000000,-4400.000000,10000.000000,4.000000,4.000000,4.000000,0.000000,0.000000,0.000000,0
0,8000.000000,-4800.000000,10000.000000,4.000000,4.000000,4.000000,0.000000,0.000000,0.000000,0
0,8000.000000,-5200.000000,10000.000000,4.000000,4.000000,4.000000,0.000000,0.000000,0.000000,0
0,8000.000000,-5600.000000,10000.000000,4.000000,4.000000,4.000000,0.000000,0.000000,0.000000,0
0,8000.000000,-6000.000000,10000.000000,4.000000,4.000000,4.000000,0.000000,0.000000,0.000000,0
0,8000.000000,-6400.000000,10000.000000,4.000000,4.000000,4.000000,0.000000,0.000000,0.000000,0
0,8000.000000,-6800.000000,10000.000000,4.000000,4.000000,4.000000,0.000000,0.000000,0.000000,0
0,8000.000000,-7200.000000,10000.000000,4.000000,4.000000,4.000000,0.000000,0.000000,0.000000,0
0,8000.000000,-7600.000000,10000.000000,4.000000,4.000000,4.000000,0.000000,0.000000,0.000000,0
0,8000.000000,-8000.000000,10000.000000,4.000000,4.000000,4.000000,0.000000,0.000000,0.000000,0
0,8400.000000,1200.000000,10000.000000,4.000000,4.000000,4.000000,0.000000,0.000000,0.000000,0
0,8800.000000,1200.000000,10000.000000,4.000000,4.000000,4.000000,0.000000,0.000000,0.000000,0
0,9200.000000,1200.000000,10000.000000,4.000000,4.000000,4.000000,0.000000,0.000000,0.000000,0
0,9600.000000,1200.000000,10000.000000,4.000000,4.000000,4.000000,0.000000,0.000000,0.000000,0
0,10000.000000,1200.000000,10000.000000,4.000000,4.000000,4.000000,0.000000,0.000000,0.000000,0
0,10400.000000,1200.000000,10000.000000,4.000000,4.000000,4.000000,0.000000,0.000000,0.000000,0
0,10800.000000,1200.000000,10000.000000,4.000000,4.000000,4.000000,0.000000,0.000000,0.000000,0
0,11200.000000,1200.000000,10000.000000,4.000000,4.000000,4.000000,0.000000,0.000000,0.000000,0
0,11600.000000,1200.000000,10000.000000,4.000000,4.000000,4.000000,0.000000,0.000000,0.000000,0
0,12000.000000,1200.000000,10000.000000,4.000000,4.000000,4.000000,0.000000,0.000000,0.000000,0
0,12400.000000,1200.000000,10000.000000,4.000000,4.000000,4.000000,0.000000,0.000000,0.000000,0
0,12800.000000,1200.000000,10000.000000,4.000000,4.000000,4.000000,0.000000,0.000000,0.000000,0
0,13200.000000,1200.000000,10000.000000,4.000000,4.000000,4.000000,0.000000,0.000000,0.000000,0
0,13600.000000,1200.000000,10000.000000,4.000000,4.000000,4.000000,0.000000,0.000000,0.000000,0
0,14000.000000,1200.000000,10000.000000,4.000000,4.000000,4.000000,0.000000,0.000000,0.000000,0
0,14400.000000,1200.000000,10000.000000,4.000000,4.000000,4.000000,0.000000,0.000000,0.000000,0
0,14800.000000,1200.000000,10000.000000,4.000000,4.000000,4.000000,0.000000,0.000000,0.000000,0
0,15200.000000,1200.000000,10000.000000,4.000000,4.000000,4.000000,0.000000,0.000000,0.000000,0
0,8400.000000,-3200.000000,10000.000000,4.000000,4.000000,4.000000,0.000000,0.000000,0.000000,0
0,8800.000000,-3200.000000,10000.000000,4.000000,4.000000,4.000000,0.000000,0.000000,0.000000,0
0,9200.000000,-3200.000000,10000.000000,4.000000,4.000000,4.000000,0.000000,0.000000,0.000000,0
0,9600.000000,-3200.000000,10000.000000,4.000000,4.000000,4.000000,0.000000,0.000000,0.000000,0
0,10000.000000,-3200.000000,10000.000000,4.000000,4.000000,4.000000,0.000000,0.000000,0.000000,0
0,10400.000000,-3200.000000,10000.000000,4.000000,4.000000,4.000000,0.000000,0.000000,0.000000,0
0,10800.000000,-3200.000000,10000.000000,4.000000,4.000000,4.000000,0.000000,0.000000,0.000000,0
0,11200.000000,-3200.000000,10000.000000,4.000000,4.000000,4.000000,0.000000,0.000000,0.000000,0
0,11600.000000,-3200.000000,10000.000000,4.000000,4.000000,4.000000,0.000000,0.000000,0.000000,0
0,12000.000000,-3200.000000,10000.000000,4.000000,4.000000,4.000000,0.000000,0.000000,0.000000,0
0,12400.000000,-3200.000000,10000.000000,4.000000,4.000000,4.000000,0.000000,0.000000,0.000000,0
0,12800.000000,-3200.000000,10000.000000,4.000000,4.000000,4.000000,0.000000,0.000000,0.000000,0
0,13200.000000,-3200.000000,10000.000000,4.000000,4.000000,4.000000,0.000000,0.000000,0.000000,0
0,13600.000000,-3200.000000,10000.000000,4.000000,4.000000,4.000000,0.000000,0.000000,0.000000,0
0,14000.000000,-3200.000000,10000.000000,4.000000,4.000000,4.000000,0.000000,0.000000,0.000000,0
0,8400.000000,-8000.000000,10000.000000,4.000000,4.000000,4.000000,0.000000,0.000000,0.000000,0
0,8800.000000,-8000.000000,10000.000000,4.000000,4.000000,4.000000,0.000000,0.000000,0.000000,0
0,9200.000000,-8000.000000,10000.000000,4.000000,4.000000,4.000000,0.000000,0.000000,0.000000,0
0,9600.000000,-8000.000000,10000.000000,4.000000,4.000000,4.000000,0.000000,0.000000,0.000000,0
0,10000.000000,-8000.000000,10000.000000,4.000000,4.000000,4.000000,0.000000,0.000000,0.000000,0
0,10400.000000,-8000.000000,10000.000000,4.000000,4.000000,4.000000,0.000000,0.000000,0.000000,0
0,10800.000000,-8000.000000,10000.000000,4.000000,4.000000,4.000000,0.000000,0.000000,0.000000,0
0,11200.000000,-8000.000000,10000.000000,4.000000,4.000000,4.000000,0.000000,0.000000,0.000000,0
0,11600.000000,-8000.000000,10000.000000,4.000000,4.000000,4.000000,0.000000,0.000000,0.000000,0
0,12000.000000,-8000.000000,10000.000000,4.000000,4.000000,4.000000,0.000000,0.000000,0.000000,0
0,12400.000000,-8000.000000,10000.000000,4.000000,4.000000,4.000000,0.000000,0.000000,0.000000,0
0,12800.000000,-8000.000000,10000.000000,4.000000,4.000000,4.000000,0.000000,0.000000,0.000000,0
0,13200.000000,-8000.000000,10000.000000,4.000000,4.000000,4.000000,0.000000,0.000000,0.000000,0
0,13600.000000,-8000.000000,10000.000000,4.000000,4.000000,4.000000,0.000000,0.000000,0.000000,0
0,14000.000000,-8000.000000,10000.000000,4.000000,4.000000,4.000000,0.000000,0.000000,0.000000,0
0,14400.000000,-8000.000000,10000.000000,4.000000,4.000000,4.000000,0.000000,0.000000,0.000000,0
0,14800.000000,-8000.000000,10000.000000,4.000000,4.000000,4.000000,0.000000,0.000000,0.000000,0
0,15200.000000,-8000.000000,10000.000000,4.000000,4.000000,4.000000,0.000000,0.000000,0.000000,0
0,-6400.000000,-8400.000000,10000.000000,4.000000,4.000000,4.000000,0.000000,0.000000,0.000000,0
0,-6000.000000,-8400.000000,10000.000000,4.000000,4.000000,4.000000,0.000000,0.000000,0.000000,0
0,-5600.000000,-8400.000000,10000.000000,4.000000,4.000000,4.000000,0.000000,0.000000,0.000000,0
0,-5200.000000,-8400.000000,10000.000000,4.000000,4.000000,4.000000,0.000000,0.000000,0.000000,0
0,-4800.000000,-8400.000000,10000.000000,4.000000,4.000000,4.000000,0.000000,0.000000,0.000000,0
0,-4400.000000,-8400.000000,10000.000000,4.000000,4.000000,4.000000,0.000000,0.000000,0.000000,0
0,-4000.000000,-8400.000000,10000.000000,4.000000,4.000000,4.000000,0.000000,0.000000,0.000000,0
0,-3600.000000,-8400.000000,10000.000000,4.000000,4.000000,4.000000,0.000000,0.000000,0.000000,0
0,-3200.000000,-8400.000000,10000.000000,4.000000,4.000000,4.000000,0.000000,0.000000,0.000000,0
0,-2800.000000,-8400.000000,10000.000000,4.000000,4.000000,4.000000,0.000000,0.000000,0.000000,0
0,-2400.000000,-8400.000000,10000.000000,4.000000,4.000000,4.000000,0.000000,0.000000,0.000000,0
0,-2000.000000,-8400.000000,10000.000000,4.000000,4.000000,4.000000,0.000000,0.000000,0.000000,0
0,-1600.000000,-8400.000000,10000.000000,4.000000,4.000000,4.000000,0.000000,0.000000,0.000000,0
0,-1200.000000,-8400.000000,10000.000000,4.000000,4.000000,4.000000,0.000000,0.000000,0.000000,0
0,-800.000000,-8400.000000,10000.000000,4.000000,4.000000,4.000000,0.000000,0.000000,0.000000,0
0,-400.000000,-8400.000000,10000.000000,4.000000,4.000000,4.000000,0.000000,0.000000,0.000000,0
0,0.000000,-8400.000000,10000.000000,4.000000,4.000000,4.000000,0.000000,0.000000,0.000000,0
0,400.000000,-8400.000000,10000.000000,4.000000,4.000000,4.000000,0.000000,0.000000,0.000000,0
0,800.000000,-8400.000000,10000.000000,4.000000,4.000000,4.000000,0.000000,0.000000,0.000000,0
0,1200.000000,-8400.000000,10000.000000,4.000000,4.000000,4.000000,0.000000,0.000000,0.000000,0
0,1600.000000,-8400.000000,10000.000000,4.000000,4.000000,4.000000,0.000000,0.000000,0.000000,0
0,2000.000000,-8400.000000,10000.000000,4.000000,4.000000,4.000000,0.000000,0.000000,0.000000,0
0,2400.000000,-8400.000000,10000.000000,4.000000,4.000000,4.000000,0.000000,0.000000,0.000000,0
0,2800.000000,-8400.000000,10000.000000,4.000000,4.000000,4.000000,0.000000,0.000000,0.000000,0
0,3200.000000,-8400.000000,10000.000000,4.000000,4.000000,4.000000,0.000000,0.000000,0.000000,0
0,3600.000000,-8400.000000,10000.000000,4.000000,4.000000,4.000000,0.000000,0.000000,0.000000,0
0,4000.000000,-8400.000000,10000.000000,4.000000,4.000000,4.000000,0.000000,0.000000,0.000000,0
0,4400.000000,-8400.000000,10000.000000,4.000000,4.000000,4.000000,0.000000,0.000000,0.000000,0
0,4800.000000,-8400.000000,10000.000000,4.000000,4.000000,4.000000,0.000000,0.000000,0.000000,0
0,5200.000000,-8400.000000,10000.000000,4.000000,4.000000,4.000000,0.000000,0.000000,0.000000,0
0,5600.000000,-8400.000000,10000.000000,4.000000,4.000000,4.000000,0.000000,0.000000,0.000000,0
0,6000.000000,-8400.000000,10000.000000,4.000000,4.000000,4.000000,0.000000,0.000000,0.000000,0
0,6400.000000,-8400.000000,10000.000000,4.000000,4.000000,4.000000,0.000000,0.000000,0.000000,0
0,6800.000000,-8400.000000,10000.000000,4.000000,4.000000,4.000000,0.000000,0.000000,0.000000,0
0,7200.000000,-8400.000000,10000.000000,4.000000,4.000000,4.000000,0.000000,0.000000,0.000000,0
0,7600.000000,-8400.000000,10000.000000,4.000000,4.000000,4.000000,0.000000,0.000000,0.000000,0
0,8000.000000,-8400.000000,10000.000000,4.000000,4.000000,4.000000,0.000000,0.000000,0.000000,0
0,8400.000000,-8400.000000,10000.000000,4.000000,4.000000,4.000000,0.000000,0.000000,0.000000,0
0,8800.000000,-8400.000000,10000.000000,4.000000,4.000000,4.000000,0.000000,0.000000,0.000000,0
0,9200.000000,-8400.000000,10000.000000,4.000000,4.000000,4.000000,0.000000,0.000000,0.000000,0
0,9600.000000,-8400.000000,10000.000000,4.000000,4.000000,4.000000,0.000000,0.000000,0.000000,0
0,10000.000000,-8400.000000,10000.000000,4.000000,4.000000,4.000000,0.000000,0.000000,0.000000,0
0,10400.000000,-8400.000000,10000.000000,4.000000,4.000000,4.000000,0.000000,0.000000,0.000000,0
0,10800.000000,-8400.000000,10000.000000,4.000000,4.000000,4.000000,0.000000,0.000000,0.000000,0
0,11200.000000,-8400.000000,10000.000000,4.000000,4.000000,4.000000,0.000000,0.000000,0.000000,0
0,11600.000000,-8400.000000,10000.000000,4.000000,4.000000,4.000000,0.000000,0.000000,0.000000,0
0,12000.000000,-8400.000000,10000.000000,4.000000,4.000000,4.000000,0.000000,0.000000,0.000000,0
0,12400.000000,-8400.000000,10000.000000,4.000000,4.000000,4.000000,0.000000,0.000000,0.000000,0
0,12800.000000,-8400.000000,10000.000000,4.000000,4.000000,4.000000,0.000000,0.000000,0.000000,0
0,13200.000000,-8400.000000,10000.000000,4.000000,4.000000,4.000000,0.000000,0.000000,0.000000,0
0,13600.000000,-8400.000000,10000.000000,4.000000,4.000000,4.000000,0.000000,0.000000,0.000000,0
0,14000.000000,-8400.000000,10000.000000,4.000000,4.000000,4.000000,0.000000,0.000000,0.000000,0
0,14400.000000,-8400.000000,10000.000000,4.000000,4.000000,4.000000,0.000000,0.000000,0.000000,0
0,14800.000000,-8400.000000,10000.000000,4.000000,4.000000,4.000000,0.000000,0.000000,0.000000,0
0,15200.000000,-8400.000000,10000.000000,4.000000,4.000000,4.000000,0.000000,0.000000,0.000000,0
0,15600.000000,-8400.000000,10000.000000,4.000000,4.000000,4.000000,0.000000,0.000000,0.000000,0
0,16000.000000,-8400.000000,10000.000000,4.000000,4.000000,4.000000,0.000000,0.000000,0.000000,0
0,16400.000000,-8400.000000,10000.000000,4.000000,4.000000,4.000000,0.000000,0.000000,0.000000,0
0,16800.000000,-8400.000000,10000.000000,4.000000,4.000000,4.000000,0.000000,0.000000,0.000000,0
0,17200.000000,-8400.000000,10000.000000,4.000000,4.000000,4.000000,0.000000,0.000000,0.000000,0
0,17600.000000,-8400.000000,10000.000000,4.000000,4.000000,4.000000,0.000000,0.000000,0.000000,0
0,18000.000000,-8400.000000,10000.000000,4.000000,4.000000,4.000000,0.000000,0.000000,0.000000,0
0,18400.000000,-8400.000000,10000.000000,4.000000,4.000000,4.000000,0.000000,0.000000,0.000000,0
0,18800.000000,-8400.000000,10000.000000,4.000000,4.000000,4.000000,0.000000,0.000000,0.000000,0
0,19200.000000,-8400.000000,10000.000000,4.000000,4.000000,4.000000,0.000000,0.000000,0.000000,0
0,19600.000000,-8400.000000,10000.000000,4.000000,4.000000,4.000000,0.000000,0.000000,0.000000,0
0,20000.000000,-8400.000000,10000.000000,4.000000,4.000000,4.000000,0.000000,0.000000,0.000000,0
0,20400.000000,-8400.000000,10000.000000,4.000000,4.000000,4.000000,0.000000,0.000000,0.000000,0
0,20800.000000,-8400.000000,10000.000000,4.000000,4.000000,4.000000,0.000000,0.000000,0.000000,0
0,21200.000000,-8400.000000,10000.000000,4.000000,4.000000,4.000000,0.000000,0.000000,0.000000,0
0,21600.000000,-8400.000000,10000.000000,4.000000,4.000000,4.000000,0.000000,0.000000,0.000000,0
0,22000.000000,-8400.000000,10000.000000,4.000000,4.000000,4.000000,0.000000,0.000000,0.000000,0
0,22400.000000,-8400.000000,10000.000000,4.000000,4.000000,4.000000,0.000000,0.000000,0.000000,0
0,22800.000000,-8400.000000,10000.000000,4.000000,4.000000,4.000000,0.000000,0.000000,0.000000,0
0,23200.000000,-8400.000000,10000.000000,4.000000,4.000000,4.000000,0.000000,0.000000,0.000000,0
0,23600.000000,-8400.000000,10000.000000,4.000000,4.000000,4.000000,0.000000,0.000000,0.000000,0
0,24000.000000,-8400.000000,10000.000000,4.000000,4.000000,4.000000,0.000000,0.000000,0.000000,0
0,24400.000000,-8400.000000,10000.000000,4.000000,4.000000,4.000000,0.000000,0.000000,0.000000,0
0,24800.000000,-8400.000000,10000.000000,4.000000,4.000000,4.000000,0.000000,0.000000,0.000000,0
0,25200.000000,-8400.000000,10000.000000,4.000000,4.000000,4.000000,0.000000,0.000000,0.000000,0
0,25600.000000,-8400.000000,10000.000000,4.000000,4.000000,4.000000,0.000000,0.000000,0.000000,0
0,26000.000000,-8400.000000,10000.000000,4.000000,4.000000,4.000000,0.000000,0.000000,0.000000,0
0,26400.000000,-8400.000000,10000.000000,4.000000,4.000000,4.000000,0.000000,0.000000,0.000000,0
0,26800.000000,-8400.000000,10000.000000,4.000000,4.000000,4.000000,0.000000,0.000000,0.000000,0
0,27200.000000,-8400.000000,10000.000000,4.000000,4.000000,4.000000,0.000000,0.000000,0.000000,0
0,27600.000000,-8400.000000,10000.000000,4.000000,4.000000,4.000000,0.000000,0.000000,0.000000,0
0,28000.000000,-8400.000000,10000.000000,4.000000,4.000000,4.000000,0.000000,0.000000,0.000000,0
0,28400.000000,-8400.000000,10000.000000,4.000000,4.000000,4.000000,0.000000,0.000000,0.000000,0
0,28800.000000,-8400.000000,10000.000000,4.000000,4.000000,4.000000,0.000000,0.000000,0.000000,0
0,29200.000000,-8400.000000,10000.000000,4.000000,4.000000,4.000000,0.000000,0.000000,0.000000,0
0,29600.000000,-8400.000000,10000.000000,4.000000,4.000000,4.000000,0.000000,0.000000,0.000000,0
0,30000.000000,-8400.000000,10000.000000,4.000000,4.000000,4.000000,0.000000,0.000000,0.000000,0
0,30400.000000,-8400.000000,10000.000000,4.000000,4.000000,4.000000,0.000000,0.000000,0.000000,0
0,30800.000000,-8400.000000,10000.000000,4.000000,4.000000,4.000000,0.000000,0.000000,0.000000,0
0,31200.000000,-8400.000000,10000.000000,4.000000,4.000000,4.000000,0.000000,0.000000,0.000000,0
0,31600.000000,-8400.000000,10000.000000,4.000000,4.000000,4.000000,0.000000,0.000000,0.000000,0
0,32000.000000,-8400.000000,10000.000000,4.000000,4.000000,4.000000,0.000000,0.000000,0.000000,0
0,32400.000000,-8400.000000,10000.000000,4.000000,4.000000,4.000000,0.000000,0.000000,0.000000,0
0,32800.000000,-8400.000000,10000.000000,4.000000,4.000000,4.000000,0.000000,0.000000,0.000000,0
0,33200.000000,-8400.000000,10000.000000,4.000000,4.000000,4.000000,0.000000,0.000000,0.000000,0
0,33600.000000,-8400.000000,10000.000000,4.000000,4.000000,4.000000,0.000000,0.000000,0.000000,0
0,34000.000000,-8400.000000,10000.000000,4.000000,4.000000,4.000000,0.000000,0.000000,0.000000,0
0,34400.000000,-8400.000000,10000.000000,4.000000,4.000000,4.000000,0.000000,0.000000,0.000000,0
0,34800.000000,-8400.000000,10000.000000,4.000000,4.000000,4.000000,0.000000,0.000000,0.000000,0
0,35200.000000,-8400.000000,10000.000000,4.000000,4.000000,4.000000,0.000000,0.000000,0.000000,0
0,35600.000000,-8400.000000,10000.000000,4.000000,4.000000,4.000000,0.000000,0.000000,0.000000,0
0,36000.000000,-8400.000000,10000.000000,4.000000,4.000000,4.000000,0.000000,0.000000,0.000000,0
0,36400.000000,-8400.000000,10000.000000,4.000000,4.000000,4.000000,0.000000,0.000000,0.000000,0
0,36800.000000,-8400.000000,10000.000000,4.000000,4.000000,4.000000,0.000000,0.000000,0.000000,0
0,37200.000000,-8400.000000,10000.000000,4.000000,4.000000,4.000000,0.000000,0.000000,0.000000,0
0,37600.000000,-8400.000000,10000.000000,4.000000,4.000000,4.000000,0.000000,0.000000,0.000000,0
0,38000.000000,-8400.000000,10000.000000,4.000000,4.000000,4.000000,0.000000,0.000000,0.000000,0
0,38400.000000,-8400.000000,10000.000000,4.000000,4.000000,4.000000,0.000000,0.000000,0.000000,0
0,38800.000000,-8400.000000,10000.000000,4.000000,4.000000,4.000000,0.000000,0.000000,0.000000,0
0,39200.000000,-8400.000000,10000.000000,4.000000,4.000000,4.000000,0.000000,0.000000,0.000000,0
0,39600.000000,-8400.000000,10000.000000,4.000000,4.000000,4.000000,0.000000,0.000000,0.000000,0
0,40000.000000,-8400.000000,10000.000000,4.000000,4.000000,4.000000,0.000000,0.000000,0.000000,0
0,40400.000000,-8400.000000,10000.000000,4.000000,4.000000,4.000000,0.000000,0.000000,0.000000,0
0,40800.000000,-8400.000000,10000.000000,4.000000,4.000000,4.000000,0.000000,0.000000,0.000000,0
0,41200.000000,-8400.000000,10000.000000,4.000000,4.000000,4.000000,0.000000,0.000000,0.000000,0
0,41600.000000,-8400.000000,10000.000000,4.000000,4.000000,4.000000,0.000000,0.000000,0.000000,0
0,42000.000000,-8400.000000,10000.000000,4.000000,4.000000,4.000000,0.000000,0.000000,0.000000,0
0,42400.000000,-8400.000000,10000.000000,4.000000,4.000000,4.000000,0.000000,0.000000,0.000000,0
0,42800.000000,-8400.000000,10000.000000,4.000000,4.000000,4.000000,0.000000,0.000000,0.000000,0
0,43200.000000,-8400.000000,10000.000000,4.000000,4.000000,4.000000,0.000000,0.000000,0.000000,0
0,43600.000000,-8400.000000,10000.000000,4.000000,4.000000,4.000000,0.000000,0.000000,0.000000,0
0,44000.000000,-8400.000000,10000.000000,4.000000,4.000000,4.000000,0.000000,0.000000,0.000000,0
0,44400.000000,-8400.000000,10000.000000,4.000000,4.000000,4.000000,0.000000,0.000000,0.000000,0
0,44800.000000,-8400.000000,10000.000000,4.000000,4.000000,4.000000,0.000000,0.000000,0.000000,0
0,45200.000000,-8400.000000,10000.000000,4.000000,4.000000,4.000000,0.000000,0.000000,0.000000,0
0,45600.000000,-8400.000000,10000.000000,4.000000,4.000000,4.000000,0.000000,0.000000,0.000000,0
0,46000.000000,-8400.000000,10000.000000,4.000000,4.000000,4.000000,0.000000,0.000000,0.000000,0
0,46400.000000,-8400.000000,10000.000000,4.000000,4.000000,4.000000,0.000000,0.000000,0.000000,0
0,46800.000000,-8400.000000,10000.000000,4.000000,4.000000,4.000000,0.000000,0.000000,0.000000,0
0,47200.000000,-8400.000000,10000.000000,4.000000,4.000000,4.000000,0.000000,0.000000,0.000000,0
0,47600.000000,-8400.000000,10000.000000,4.000000,4.000000,4.000000,0.000000,0.000000,0.000000,0
0,48000.000000,-8400.000000,10000.000000,4.000000,4.000000,4.000000,0.000000,0.000000,0.000000,0
0,48400.000000,-8400.000000,10000.000000,4.000000,4.000000,4.000000,0.000000,0.000000,0.000000,0
0,48800.000000,-8400.000000,10000.000000,4.000000,4.000000,4.000000,0.000000,0.000000,0.000000,0
0,49200.000000,-8400.000000,10000.000000,4.000000,4.000000,4.000000,0.000000,0.000000,0.000000,0
0,49600.000000,-8400.000000,10000.000000,4.000000,4.000000,4.000000,0.000000,0.000000,0.000000,0
0,50000.000000,-8400.000000,10000.000000,4.000000,4.000000,4.000000,0.000000,0.000000,0.000000,0
0,50400.000000,-8400.000000,10000.000000,4.000000,4.000000,4.000000,0.000000,0.000000,0.000000,0
0,50800.000000,-8400.000000,10000.000000,4.000000,4.000000,4.000000,0.000000,0.000000,0.000000,0
0,51200.000000,-8400.000000,10000.000000,4.000000,4.000000,4.000000,0.000000,0.000000,0.000000,0
0,51600.000000,-8400.000000,10000.000000,4.000000,4.000000,4.000000,0.000000,0.000000,0.000000,0
0,52000.000000,-8400.000000,10000.000000,4.000000,4.000000,4.000000,0.000000,0.000000,0.000000,0
0,52400.000000,-8400.000000,10000.000000,4.000000,4.000000,4.000000,0.000000,0.000000,0.000000,0
0,18000.000000,1200.000000,10000.000000,4.000000,4.000000,4.000000,0.000000,0.000000,0.000000,0
0,18000.000000,800.000000,10000.000000,4.000000,4.000000,4.000000,0.000000,0.000000,0.000000,0
0,18000.000000,400.000000,10000.000000,4.000000,4.000000,4.000000,0.000000,0.000000,0.000000,0
0,18000.000000,0.000000,10000.000000,4.000000,4.000000,4.000000,0.000000,0.000000,0.000000,0
0,18000.000000,-400.000000,10000.000000,4.000000,4.000000,4.000000,0.000000,0.000000,0.000000,0
0,18000.000000,-800.000000,10000.000000,4.000000,4.000000,4.000000,0.000000,0.000000,0.000000,0
0,18000.000000,-1200.000000,10000.000000,4.000000,4.000000,4.000000,0.000000,0.000000,0.000000,0
0,18000.000000,-1600.000000,10000.000000,4.000000,4.000000,4.000000,0.000000,0.000000,0.000000,0
0,18000.000000,-2000.000000,10000.000000,4.000000,4.000000,4.000000,0.000000,0.000000,0.000000,0
0,18000.000000,-2400.000000,10000.000000,4.000000,4.000000,4.000000,0.000000,0.000000,0.000000,0
0,18000.000000,-2800.000000,10000.000000,4.000000,4.000000,4.000000,0.000000,0.000000,0.000000,0
0,18000.000000,-3200.000000,10000.000000,4.000000,4.000000,4.000000,0.000000,0.000000,0.000000,0
0,18000.000000,-3600.000000,10000.000000,4.000000,4.000000,4.000000,0.000000,0.000000,0.000000,0
0,18000.000000,-4000.000000,10000.000000,4.000000,4.000000,4.000000,0.000000,0.000000,0.000000,0
0,18000.000000,-4400.000000,10000.000000,4.000000,4.000000,4.000000,0.000000,0.000000,0.000000,0
0,18000.000000,-4800.000000,10000.000000,4.000000,4.000000,4.000000,0.000000,0.000000,0.000000,0
0,18000.000000,-5200.000000,10000.000000,4.000000,4.000000,4.000000,0.000000,0.000000,0.000000,0
0,18000.000000,-5600.000000,10000.000000,4.000000,4.000000,4.000000,0.000000,0.000000,0.000000,0
0,18000.000000,-6000.000000,10000.000000,4.000000,4.000000,4.000000,0.000000,0.000000,0.000000,0
0,18000.000000,-6400.000000,10000.000000,4.000000,4.000000,4.000000,0.000000,0.000000,0.000000,0
0,18000.000000,-6800.000000,10000.000000,4.000000,4.000000,4.000000,0.000000,0.000000,0.000000,0
0,18000.000000,-7200.000000,10000.000000,4.000000,4.000000,4.000000,0.000000,0.000000,0.000000,0
0,18000.000000,-7600.000000,10000.000000,4.000000,4.000000,4.000000,0.000000,0.000000,0.000000,0
0,18000.000000,-8000.000000,10000.000000,4.000000,4.000000,4.000000,0.000000,0.000000,0.000000,0
0,18400.000000,-8000.000000,10000.000000,4.000000,4.000000,4.000000,0.000000,0.000000,0.000000,0
0,18800.000000,-8000.000000,10000.000000,4.000000,4.000000,4.000000,0.000000,0.000000,0.000000,0
0,19200.000000,-8000.000000,10000.000000,4.000000,4.000000,4.000000,0.000000,0.000000,0.000000,0
0,19600.000000,-8000.000000,10000.000000,4.000000,4.000000,4.000000,0.000000,0.000000,0.000000,0
0,20000.000000,-8000.000000,10000.000000,4.000000,4.000000,4.000000,0.000000,0.000000,0.000000,0
0,20400.000000,-8000.000000,10000.000000,4.000000,4.000000,4.000000,0.000000,0.000000,0.000000,0
0,20800.000000,-8000.000000,10000.000000,4.000000,4.000000,4.000000,0.000000,0.000000,0.000000,0
0,21200.000000,-8000.000000,10000.000000,4.000000,4.000000,4.000000,0.000000,0.000000,0.000000,0
0,21600.000000,-8000.000000,10000.000000,4.000000,4.000000,4.000000,0.000000,0.000000,0.000000,0
0,22000.000000,-8000.000000,10000.000000,4.000000,4.000000,4.000000,0.000000,0.000000,0.000000,0
0,22400.000000,-8000.000000,10000.000000,4.000000,4.000000,4.000000,0.000000,0.000000,0.000000,0
0,22800.000000,-8000.000000,10000.000000,4.000000,4.000000,4.000000,0.000000,0.000000,0.000000,0
0,23200.000000,-8000.000000,10000.000000,4.000000,4.000000,4.000000,0.000000,0.000000,0.000000,0
0,23600.000000,-8000.000000,10000.000000,4.000000,4.000000,4.000000,0.000000,0.000000,0.000000,0
0,24000.000000,-8000.000000,10000.000000,4.000000,4.000000,4.000000,0.000000,0.000000,0.000000,0
0,24400.000000,-8000.000000,10000.000000,4.000000,4.000000,4.000000,0.000000,0.000000,0.000000,0
0,24800.000000,-8000.000000,10000.000000,4.000000,4.000000,4.000000,0.000000,0.000000,0.000000,0
0,25200.000000,-8000.000000,10000.000000,4.000000,4.000000,4.000000,0.000000,0.000000,0.000000,0
0,25600.000000,-8000.000000,10000.000000,4.000000,4.000000,4.000000,0.000000,0.000000,0.000000,0
0,28400.000000,1200.000000,10000.000000,4.000000,4.000000,4.000000,0.000000,0.000000,0.000000,0
0,28400.000000,800.000000,10000.000000,4.000000,4.000000,4.000000,0.000000,0.000000,0.000000,0
0,28400.000000,400.000000,10000.000000,4.000000,4.000000,4.000000,0.000000,0.000000,0.000000,0
0,28400.000000,0.000000,10000.000000,4.000000,4.000000,4.000000,0.000000,0.000000,0.000000,0
0,28400.000000,-400.000000,10000.000000,4.000000,4.000000,4.000000,0.000000,0.000000,0.000000,0
0,28400.000000,-800.000000,10000.000000,4.000000,4.000000,4.000000,0.000000,0.000000,0.000000,0
0,28400.000000,-1200.000000,10000.000000,4.000000,4.000000,4.000000,0.000000,0.000000,0.000000,0
0,28400.000000,-1600.000000,10000.000000,4.000000,4.000000,4.000000,0.000000,0.000000,0.000000,0
0,28400.000000,-2000.000000,10000.000000,4.000000,4.000000,4.000000,0.000000,0.000000,0.000000,0
0,28400.000000,-2400.000000,10000.000000,4.000000,4.000000,4.000000,0.000000,0.000000,0.000000,0
0,28400.000000,-2800.000000,10000.000000,4.000000,4.000000,4.000000,0.000000,0.000000,0.000000,0
0,28400.000000,-3200.000000,10000.000000,4.000000,4.000000,4.000000,0.000000,0.000000,0.000000,0
0,28400.000000,-3600.000000,10000.000000,4.000000,4.000000,4.000000,0.000000,0.000000,0.000000,0
0,28400.000000,-4000.000000,10000.000000,4.000000,4.000000,4.000000,0.000000,0.000000,0.000000,0
0,28400.000000,-4400.000000,10000.000000,4.000000,4.000000,4.000000,0.000000,0.000000,0.000000,0
0,28400.000000,-4800.000000,10000.000000,4.000000,4.000000,4.000000,0.000000,0.000000,0.000000,0
0,28400.000000,-5200.000000,10000.000000,4.000000,4.000000,4.000000,0.000000,0.000000,0.000000,0
0,28400.000000,-5600.000000,10000.000000,4.000000,4.000000,4.000000,0.000000,0.000000,0.000000,0
0,28400.000000,-6000.000000,10000.000000,4.000000,4.000000,4.000000,0.000000,0.000000,0.000000,0
0,28400.000000,-6400.000000,10000.000000,4.000000,4.000000,4.000000,0.000000,0.000000,0.000000,0
0,28400.000000,-6800.000000,10000.000000,4.000000,4.000000,4.000000,0.000000,0.000000,0.000000,0
0,28400.000000,-7200.000000,10000.000000,4.000000,4.000000,4.000000,0.000000,0.000000,0.000000,0
0,28400.000000,-7600.000000,10000.000000,4.000000,4.000000,4.000000,0.000000,0.000000,0.000000,0
0,28400.000000,-8000.000000,10000.000000,4.000000,4.000000,4.000000,0.000000,0.000000,0.000000,0
0,28800.000000,-8000.000000,10000.000000,4.000000,4.000000,4.000000,0.000000,0.000000,0.000000,0
0,29200.000000,-8000.000000,10000.000000,4.000000,4.000000,4.000000,0.000000,0.000000,0.000000,0
0,29600.000000,-8000.000000,10000.000000,4.000000,4.000000,4.000000,0.000000,0.000000,0.000000,0
0,30000.000000,-8000.000000,10000.000000,4.000000,4.000000,4.000000,0.000000,0.000000,0.000000,0
0,30400.000000,-8000.000000,10000.000000,4.000000,4.000000,4.000000,0.000000,0.000000,0.000000,0
0,30800.000000,-8000.000000,10000.000000,4.000000,4.000000,4.000000,0.000000,0.000000,0.000000,0
0,31200.000000,-8000.000000,10000.000000,4.000000,4.000000,4.000000,0.000000,0.000000,0.000000,0
0,31600.000000,-8000.000000,10000.000000,4.000000,4.000000,4.000000,0.000000,0.000000,0.000000,0
0,32000.000000,-8000.000000,10000.000000,4.000000,4.000000,4.000000,0.000000,0.000000,0.000000,0
0,32400.000000,-8000.000000,10000.000000,4.000000,4.000000,4.000000,0.000000,0.000000,0.000000,0
0,32800.000000,-8000.000000,10000.000000,4.000000,4.000000,4.000000,0.000000,0.000000,0.000000,0
0,33200.000000,-8000.000000,10000.000000,4.000000,4.000000,4.000000,0.000000,0.000000,0.000000,0
0,33600.000000,-8000.000000,10000.000000,4.000000,4.000000,4.000000,0.000000,0.000000,0.000000,0
0,34000.000000,-8000.000000,10000.000000,4.000000,4.000000,4.000000,0.000000,0.000000,0.000000,0
0,34400.000000,-8000.000000,10000.000000,4.000000,4.000000,4.000000,0.000000,0.000000,0.000000,0
0,34800.000000,-8000.000000,10000.000000,4.000000,4.000000,4.000000,0.000000,0.000000,0.000000,0
0,35200.000000,-8000.000000,10000.000000,4.000000,4.000000,4.000000,0.000000,0.000000,0.000000,0
0,35600.000000,-8000.000000,10000.000000,4.000000,4.000000,4.000000,0.000000,0.000000,0.000000,0
0,36000.000000,-8000.000000,10000.000000,4.000000,4.000000,4.000000,0.000000,0.000000,0.000000,0
0,36400.000000,-8000.000000,10000.000000,4.000000,4.000000,4.000000,0.000000,0.000000,0.000000,0
0,36800.000000,-8000.000000,10000.000000,4.000000,4.000000,4.000000,0.000000,0.000000,0.000000,0
0,45200.000000,-8000.000000,10000.000000,4.000000,4.000000,4.000000,0.000000,0.000000,0.000000,0
0,44800.000000,-8000.000000,10000.000000,4.000000,4.000000,4.000000,0.000000,0.000000,0.000000,0
0,44400.000000,-8000.000000,10000.000000,4.000000,4.000000,4.000000,0.000000,0.000000,0.000000,0
0,44000.000000,-8000.000000,10000.000000,4.000000,4.000000,4.000000,0.000000,0.000000,0.000000,0
0,43600.000000,-8000.000000,10000.000000,4.000000,4.000000,4.000000,0.000000,0.000000,0.000000,0
0,43200.000000,-8000.000000,10000.000000,4.000000,4.000000,4.000000,0.000000,0.000000,0.000000,0
0,42800.000000,-8000.000000,10000.000000,4.000000,4.000000,4.000000,0.000000,0.000000,0.000000,0
0,42400.000000,-8000.000000,10000.000000,4.000000,4.000000,4.000000,0.000000,0.000000,0.000000,0
0,42000.000000,-8000.000000,10000.000000,4.000000,4.000000,4.000000,0.000000,0.000000,0.000000,0
0,41600.000000,-8000.000000,10000.000000,4.000000,4.000000,4.000000,0.000000,0.000000,0.000000,0
0,41600.000000,-7600.000000,10000.000000,4.000000,4.000000,4.000000,0.000000,0.000000,0.000000,0
0,41200.000000,-7600.000000,10000.000000,4.000000,4.000000,4.000000,0.000000,0.000000,0.000000,0
0,40800.000000,-7600.000000,10000.000000,4.000000,4.000000,4.000000,0.000000,0.000000,0.000000,0
0,40800.000000,-7200.000000,10000.000000,4.000000,4.000000,4.000000,0.000000,0.000000,0.000000,0
0,40800.000000,-6800.000000,10000.000000,4.000000,4.000000,4.000000,0.000000,0.000000,0.000000,0
0,40800.000000,-6400.000000,10000.000000,4.000000,4.000000,4.000000,0.000000,0.000000,0.000000,0
0,40400.000000,-6400.000000,10000.000000,4.000000,4.000000,4.000000,0.000000,0.000000,0.000000,0
0,40400.000000,-6000.000000,10000.000000,4.000000,4.000000,4.000000,0.000000,0.000000,0.000000,0
0,40400.000000,-5600.000000,10000.000000,4.000000,4.000000,4.000000,0.000000,0.000000,0.000000,0
0,40400.000000,-5200.000000,10000.000000,4.000000,4.000000,4.000000,0.000000,0.000000,0.000000,0
0,40000.000000,-5600.000000,10000.000000,4.000000,4.000000,4.000000,0.000000,0.000000,0.000000,0
0,40000.000000,-5200.000000,10000.000000,4.000000,4.000000,4.000000,0.000000,0.000000,0.000000,0
0,40000.000000,-4800.000000,10000.000000,4.000000,4.000000,4.000000,0.000000,0.000000,0.000000,0
0,40000.000000,-4400.000000,10000.000000,4.000000,4.000000,4.000000,0.000000,0.000000,0.000000,0
0,40000.000000,-4000.000000,10000.000000,4.000000,4.000000,4.000000,0.000000,0.000000,0.000000,0
0,40000.000000,-3600.000000,10000.000000,4.000000,4.000000,4.000000,0.000000,0.000000,0.000000,0
0,45200.000000,-7600.000000,10000.000000,4.000000,4.000000,4.000000,0.000000,0.000000,0.000000,0
0,45600.000000,-7600.000000,10000.000000,4.000000,4.000000,4.000000,0.000000,0.000000,0.000000,0
0,46000.000000,-7600.000000,10000.000000,4.000000,4.000000,4.000000,0.000000,0.000000,0.000000,0
0,46400.000000,-7600.000000,10000.000000,4.000000,4.000000,4.000000,0.000000,0.000000,0.000000,0
0,46400.000000,-7200.000000,10000.000000,4.000000,4.000000,4.000000,0.000000,0.000000,0.000000,0
0,46800.000000,-7200.000000,10000.000000,4.000000,4.000000,4.000000,0.000000,0.000000,0.000000,0
0,47200.000000,-7200.000000,10000.000000,4.000000,4.000000,4.000000,0.000000,0.000000,0.000000,0
0,47200.000000,-6800.000000,10000.000000,4.000000,4.000000,4.000000,0.000000,0.000000,0.000000,0
0,47600.000000,-6800.000000,10000.000000,4.000000,4.000000,4.000000,0.000000,0.000000,0.000000,0
0,48000.000000,-6800.000000,10000.000000,4.000000,4.000000,4.000000,0.000000,0.000000,0.000000,0
0,48400.000000,-6800.000000,10000.000000,4.000000,4.000000,4.000000,0.000000,0.000000,0.000000,0
0,48400.000000,-6400.000000,10000.000000,4.000000,4.000000,4.000000,0.000000,0.000000,0.000000,0
0,48400.000000,-6000.000000,10000.000000,4.000000,4.000000,4.000000,0.000000,0.000000,0.000000,0
0,48400.000000,-5600.000000,10000.000000,4.000000,4.000000,4.000000,0.000000,0.000000,0.000000,0
0,42400.000000,-800.000000,10000.000000,4.000000,4.000000,4.000000,0.000000,0.000000,0.000000,0
0,42800.000000,-800.000000,10000.000000,4.000000,4.000000,4.000000,0.000000,0.000000,0.000000,0
0,43200.000000,-800.000000,10000.000000,4.000000,4.000000,4.000000,0.000000,0.000000,0.000000,0
0,43600.000000,-800.000000,10000.000000,4.000000,4.000000,4.000000,0.000000,0.000000,0.000000,0
0,44000.000000,-800.000000,10000.000000,4.000000,4.000000,4.000000,0.000000,0.000000,0.000000,0
0,44400.000000,-800.000000,10000.000000,4.000000,4.000000,4.000000,0.000000,0.000000,0.000000,0
0,44800.000000,-800.000000,10000.000000,4.000000,4.000000,4.000000,0.000000,0.000000,0.000000,0
0,44800.000000,-400.000000,10000.000000,4.000000,4.000000,4.000000,0.000000,0.000000,0.000000,0
0,45200.000000,-400.000000,10000.000000,4.000000,4.000000,4.000000,0.000000,0.000000,0.000000,0
0,45600.000000,-400.000000,10000.000000,4.000000,4.000000,4.000000,0.000000,0.000000,0.000000,0
0,46000.000000,-400.000000,10000.000000,4.000000,4.000000,4.000000,0.000000,0.000000,0.000000,0
0,46400.000000,-400.000000,10000.000000,4.000000,4.000000,4.000000,0.000000,0.000000,0.000000,0
0,48400.000000,-2400.000000,10000.000000,4.000000,4.000000,4.000000,0.000000,0.000000,0.000000,0
0,48400.000000,-2800.000000,10000.000000,4.000000,4.000000,4.000000,0.000000,0.000000,0.000000,0
0,48400.000000,-3200.000000,10000.000000,4.000000,4.000000,4.000000,0.000000,0.000000,0.000000,0
0,48400.000000,-3600.000000,10000.000000,4.000000,4.000000,4.000000,0.000000,0.000000,0.000000,0
0,48400.000000,-4000.000000,10000.000000,4.000000,4.000000,4.000000,0.000000,0.000000,0.000000,0
0,48400.000000,-4400.000000,10000.000000,4.000000,4.000000,4.000000,0.000000,0.000000,0.000000,0
0,48400.000000,-4800.000000,10000.000000,4.000000,4.000000,4.000000,0.000000,0.000000,0.000000,0
0,48400.000000,-5200.000000,10000.000000,4.000000,4.000000,4.000000,0.000000,0.000000,0.000000,0
0,42400.000000,-1200.000000,10000.000000,4.000000,4.000000,4.000000,0.000000,0.000000,0.000000,0
0,42000.000000,-1200.000000,10000.000000,4.000000,4.000000,4.000000,0.000000,0.000000,0.000000,0
0,41600.000000,-1200.000000,10000.000000,4.000000,4.000000,4.000000,0.000000,0.000000,0.000000,0
0,41200.000000,-1200.000000,10000.000000,4.000000,4.000000,4.000000,0.000000,0.000000,0.000000,0
0,41200.000000,-1600.000000,10000.000000,4.000000,4.000000,4.000000,0.000000,0.000000,0.000000,0
0,40800.000000,-2000.000000,10000.000000,4.000000,4.000000,4.000000,0.000000,0.000000,0.000000,0
0,40800.000000,-2400.000000,10000.000000,4.000000,4.000000,4.000000,0.000000,0.000000,0.000000,0
0,40800.000000,-2800.000000,10000.000000,4.000000,4.000000,4.000000,0.000000,0.000000,0.000000,0
0,40400.000000,-2800.000000,10000.000000,4.000000,4.000000,4.000000,0.000000,0.000000,0.000000,0
0,40400.000000,-3200.000000,10000.000000,4.000000,4.000000,4.000000,0.000000,0.000000,0.000000,0
0,40000.000000,-3200.000000,10000.000000,4.000000,4.000000,4.000000,0.000000,0.000000,0.000000,0
0,46800.000000,-400.000000,10000.000000,4.000000,4.000000,4.000000,0.000000,0.000000,0.000000,0
0,46800.000000,-800.000000,10000.000000,4.000000,4.000000,4.000000,0.000000,0.000000,0.000000,0
0,46800.000000,-1200.000000,10000.000000,4.000000,4.000000,4.000000,0.000000,0.000000,0.000000,0
0,47200.000000,-1200.000000,10000.000000,4.000000,4.000000,4.000000,0.000000,0.000000,0.000000,0
0,47600.000000,-1200.000000,10000.000000,4.000000,4.000000,4.000000,0.000000,0.000000,0.000000,0
0,48000.000000,-1200.000000,10000.000000,4.000000,4.000000,4.000000,0.000000,0.000000,0.000000,0
0,48000.000000,-1600.000000,10000.000000,4.000000,4.000000,4.000000,0.000000,0.000000,0.000000,0
0,48000.000000,-2000.000000,10000.000000,4.000000,4.000000,4.000000,0.000000,0.000000,0.000000,0
0,48000.000000,-2400.000000,10000.000000,4.000000,4.000000,4.000000,0.000000,0.000000,0.000000,0
0,-4000.000000,-1600.000000,400.000000,4.000000,4.000000,4.000000,0.000000,0.000000,0.000000,0
0,-4000.000000,-1200.000000,400.000000,4.000000,4.000000,4.000000,0.000000,0.000000,0.000000,0
0,-3600.000000,-1200.000000,400.000000,4.000000,4.000000,4.000000,0.000000,0.000000,0.000000,0
0,-3200.000000,-1200.000000,400.000000,4.000000,4.000000,4.000000,0.000000,0.000000,0.000000,0
0,-2800.000000,-1200.000000,400.000000,4.000000,4.000000,4.000000,0.000000,0.000000,0.000000,0
0,-2400.000000,-1200.000000,400.000000,4.000000,4.000000,4.000000,0.000000,0.000000,0.000000,0
0,-2000.000000,-1200.000000,400.000000,4.000000,4.000000,4.000000,0.000000,0.000000,0.000000,0
0,-1600.000000,-1200.000000,400.000000,4.000000,4.000000,4.000000,0.000000,0.000000,0.000000,0
0,-1200.000000,-1200.000000,400.000000,4.000000,4.000000,4.000000,0.000000,0.000000,0.000000,0
0,-800.000000,-1200.000000,400.000000,4.000000,4.000000,4.000000,0.000000,0.000000,0.000000,0
0,-400.000000,-1200.000000,400.000000,4.000000,4.000000,4.000000,0.000000,0.000000,0.000000,0
0,0.000000,-1200.000000,400.000000,4.000000,4.000000,4.000000,0.000000,0.000000,0.000000,0
0,400.000000,-1200.000000,400.000000,4.000000,4.000000,4.000000,0.000000,0.000000,0.000000,0
0,800.000000,-1200.000000,400.000000,4.000000,4.000000,4.000000,0.000000,0.000000,0.000000,0
0,1200.000000,-1200.000000,400.000000,4.000000,4.000000,4.000000,0.000000,0.000000,0.000000,0
0,1600.000000,-1200.000000,400.000000,4.000000,4.000000,4.000000,0.000000,0.000000,0.000000,0
0,2000.000000,-1200.000000,400.000000,4.000000,4.000000,4.000000,0.000000,0.000000,0.000000,0
0,2400.000000,-1200.000000,400.000000,4.000000,4.000000,4.000000,0.000000,0.000000,0.000000,0
0,2800.000000,-1200.000000,400.000000,4.000000,4.000000,4.000000,0.000000,0.000000,0.000000,0
0,3200.000000,-1200.000000,400.000000,4.000000,4.000000,4.000000,0.000000,0.000000,0.000000,0
0,3600.000000,-1200.000000,400.000000,4.000000,4.000000,4.000000,0.000000,0.000000,0.000000,0
0,4000.000000,-1200.000000,400.000000,4.000000,4.000000,4.000000,0.000000,0.000000,0.000000,0
0,4400.000000,-1200.000000,400.000000,4.000000,4.000000,4.000000,0.000000,0.000000,0.000000,0
0,4800.000000,-1200.000000,400.000000,4.000000,4.000000,4.000000,0.000000,0.000000,0.000000,0
0,5200.000000,-1200.000000,400.000000,4.000000,4.000000,4.000000,0.000000,0.000000,0.000000,0
0,5600.000000,-1200.000000,400.000000,4.000000,4.000000,4.000000,0.000000,0.000000,0.000000,0
0,6000.000000,-1200.000000,400.000000,4.000000,4.000000,4.000000,0.000000,0.000000,0.000000,0
0,6400.000000,-1200.000000,400.000000,4.000000,4.000000,4.000000,0.000000,0.000000,0.000000,0
0,6800.000000,-1200.000000,400.000000,4.000000,4.000000,4.000000,0.000000,0.000000,0.000000,0
0,7200.000000,-1200.000000,400.000000,4.000000,4.000000,4.000000,0.000000,0.000000,0.000000,0
0,7600.000000,-1200.000000,400.000000,4.000000,4.000000,4.000000,0.000000,0.000000,0.000000,0
0,8000.000000,-1200.000000,400.000000,4.000000,4.000000,4.000000,0.000000,0.000000,0.000000,0
0,8400.000000,-1200.000000,400.000000,4.000000,4.000000,4.000000,0.000000,0.000000,0.000000,0
0,8800.000000,-1200.000000,400.000000,4.000000,4.000000,4.000000,0.000000,0.000000,0.000000,0
0,9200.000000,-1200.000000,400.000000,4.000000,4.000000,4.000000,0.000000,0.000000,0.000000,0
0,9600.000000,-1200.000000,400.000000,4.000000,4.000000,4.000000,0.000000,0.000000,0.000000,0
0,10000.000000,-1200.000000,400.000000,4.000000,4.000000,4.000000,0.000000,0.000000,0.000000,0
0,10400.000000,-1200.000000,400.000000,4.000000,4.000000,4.000000,0.000000,0.000000,0.000000,0
0,10800.000000,-1200.000000,400.000000,4.000000,4.000000,4.000000,0.000000,0.000000,0.000000,0
0,11200.000000,-1200.000000,400.000000,4.000000,4.000000,4.000000,0.000000,0.000000,0.000000,0
0,11600.000000,-1200.000000,400.000000,4.000000,4.000000,4.000000,0.000000,0.000000,0.000000,0
0,12000.000000,-1200.000000,400.000000,4.000000,4.000000,4.000000,0.000000,0.000000,0.000000,0
0,12400.000000,-1200.000000,400.000000,4.000000,4.000000,4.000000,0.000000,0.000000,0.000000,0
0,12800.000000,-1200.000000,400.000000,4.000000,4.000000,4.000000,0.000000,0.000000,0.000000,0
0,13200.000000,-1200.000000,400.000000,4.000000,4.000000,4.000000,0.000000,0.000000,0.000000,0
0,13600.000000,-1200.000000,400.000000,4.000000,4.000000,4.000000,0.000000,0.000000,0.000000,0
0,14000.000000,-1200.000000,400.000000,4.000000,4.000000,4.000000,0.000000,0.000000,0.000000,0
0,14400.000000,-1200.000000,400.000000,4.000000,4.000000,4.000000,0.000000,0.000000,0.000000,0
0,14800.000000,-1200.000000,400.000000,4.000000,4.000000,4.000000,0.000000,0.000000,0.000000,0
0,15200.000000,-1200.000000,400.000000,4.000000,4.000000,4.000000,0.000000,0.000000,0.000000,0
0,15600.000000,-1200.000000,400.000000,4.000000,4.000000,4.000000,0.000000,0.000000,0.000000,0
0,16000.000000,-1200.000000,400.000000,4.000000,4.000000,4.000000,0.000000,0.000000,0.000000,0
0,16400.000000,-1200.000000,400.000000,4.000000,4.000000,4.000000,0.000000,0.000000,0.000000,0
0,16800.000000,-1200.000000,400.000000,4.000000,4.000000,4.000000,0.000000,0.000000,0.000000,0
0,16800.000000,-1600.000000,400.000000,4.000000,4.000000,4.000000,0.000000,0.000000,0.000000,0
0,16800.000000,-2000.000000,400.000000,4.000000,4.000000,4.000000,0.000000,0.000000,0.000000,0
0,16800.000000,-2400.000000,400.000000,4.000000,4.000000,4.000000,0.000000,0.000000,0.000000,0
0,16800.000000,-2800.000000,400.000000,4.000000,4.000000,4.000000,0.000000,0.000000,0.000000,0
0,16800.000000,-3200.000000,400.000000,4.000000,4.000000,4.000000,0.000000,0.000000,0.000000,0
0,17200.000000,-3200.000000,400.000000,4.000000,4.000000,4.000000,0.000000,0.000000,0.000000,0
0,17600.000000,-3200.000000,400.000000,4.000000,4.000000,4.000000,0.000000,0.000000,0.000000,0
0,18000.000000,-3200.000000,400.000000,4.000000,4.000000,4.000000,0.000000,0.000000,0.000000,0
0,18400.000000,-3200.000000,400.000000,4.000000,4.000000,4.000000,0.000000,0.000000,0.000000,0
0,18800.000000,-3200.000000,400.000000,4.000000,4.000000,4.000000,0.000000,0.000000,0.000000,0
0,19200.000000,-3200.000000,400.000000,4.000000,4.000000,4.000000,0.000000,0.000000,0.000000,0
0,19600.000000,-3200.000000,400.000000,4.000000,4.000000,4.000000,0.000000,0.000000,0.000000,0
0,20000.000000,-3200.000000,400.000000,4.000000,4.000000,4.000000,0.000000,0.000000,0.000000,0
0,20400.000000,-3200.000000,400.000000,4.000000,4.000000,4.000000,0.000000,0.000000,0.000000,0
0,20800.000000,-3200.000000,400.000000,4.000000,4.000000,4.000000,0.000000,0.000000,0.000000,0
0,21200.000000,-3200.000000,400.000000,4.000000,4.000000,4.000000,0.000000,0.000000,0.000000,0
0,21600.000000,-3200.000000,400.000000,4.000000,4.000000,4.000000,0.000000,0.000000,0.000000,0
0,22000.000000,-3200.000000,400.000000,4.000000,4.000000,4.000000,0.000000,0.000000,0.000000,0
0,22400.000000,-3200.000000,400.000000,4.000000,4.000000,4.000000,0.000000,0.000000,0.000000,0
0,22800.000000,-3200.000000,400.000000,4.000000,4.000000,4.000000,0.000000,0.000000,0.000000,0
0,23200.000000,-3200.000000,400.000000,4.000000,4.000000,4.000000,0.000000,0.000000,0.000000,0
0,23600.000000,-3200.000000,400.000000,4.000000,4.000000,4.000000,0.000000,0.000000,0.000000,0
0,24000.000000,-3200.000000,400.000000,4.000000,4.000000,4.000000,0.000000,0.000000,0.000000,0
0,24400.000000,-3200.000000,400.000000,4.000000,4.000000,4.000000,0.000000,0.000000,0.000000,0
0,24800.000000,-3200.000000,400.000000,4.000000,4.000000,4.000000,0.000000,0.000000,0.000000,0
0,25200.000000,-3200.000000,400.000000,4.000000,4.000000,4.000000,0.000000,0.000000,0.000000,0
0,25600.000000,-3200.000000,400.000000,4.000000,4.000000,4.000000,0.000000,0.000000,0.000000,0
0,26000.000000,-3200.000000,400.000000,4.000000,4.000000,4.000000,0.000000,0.000000,0.000000,0
0,26400.000000,-3200.000000,400.000000,4.000000,4.000000,4.000000,0.000000,0.000000,0.000000,0
0,26800.000000,-3200.000000,400.000000,4.000000,4.000000,4.000000,0.000000,0.000000,0.000000,0
0,27200.000000,-3200.000000,400.000000,4.000000,4.000000,4.000000,0.000000,0.000000,0.000000,0
0,27600.000000,-3200.000000,400.000000,4.000000,4.000000,4.000000,0.000000,0.000000,0.000000,0
0,28000.000000,-3200.000000,400.000000,4.000000,4.000000,4.000000,0.000000,0.000000,0.000000,0
0,28400.000000,-3200.000000,400.000000,4.000000,4.000000,4.000000,0.000000,0.000000,0.000000,0
0,28800.000000,-3200.000000,400.000000,4.000000,4.000000,4.000000,0.000000,0.000000,0.000000,0
0,29200.000000,-3200.000000,400.000000,4.000000,4.000000,4.000000,0.000000,0.000000,0.000000,0
0,29600.000000,-3200.000000,400.000000,4.000000,4.000000,4.000000,0.000000,0.000000,0.000000,0
0,30000.000000,-3200.000000,400.000000,4.000000,4.000000,4.000000,0.000000,0.000000,0.000000,0
0,30400.000000,-3200.000000,400.000000,4.000000,4.000000,4.000000,0.000000,0.000000,0.000000,0
0,30800.000000,-3200.000000,400.000000,4.000000,4.000000,4.000000,0.000000,0.000000,0.000000,0
0,31200.000000,-3200.000000,400.000000,4.000000,4.000000,4.000000,0.000000,0.000000,0.000000,0
0,31600.000000,-3200.000000,400.000000,4.000000,4.000000,4.000000,0.000000,0.000000,0.000000,0
0,32000.000000,-3200.000000,400.000000,4.000000,4.000000,4.000000,0.000000,0.000000,0.000000,0
0,32400.000000,-3200.000000,400.000000,4.000000,4.000000,4.000000,0.000000,0.000000,0.000000,0
0,32800.000000,-3200.000000,400.000000,4.000000,4.000000,4.000000,0.000000,0.000000,0.000000,0
0,33200.000000,-3200.000000,400.000000,4.000000,4.000000,4.000000,0.000000,0.000000,0.000000,0
0,33600.000000,-3200.000000,400.000000,4.000000,4.000000,4.000000,0.000000,0.000000,0.000000,0
0,34000.000000,-3200.000000,400.000000,4.000000,4.000000,4.000000,0.000000,0.000000,0.000000,0
0,34400.000000,-3200.000000,400.000000,4.000000,4.000000,4.000000,0.000000,0.000000,0.000000,0
0,34800.000000,-3200.000000,400.000000,4.000000,4.000000,4.000000,0.000000,0.000000,0.000000,0
0,35200.000000,-3200.000000,400.000000,4.000000,4.000000,4.000000,0.000000,0.000000,0.000000,0
0,35600.000000,-3200.000000,400.000000,4.000000,4.000000,4.000000,0.000000,0.000000,0.000000,0
0,36000.000000,-3200.000000,400.000000,4.000000,4.000000,4.000000,0.000000,0.000000,0.000000,0
0,36400.000000,-3200.000000,400.000000,4.000000,4.000000,4.000000,0.000000,0.000000,0.000000,0
0,36800.000000,-3200.000000,400.000000,4.000000,4.000000,4.000000,0.000000,0.000000,0.000000,0
0,37200.000000,-3200.000000,400.000000,4.000000,4.000000,4.000000,0.000000,0.000000,0.000000,0
0,37600.000000,-3200.000000,400.000000,4.000000,4.000000,4.000000,0.000000,0.000000,0.000000,0
0,38000.000000,-3200.000000,400.000000,4.000000,4.000000,4.000000,0.000000,0.000000,0.000000,0
0,38400.000000,-3200.000000,400.000000,4.000000,4.000000,4.000000,0.000000,0.000000,0.000000,0
0,38800.000000,-3200.000000,400.000000,4.000000,4.000000,4.000000,0.000000,0.000000,0.000000,0
0,39200.000000,-3200.000000,400.000000,4.000000,4.000000,4.000000,0.000000,0.000000,0.000000,0
0,39600.000000,-3200.000000,400.000000,4.000000,4.000000,4.000000,0.000000,0.000000,0.000000,0
0,40000.000000,-3200.000000,400.000000,4.000000,4.000000,4.000000,0.000000,0.000000,0.000000,0
0,40400.000000,-3200.000000,400.000000,4.000000,4.000000,4.000000,0.000000,0.000000,0.000000,0
0,40800.000000,-3200.000000,400.000000,4.000000,4.000000,4.000000,0.000000,0.000000,0.000000,0
0,41200.000000,-3200.000000,400.000000,4.000000,4.000000,4.000000,0.000000,0.000000,0.000000,0
0,41600.000000,-3200.000000,400.000000,4.000000,4.000000,4.000000,0.000000,0.000000,0.000000,0
0,42000.000000,-3200.000000,400.000000,4.000000,4.000000,4.000000,0.000000,0.000000,0.000000,0
0,42400.000000,-3200.000000,400.000000,4.000000,4.000000,4.000000,0.000000,0.000000,0.000000,0
0,42800.000000,-3200.000000,400.000000,4.000000,4.000000,4.000000,0.000000,0.000000,0.000000,0
0,43200.000000,-3200.000000,400.000000,4.000000,4.000000,4.000000,0.000000,0.000000,0.000000,0
0,43600.000000,-3200.000000,400.000000,4.000000,4.000000,4.000000,0.000000,0.000000,0.000000,0
0,44000.000000,-3200.000000,400.000000,4.000000,4.000000,4.000000,0.000000,0.000000,0.000000,0
0,44400.000000,-3200.000000,400.000000,4.000000,4.000000,4.000000,0.000000,0.000000,0.000000,0
0,44800.000000,-3200.000000,400.000000,4.000000,4.000000,4.000000,0.000000,0.000000,0.000000,0
0,45200.000000,-3200.000000,400.000000,4.000000,4.000000,4.000000,0.000000,0.000000,0.000000,0
0,45600.000000,-3200.000000,400.000000,4.000000,4.000000,4.000000,0.000000,0.000000,0.000000,0
0,46000.000000,-3200.000000,400.000000,4.000000,4.000000,4.000000,0.000000,0.000000,0.000000,0
0,46400.000000,-3200.000000,400.000000,4.000000,4.000000,4.000000,0.000000,0.000000,0.000000,0
0,46800.000000,-3200.000000,400.000000,4.000000,4.000000,4.000000,0.000000,0.000000,0.000000,0
0,47200.000000,-3200.000000,400.000000,4.000000,4.000000,4.000000,0.000000,0.000000,0.000000,0
0,47600.000000,-3200.000000,400.000000,4.000000,4.000000,4.000000,0.000000,0.000000,0.000000,0
0,48000.000000,-3200.000000,400.000000,4.000000,4.000000,4.000000,0.000000,0.000000,0.000000,0
0,48400.000000,-3200.000000,400.000000,4.000000,4.000000,4.000000,0.000000,0.000000,0.000000,0
0,48800.000000,-3200.000000,400.000000,4.000000,4.000000,4.000000,0.000000,0.000000,0.000000,0
0,49200.000000,-3200.000000,400.000000,4.000000,4.000000,4.000000,0.000000,0.000000,0.000000,0
0,49600.000000,-3200.000000,400.000000,4.000000,4.000000,4.000000,0.000000,0.000000,0.000000,0
0,50000.000000,-3200.000000,400.000000,4.000000,4.000000,4.000000,0.000000,0.000000,0.000000,0
0,50400.000000,-3200.000000,400.000000,4.000000,4.000000,4.000000,0.000000,0.000000,0.000000,0
0,50800.000000,-3200.000000,400.000000,4.000000,4.000000,4.000000,0.000000,0.000000,0.000000,0
0,50800.000000,-3600.000000,400.000000,4.000000,4.000000,4.000000,0.000000,0.000000,0.000000,0
0,50800.000000,-4000.000000,400.000000,4.000000,4.000000,4.000000,0.000000,0.000000,0.000000,0
0,50800.000000,-4400.000000,400.000000,4.000000,4.000000,4.000000,0.000000,0.000000,0.000000,0
0,50800.000000,-4800.000000,400.000000,4.000000,4.000000,4.000000,0.000000,0.000000,0.000000,0
0,50800.000000,-5200.000000,400.000000,4.000000,4.000000,4.000000,0.000000,0.000000,0.000000,0
0,50800.000000,-5600.000000,400.000000,4.000000,4.000000,4.000000,0.000000,0.000000,0.000000,0
0,50400.000000,-5600.000000,400.000000,4.000000,4.000000,4.000000,0.000000,0.000000,0.000000,0
0,50000.000000,-5600.000000,400.000000,4.000000,4.000000,4.000000,0.000000,0.000000,0.000000,0
0,49600.000000,-5600.000000,400.000000,4.000000,4.000000,4.000000,0.000000,0.000000,0.000000,0
0,49200.000000,-5600.000000,400.000000,4.000000,4.000000,4.000000,0.000000,0.000000,0.000000,0
0,48800.000000,-5600.000000,400.000000,4.000000,4.000000,4.000000,0.000000,0.000000,0.000000,0
0,48400.000000,-5600.000000,400.000000,4.000000,4.000000,4.000000,0.000000,0.000000,0.000000,0
0,48000.000000,-5600.000000,400.000000,4.000000,4.000000,4.000000,0.000000,0.000000,0.000000,0
0,47600.000000,-5600.000000,400.000000,4.000000,4.000000,4.000000,0.000000,0.000000,0.000000,0
0,47200.000000,-5600.000000,400.000000,4.000000,4.000000,4.000000,0.000000,0.000000,0.000000,0
0,46800.000000,-5600.000000,400.000000,4.000000,4.000000,4.000000,0.000000,0.000000,0.000000,0
0,46400.000000,-5600.000000,400.000000,4.000000,4.000000,4.000000,0.000000,0.000000,0.000000,0
0,46000.000000,-5600.000000,400.000000,4.000000,4.000000,4.000000,0.000000,0.000000,0.000000,0
0,45600.000000,-5600.000000,400.000000,4.000000,4.000000,4.000000,0.000000,0.000000,0.000000,0
0,45200.000000,-5600.000000,400.000000,4.000000,4.000000,4.000000,0.000000,0.000000,0.000000,0
0,44800.000000,-5600.000000,400.000000,4.000000,4.000000,4.000000,0.000000,0.000000,0.000000,0
0,44400.000000,-5600.000000,400.000000,4.000000,4.000000,4.000000,0.000000,0.000000,0.000000,0
0,44000.000000,-5600.000000,400.000000,4.000000,4.000000,4.000000,0.000000,0.000000,0.000000,0
0,43600.000000,-5600.000000,400.000000,4.000000,4.000000,4.000000,0.000000,0.000000,0.000000,0
0,43600.000000,-6000.000000,400.000000,4.000000,4.000000,4.000000,0.000000,0.000000,0.000000,0
0,43600.000000,-6400.000000,400.000000,4.000000,4.000000,4.000000,0.000000,0.000000,0.000000,0
0,43600.000000,-6800.000000,400.000000,4.000000,4.000000,4.000000,0.000000,0.000000,0.000000,0
0,43600.000000,-7200.000000,400.000000,4.000000,4.000000,4.000000,0.000000,0.000000,0.000000,0
0,43600.000000,-7600.000000,400.000000,4.000000,4.000000,4.000000,0.000000,0.000000,0.000000,0
0,43600.000000,-8000.000000,400.000000,4.000000,4.000000,4.000000,0.000000,0.000000,0.000000,0
0,43600.000000,-8400.000000,400.000000,4.000000,4.000000,4.000000,0.000000,0.000000,0.000000,0
0,43200.000000,-8400.000000,400.000000,4.000000,4.000000,4.000000,0.000000,0.000000,0.000000,0
0,42800.000000,-8400.000000,400.000000,4.000000,4.000000,4.000000,0.000000,0.000000,0.000000,0
0,42400.000000,-8400.000000,400.000000,4.000000,4.000000,4.000000,0.000000,0.000000,0.000000,0
0,42000.000000,-8400.000000,400.000000,4.000000,4.000000,4.000000,0.000000,0.000000,0.000000,0
0,41600.000000,-8400.000000,400.000000,4.000000,4.000000,4.000000,0.000000,0.000000,0.000000,0
0,41200.000000,-8400.000000,400.000000,4.000000,4.000000,4.000000,0.000000,0.000000,0.000000,0
0,40800.000000,-8400.000000,400.000000,4.000000,4.000000,4.000000,0.000000,0.000000,0.000000,0
0,40400.000000,-8400.000000,400.000000,4.000000,4.000000,4.000000,0.000000,0.000000,0.000000,0
0,40000.000000,-8400.000000,400.000000,4.000000,4.000000,4.000000,0.000000,0.000000,0.000000,0
0,39600.000000,-8400.000000,400.000000,4.000000,4.000000,4.000000,0.000000,0.000000,0.000000,0
0,39200.000000,-8400.000000,400.000000,4.000000,4.000000,4.000000,0.000000,0.000000,0.000000,0
0,38800.000000,-8400.000000,400.000000,4.000000,4.000000,4.000000,0.000000,0.000000,0.000000,0
0,38400.000000,-8400.000000,400.000000,4.000000,4.000000,4.000000,0.000000,0.000000,0.000000,0
0,38000.000000,-8400.000000,400.000000,4.000000,4.000000,4.000000,0.000000,0.000000,0.000000,0
0,37600.000000,-8400.000000,400.000000,4.000000,4.000000,4.000000,0.000000,0.000000,0.000000,0
0,37200.000000,-8400.000000,400.000000,4.000000,4.000000,4.000000,0.000000,0.000000,0.000000,0
0,36800.000000,-8400.000000,400.000000,4.000000,4.000000,4.000000,0.000000,0.000000,0.000000,0
0,36400.000000,-8400.000000,400.000000,4.000000,4.000000,4.000000,0.000000,0.000000,0.000000,0
0,36000.000000,-8400.000000,400.000000,4.000000,4.000000,4.000000,0.000000,0.000000,0.000000,0
0,35600.000000,-8400.000000,400.000000,4.000000,4.000000,4.000000,0.000000,0.000000,0.000000,0
0,35200.000000,-8400.000000,400.000000,4.000000,4.000000,4.000000,0.000000,0.000000,0.000000,0
0,34800.000000,-8400.000000,400.000000,4.000000,4.000000,4.000000,0.000000,0.000000,0.000000,0
0,34400.000000,-8400.000000,400.000000,4.000000,4.000000,4.000000,0.000000,0.000000,0.000000,0
0,34000.000000,-8400.000000,400.000000,4.000000,4.000000,4.000000,0.000000,0.000000,0.000000,0
0,33600.000000,-8400.000000,400.000000,4.000000,4.000000,4.000000,0.000000,0.000000,0.000000,0
0,33200.000000,-8400.000000,400.000000,4.000000,4.000000,4.000000,0.000000,0.000000,0.000000,0
0,32800.000000,-8400.000000,400.000000,4.000000,4.000000,4.000000,0.000000,0.000000,0.000000,0
0,32400.000000,-8400.000000,400.000000,4.000000,4.000000,4.000000,0.000000,0.000000,0.000000,0
0,32000.000000,-8400.000000,400.000000,4.000000,4.000000,4.000000,0.000000,0.000000,0.000000,0
0,31600.000000,-8400.000000,400.000000,4.000000,4.000000,4.000000,0.000000,0.000000,0.000000,0
0,31200.000000,-8400.000000,400.000000,4.000000,4.000000,4.000000,0.000000,0.000000,0.000000,0
0,30800.000000,-8400.000000,400.000000,4.000000,4.000000,4.000000,0.000000,0.000000,0.000000,0
0,30400.000000,-8400.000000,400.000000,4.000000,4.000000,4.000000,0.000000,0.000000,0.000000,0
0,30000.000000,-8400.000000,400.000000,4.000000,4.000000,4.000000,0.000000,0.000000,0.000000,0
0,29600.000000,-8400.000000,400.000000,4.000000,4.000000,4.000000,0.000000,0.000000,0.000000,0
0,29200.000000,-8400.000000,400.000000,4.000000,4.000000,4.000000,0.000000,0.000000,0.000000,0
0,28800.000000,-8400.000000,400.000000,4.000000,4.000000,4.000000,0.000000,0.000000,0.000000,0
0,28400.000000,-8400.000000,400.000000,4.000000,4.000000,4.000000,0.000000,0.000000,0.000000,0
0,28000.000000,-8400.000000,400.000000,4.000000,4.000000,4.000000,0.000000,0.000000,0.000000,0
0,27600.000000,-8400.000000,400.000000,4.000000,4.000000,4.000000,0.000000,0.000000,0.000000,0
0,27200.000000,-8400.000000,400.000000,4.000000,4.000000,4.000000,0.000000,0.000000,0.000000,0
0,26800.000000,-8400.000000,400.000000,4.000000,4.000000,4.000000,0.000000,0.000000,0.000000,0
0,26400.000000,-8400.000000,400.000000,4.000000,4.000000,4.000000,0.000000,0.000000,0.000000,0
0,26000.000000,-8400.000000,400.000000,4.000000,4.000000,4.000000,0.000000,0.000000,0.000000,0
0,25600.000000,-8400.000000,400.000000,4.000000,4.000000,4.000000,0.000000,0.000000,0.000000,0
0,25200.000000,-8400.000000,400.000000,4.000000,4.000000,4.000000,0.000000,0.000000,0.000000,0
0,24800.000000,-8400.000000,400.000000,4.000000,4.000000,4.000000,0.000000,0.000000,0.000000,0
0,24400.000000,-8400.000000,400.000000,4.000000,4.000000,4.000000,0.000000,0.000000,0.000000,0
0,24000.000000,-8400.000000,400.000000,4.000000,4.000000,4.000000,0.000000,0.000000,0.000000,0
0,23600.000000,-8400.000000,400.000000,4.000000,4.000000,4.000000,0.000000,0.000000,0.000000,0
0,23200.000000,-8400.000000,400.000000,4.000000,4.000000,4.000000,0.000000,0.000000,0.000000,0
0,23200.000000,-7600.000000,400.000000,4.000000,4.000000,4.000000,0.000000,0.000000,0.000000,0
0,23200.000000,-7200.000000,400.000000,4.000000,4.000000,4.000000,0.000000,0.000000,0.000000,0
0,23200.000000,-8000.000000,400.000000,4.000000,4.000000,4.000000,0.000000,0.000000,0.000000,0
0,23200.000000,-6800.000000,400.000000,4.000000,4.000000,4.000000,0.000000,0.000000,0.000000,0
0,23200.000000,-6400.000000,400.000000,4.000000,4.000000,4.000000,0.000000,0.000000,0.000000,0
0,23200.000000,-6000.000000,400.000000,4.000000,4.000000,4.000000,0.000000,0.000000,0.000000,0
0,23200.000000,-5600.000000,400.000000,4.000000,4.000000,4.000000,0.000000,0.000000,0.000000,0
0,23200.000000,-5200.000000,400.000000,4.000000,4.000000,4.000000,0.000000,0.000000,0.000000,0
0,22800.000000,-5200.000000,400.000000,4.000000,4.000000,4.000000,0.000000,0.000000,0.000000,0
0,22400.000000,-5200.000000,400.000000,4.000000,4.000000,4.000000,0.000000,0.000000,0.000000,0
0,22000.000000,-5200.000000,400.000000,4.000000,4.000000,4.000000,0.000000,0.000000,0.000000,0
0,21600.000000,-5200.000000,400.000000,4.000000,4.000000,4.000000,0.000000,0.000000,0.000000,0
0,21200.000000,-5200.000000,400.000000,4.000000,4.000000,4.000000,0.000000,0.000000,0.000000,0
0,20800.000000,-5200.000000,400.000000,4.000000,4.000000,4.000000,0.000000,0.000000,0.000000,0
0,20400.000000,-5200.000000,400.000000,4.000000,4.000000,4.000000,0.000000,0.000000,0.000000,0
0,20000.000000,-5200.000000,400.000000,4.000000,4.000000,4.000000,0.000000,0.000000,0.000000,0
0,19600.000000,-5200.000000,400.000000,4.000000,4.000000,4.000000,0.000000,0.000000,0.000000,0
0,19200.000000,-5200.000000,400.000000,4.000000,4.000000,4.000000,0.000000,0.000000,0.000000,0
0,18800.000000,-5200.000000,400.000000,4.000000,4.000000,4.000000,0.000000,0.000000,0.000000,0
0,18400.000000,-5200.000000,400.000000,4.000000,4.000000,4.000000,0.000000,0.000000,0.000000,0
0,18000.000000,-5200.000000,400.000000,4.000000,4.000000,4.000000,0.000000,0.000000,0.000000,0
0,17600.000000,-5200.000000,400.000000,4.000000,4.000000,4.000000,0.000000,0.000000,0.000000,0
0,17200.000000,-5200.000000,400.000000,4.000000,4.000000,4.000000,0.000000,0.000000,0.000000,0
0,16800.000000,-5200.000000,400.000000,4.000000,4.000000,4.000000,0.000000,0.000000,0.000000,0
0,16400.000000,-5200.000000,400.000000,4.000000,4.000000,4.000000,0.000000,0.000000,0.000000,0
0,16000.000000,-5200.000000,400.000000,4.000000,4.000000,4.000000,0.000000,0.000000,0.000000,0
0,15600.000000,-5200.000000,400.000000,4.000000,4.000000,4.000000,0.000000,0.000000,0.000000,0
0,15200.000000,-5200.000000,400.000000,4.000000,4.000000,4.000000,0.000000,0.000000,0.000000,0
0,14800.000000,-5200.000000,400.000000,4.000000,4.000000,4.000000,0.000000,0.000000,0.000000,0
0,14400.000000,-5200.000000,400.000000,4.000000,4.000000,4.000000,0.000000,0.000000,0.000000,0
0,14000.000000,-5200.000000,400.000000,4.000000,4.000000,4.000000,0.000000,0.000000,0.000000,0
0,13600.000000,-5200.000000,400.000000,4.000000,4.000000,4.000000,0.000000,0.000000,0.000000,0
0,13200.000000,-5200.000000,400.000000,4.000000,4.000000,4.000000,0.000000,0.000000,0.000000,0
0,12800.000000,-5200.000000,400.000000,4.000000,4.000000,4.000000,0.000000,0.000000,0.000000,0
0,12400.000000,-5200.000000,400.000000,4.000000,4.000000,4.000000,0.000000,0.000000,0.000000,0
0,12000.000000,-5200.000000,400.000000,4.000000,4.000000,4.000000,0.000000,0.000000,0.000000,0
0,11600.000000,-5200.000000,400.000000,4.000000,4.000000,4.000000,0.000000,0.000000,0.000000,0
0,11200.000000,-5200.000000,400.000000,4.000000,4.000000,4.000000,0.000000,0.000000,0.000000,0
0,10800.000000,-5200.000000,400.000000,4.000000,4.000000,4.000000,0.000000,0.000000,0.000000,0
0,10400.000000,-5200.000000,400.000000,4.000000,4.000000,4.000000,0.000000,0.000000,0.000000,0
0,10000.000000,-5200.000000,400.000000,4.000000,4.000000,4.000000,0.000000,0.000000,0.000000,0
0,9600.000000,-5200.000000,400.000000,4.000000,4.000000,4.000000,0.000000,0.000000,0.000000,0
0,9200.000000,-5200.000000,400.000000,4.000000,4.000000,4.000000,0.000000,0.000000,0.000000,0
0,8800.000000,-5200.000000,400.000000,4.000000,4.000000,4.000000,0.000000,0.000000,0.000000,0
0,8400.000000,-5200.000000,400.000000,4.000000,4.000000,4.000000,0.000000,0.000000,0.000000,0
0,8000.000000,-5200.000000,400.000000,4.000000,4.000000,4.000000,0.000000,0.000000,0.000000,0
0,7600.000000,-5200.000000,400.000000,4.000000,4.000000,4.000000,0.000000,0.000000,0.000000,0
0,7200.000000,-5200.000000,400.000000,4.000000,4.000000,4.000000,0.000000,0.000000,0.000000,0
0,6800.000000,-5200.000000,400.000000,4.000000,4.000000,4.000000,0.000000,0.000000,0.000000,0
0,6400.000000,-5200.000000,400.000000,4.000000,4.000000,4.000000,0.000000,0.000000,0.000000,0
0,6000.000000,-5200.000000,400.000000,4.000000,4.000000,4.000000,0.000000,0.000000,0.000000,0
0,5600.000000,-5200.000000,400.000000,4.000000,4.000000,4.000000,0.000000,0.000000,0.000000,0
0,5200.000000,-5200.000000,400.000000,4.000000,4.000000,4.000000,0.000000,0.000000,0.000000,0
0,5200.000000,-4800.000000,400.000000,4.000000,4.000000,4.000000,0.000000,0.000000,0.000000,0
0,5200.000000,-4400.000000,400.000000,4.000000,4.000000,4.000000,0.000000,0.000000,0.000000,0
0,5200.000000,-4000.000000,400.000000,4.000000,4.000000,4.000000,0.000000,0.000000,0.000000,0
0,5200.000000,-3600.000000,400.000000,4.000000,4.000000,4.000000,0.000000,0.000000,0.000000,0
0,4800.000000,-3600.000000,400.000000,4.000000,4.000000,4.000000,0.000000,0.000000,0.000000,0
0,4400.000000,-3600.000000,400.000000,4.000000,4.000000,4.000000,0.000000,0.000000,0.000000,0
0,4000.000000,-3600.000000,400.000000,4.000000,4.000000,4.000000,0.000000,0.000000,0.000000,0
0,3600.000000,-3600.000000,400.000000,4.000000,4.000000,4.000000,0.000000,0.000000,0.000000,0
0,3200.000000,-3600.000000,400.000000,4.000000,4.000000,4.000000,0.000000,0.000000,0.000000,0
0,2800.000000,-3600.000000,400.000000,4.000000,4.000000,4.000000,0.000000,0.000000,0.000000,0
0,2400.000000,-3600.000000,400.000000,4.000000,4.000000,4.000000,0.000000,0.000000,0.000000,0
0,2000.000000,-3600.000000,400.000000,4.000000,4.000000,4.000000,0.000000,0.000000,0.000000,0
0,1600.000000,-3600.000000,400.000000,4.000000,4.000000,4.000000,0.000000,0.000000,0.000000,0
0,1200.000000,-3600.000000,400.000000,4.000000,4.000000,4.000000,0.000000,0.000000,0.000000,0
0,0.000000,-3600.000000,400.000000,4.000000,4.000000,4.000000,0.000000,0.000000,0.000000,0
0,-400.000000,-3600.000000,400.000000,4.000000,4.000000,4.000000,0.000000,0.000000,0.000000,0
0,-800.000000,-3600.000000,400.000000,4.000000,4.000000,4.000000,0.000000,0.000000,0.000000,0
0,-1200.000000,-3600.000000,400.000000,4.000000,4.000000,4.000000,0.000000,0.000000,0.000000,0
0,-1600.000000,-3600.000000,400.000000,4.000000,4.000000,4.000000,0.000000,0.000000,0.000000,0
0,-2000.000000,-3600.000000,400.000000,4.000000,4.000000,4.000000,0.000000,0.000000,0.000000,0
0,-2400.000000,-3600.000000,400.000000,4.000000,4.000000,4.000000,0.000000,0.000000,0.000000,0
0,-2800.000000,-3600.000000,400.000000,4.000000,4.000000,4.000000,0.000000,0.000000,0.000000,0
0,-3200.000000,-3600.000000,400.000000,4.000000,4.000000,4.000000,0.000000,0.000000,0.000000,0
0,-3600.000000,-3600.000000,400.000000,4.000000,4.000000,4.000000,0.000000,0.000000,0.000000,0
0,-4000.000000,-3600.000000,400.000000,4.000000,4.000000,4.000000,0.000000,0.000000,0.000000,0
0,-4000.000000,-3200.000000,400.000000,4.000000,4.000000,4.000000,0.000000,0.000000,0.000000,0
0,-4000.000000,-2800.000000,400.000000,4.000000,4.000000,4.000000,0.000000,0.000000,0.000000,0
0,-4000.000000,-2400.000000,400.000000,4.000000,4.000000,4.000000,0.000000,0.000000,0.000000,0
0,-4000.000000,-2000.000000,400.000000,4.000000,4.000000,4.000000,0.000000,0.000000,0.000000,0
7,24000.000000,-8000.000000,400.000000,4.000000,4.000000,4.000000,0.000000,0.000000,0.000000,0
7,24400.000000,-8000.000000,400.000000,4.000000,4.000000,4.000000,0.000000,0.000000,0.000000,0
7,24800.000000,-8000.000000,400.000000,4.000000,4.000000,4.000000,0.000000,0.000000,0.000000,0
7,25200.000000,-8000.000000,400.000000,4.000000,4.000000,4.000000,0.000000,0.000000,0.000000,0
7,25600.000000,-8000.000000,400.000000,4.000000,4.000000,4.000000,0.000000,0.000000,0.000000,0
7,26000.000000,-8000.000000,400.000000,4.000000,4.000000,4.000000,0.000000,0.000000,0.000000,0
7,26400.000000,-8000.000000,400.000000,4.000000,4.000000,4.000000,0.000000,0.000000,0.000000,0
7,26800.000000,-8000.000000,400.000000,4.000000,4.000000,4.000000,0.000000,0.000000,0.000000,0
7,27200.000000,-8000.000000,400.000000,4.000000,4.000000,4.000000,0.000000,0.000000,0.000000,0
7,27600.000000,-8000.000000,400.000000,4.000000,4.000000,4.000000,0.000000,0.000000,0.000000,0
7,28000.000000,-8000.000000,400.000000,4.000000,4.000000,4.000000,0.000000,0.000000,0.000000,0
7,28400.000000,-8000.000000,400.000000,4.000000,4.000000,4.000000,0.000000,0.000000,0.000000,0
7,28800.000000,-8000.000000,400.000000,4.000000,4.000000,4.000000,0.000000,0.000000,0.000000,0
7,29200.000000,-8000.000000,400.000000,4.000000,4.000000,4.000000,0.000000,0.000000,0.000000,0
7,29600.000000,-8000.000000,400.000000,4.000000,4.000000,4.000000,0.000000,0.000000,0.000000,0
7,30000.000000,-8000.000000,400.000000,4.000000,4.000000,4.000000,0.000000,0.000000,0.000000,0
7,30400.000000,-8000.000000,400.000000,4.000000,4.000000,4.000000,0.000000,0.000000,0.000000,0
7,30800.000000,-8000.000000,400.000000,4.000000,4.000000,4.000000,0.000000,0.000000,0.000000,0
7,31200.000000,-8000.000000,400.000000,4.000000,4.000000,4.000000,0.000000,0.000000,0.000000,0
7,31600.000000,-8000.000000,400.000000,4.000000,4.000000,4.000000,0.000000,0.000000,0.000000,0
7,32000.000000,-8000.000000,400.000000,4.000000,4.000000,4.000000,0.000000,0.000000,0.000000,0
7,32400.000000,-8000.000000,400.000000,4.000000,4.000000,4.000000,0.000000,0.000000,0.000000,0
7,32800.000000,-8000.000000,400.000000,4.000000,4.000000,4.000000,0.000000,0.000000,0.000000,0
7,33200.000000,-8000.000000,400.000000,4.000000,4.000000,4.000000,0.000000,0.000000,0.000000,0
7,33600.000000,-8000.000000,400.000000,4.000000,4.000000,4.000000,0.000000,0.000000,0.000000,0
7,34000.000000,-8000.000000,400.000000,4.000000,4.000000,4.000000,0.000000,0.000000,0.000000,0
7,34400.000000,-8000.000000,400.000000,4.000000,4.000000,4.000000,0.000000,0.000000,0.000000,0
7,34800.000000,-8000.000000,400.000000,4.000000,4.000000,4.000000,0.000000,0.000000,0.000000,0
7,35200.000000,-8000.000000,400.000000,4.000000,4.000000,4.000000,0.000000,0.000000,0.000000,0
7,35600.000000,-8000.000000,400.000000,4.000000,4.000000,4.000000,0.000000,0.000000,0.000000,0
7,36000.000000,-8000.000000,400.000000,4.000000,4.000000,4.000000,0.000000,0.000000,0.000000,0
7,36400.000000,-8000.000000,400.000000,4.000000,4.000000,4.000000,0.000000,0.000000,0.000000,0
7,36800.000000,-8000.000000,400.000000,4.000000,4.000000,4.000000,0.000000,0.000000,0.000000,0
7,37200.000000,-8000.000000,400.000000,4.000000,4.000000,4.000000,0.000000,0.000000,0.000000,0
7,37600.000000,-8000.000000,400.000000,4.000000,4.000000,4.000000,0.000000,0.000000,0.000000,0
7,38000.000000,-8000.000000,400.000000,4.000000,4.000000,4.000000,0.000000,0.000000,0.000000,0
7,38400.000000,-8000.000000,400.000000,4.000000,4.000000,4.000000,0.000000,0.000000,0.000000,0
7,38800.000000,-8000.000000,400.000000,4.000000,4.000000,4.000000,0.000000,0.000000,0.000000,0
7,39200.000000,-8000.000000,400.000000,4.000000,4.000000,4.000000,0.000000,0.000000,0.000000,0
7,39600.000000,-8000.000000,400.000000,4.000000,4.000000,4.000000,0.000000,0.000000,0.000000,0
7,40000.000000,-8000.000000,400.000000,4.000000,4.000000,4.000000,0.000000,0.000000,0.000000,0
7,40400.000000,-8000.000000,400.000000,4.000000,4.000000,4.000000,0.000000,0.000000,0.000000,0
7,40800.000000,-8000.000000,400.000000,4.000000,4.000000,4.000000,0.000000,0.000000,0.000000,0
7,41200.000000,-8000.000000,400.000000,4.000000,4.000000,4.000000,0.000000,0.000000,0.000000,0
7,41600.000000,-8000.000000,400.000000,4.000000,4.000000,4.000000,0.000000,0.000000,0.000000,0
7,42000.000000,-8000.000000,400.000000,4.000000,4.000000,4.000000,0.000000,0.000000,0.000000,0
7,42400.000000,-8000.000000,400.000000,4.000000,4.000000,4.000000,0.000000,0.000000,0.000000,0
7,42800.000000,-8000.000000,400.000000,4.000000,4.000000,4.000000,0.000000,0.000000,0.000000,0
7,43200.000000,-7600.000000,400.000000,4.000000,4.000000,4.000000,0.000000,0.000000,1.570796,0
7,43200.000000,-7200.000000,400.000000,4.000000,4.000000,4.000000,0.000000,0.000000,1.570796,0
7,43200.000000,-6800.000000,400.000000,4.000000,4.000000,4.000000,0.000000,0.000000,1.570796,0
7,43200.000000,-6400.000000,400.000000,4.000000,4.000000,4.000000,0.000000,0.000000,1.570796,0
7,43200.000000,-6000.000000,400.000000,4.000000,4.000000,4.000000,0.000000,0.000000,1.570796,0
7,43200.000000,-5600.000000,400.000000,4.000000,4.000000,4.000000,0.000000,0.000000,1.570796,0
7,16400.000000,-3200.000000,400.000000,4.000000,4.000000,4.000000,0.000000,0.000000,1.570796,0
7,16400.000000,-2800.000000,400.000000,4.000000,4.000000,4.000000,0.000000,0.000000,1.570796,0
7,16400.000000,-2400.000000,400.000000,4.000000,4.000000,4.000000,0.000000,0.000000,1.570796,0
7,16400.000000,-2000.000000,400.000000,4.000000,4.000000,4.000000,0.000000,0.000000,1.570796,0
7,16400.000000,-1600.000000,400.000000,4.000000,4.000000,4.000000,0.000000,0.000000,1.570796,0
7,24000.000000,-3600.000000,400.000000,4.000000,4.000000,4.000000,0.000000,0.000000,3.141593,0
7,23600.000000,-3600.000000,400.000000,4.000000,4.000000,4.000000,0.000000,0.000000,3.141593,0
7,24400.000000,-3600.000000,400.000000,4.000000,4.000000,4.000000,0.000000,0.000000,3.141593,0
7,24800.000000,-3600.000000,400.000000,4.000000,4.000000,4.000000,0.000000,0.000000,3.141593,0
7,25200.000000,-3600.000000,400.000000,4.000000,4.000000,4.000000,0.000000,0.000000,3.141593,0
7,25600.000000,-3600.000000,400.000000,4.000000,4.000000,4.000000,0.000000,0.000000,3.141593,0
7,26000.000000,-3600.000000,400.000000,4.000000,4.000000,4.000000,0.000000,0.000000,3.141593,0
7,26400.000000,-3600.000000,400.000000,4.000000,4.000000,4.000000,0.000000,0.000000,3.141593,0
7,26800.000000,-3600.000000,400.000000,4.000000,4.000000,4.000000,0.000000,0.000000,3.141593,0
7,27200.000000,-3600.000000,400.000000,4.000000,4.000000,4.000000,0.000000,0.000000,3.141593,0
7,27600.000000,-3600.000000,400.000000,4.000000,4.000000,4.000000,0.000000,0.000000,3.141593,0
7,28000.000000,-3600.000000,400.000000,4.000000,4.000000,4.000000,0.000000,0.000000,3.141593,0
7,28400.000000,-3600.000000,400.000000,4.000000,4.000000,4.000000,0.000000,0.000000,3.141593,0
7,28800.000000,-3600.000000,400.000000,4.000000,4.000000,4.000000,0.000000,0.000000,3.141593,0
7,29200.000000,-3600.000000,400.000000,4.000000,4.000000,4.000000,0.000000,0.000000,3.141593,0
7,29600.000000,-3600.000000,400.000000,4.000000,4.000000,4.000000,0.000000,0.000000,3.141593,0
7,30000.000000,-3600.000000,400.000000,4.000000,4.000000,4.000000,0.000000,0.000000,3.141593,0
7,30400.000000,-3600.000000,400.000000,4.000000,4.000000,4.000000,0.000000,0.000000,3.141593,0
7,30800.000000,-3600.000000,400.000000,4.000000,4.000000,4.000000,0.000000,0.000000,3.141593,0
7,31200.000000,-3600.000000,400.000000,4.000000,4.000000,4.000000,0.000000,0.000000,3.141593,0
7,31600.000000,-3600.000000,400.000000,4.000000,4.000000,4.000000,0.000000,0.000000,3.141593,0
7,32000.000000,-3600.000000,400.000000,4.000000,4.000000,4.000000,0.000000,0.000000,3.141593,0
7,32400.000000,-3600.000000,400.000000,4.000000,4.000000,4.000000,0.000000,0.000000,3.141593,0
7,32800.000000,-3600.000000,400.000000,4.000000,4.000000,4.000000,0.000000,0.000000,3.141593,0
7,33200.000000,-3600.000000,400.000000,4.000000,4.000000,4.000000,0.000000,0.000000,3.141593,0
7,33600.000000,-3600.000000,400.000000,4.000000,4.000000,4.000000,0.000000,0.000000,3.141593,0
7,34000.000000,-3600.000000,400.000000,4.000000,4.000000,4.000000,0.000000,0.000000,3.141593,0
7,34400.000000,-3600.000000,400.000000,4.000000,4.000000,4.000000,0.000000,0.000000,3.141593,0
7,34800.000000,-3600.000000,400.000000,4.000000,4.000000,4.000000,0.000000,0.000000,3.141593,0
7,35200.000000,-3600.000000,400.000000,4.000000,4.000000,4.000000,0.000000,0.000000,3.141593,0
7,35600.000000,-3600.000000,400.000000,4.000000,4.000000,4.000000,0.000000,0.000000,3.141593,0
7,36000.000000,-3600.000000,400.000000,4.000000,4.000000,4.000000,0.000000,0.000000,3.141593,0
7,36400.000000,-3600.000000,400.000000,4.000000,4.000000,4.000000,0.000000,0.000000,3.141593,0
7,36800.000000,-3600.000000,400.000000,4.000000,4.000000,4.000000,0.000000,0.000000,3.141593,0
7,37200.000000,-3600.000000,400.000000,4.000000,4.000000,4.000000,0.000000,0.000000,3.141593,0
7,37600.000000,-3600.000000,400.000000,4.000000,4.000000,4.000000,0.000000,0.000000,3.141593,0
7,38000.000000,-3600.000000,400.000000,4.000000,4.000000,4.000000,0.000000,0.000000,3.141593,0
7,38400.000000,-3600.000000,400.000000,4.000000,4.000000,4.000000,0.000000,0.000000,3.141593,0
7,38800.000000,-3600.000000,400.000000,4.000000,4.000000,4.000000,0.000000,0.000000,3.141593,0
7,39200.000000,-3600.000000,400.000000,4.000000,4.000000,4.000000,0.000000,0.000000,3.141593,0
7,39600.000000,-3600.000000,400.000000,4.000000,4.000000,4.000000,0.000000,0.000000,3.141593,0
7,40000.000000,-3600.000000,400.000000,4.000000,4.000000,4.000000,0.000000,0.000000,3.141593,0
7,40400.000000,-3600.000000,400.000000,4.000000,4.000000,4.000000,0.000000,0.000000,3.141593,0
7,40800.000000,-3600.000000,400.000000,4.000000,4.000000,4.000000,0.000000,0.000000,3.141593,0
7,41200.000000,-3600.000000,400.000000,4.000000,4.000000,4.000000,0.000000,0.000000,3.141593,0
7,41600.000000,-3600.000000,400.000000,4.000000,4.000000,4.000000,0.000000,0.000000,3.141593,0
7,42000.000000,-3600.000000,400.000000,4.000000,4.000000,4.000000,0.000000,0.000000,3.141593,0
7,42400.000000,-3600.000000,400.000000,4.000000,4.000000,4.000000,0.000000,0.000000,3.141593,0
7,42800.000000,-3600.000000,400.000000,4.000000,4.000000,4.000000,0.000000,0.000000,3.141593,0
7,23600.000000,-7600.000000,400.000000,4.000000,4.000000,4.000000,0.000000,0.000000,-1.570796,0
7,23600.000000,-7200.000000,400.000000,4.000000,4.000000,4.000000,0.000000,0.000000,-1.570796,0
7,23600.000000,-6800.000000,400.000000,4.000000,4.000000,4.000000,0.000000,0.000000,-1.570796,0
7,23600.000000,-6400.000000,400.000000,4.000000,4.000000,4.000000,0.000000,0.000000,-1.570796,0
7,23600.000000,-6000.000000,400.000000,4.000000,4.000000,4.000000,0.000000,0.000000,-1.570796,0
7,23600.000000,-5600.000000,400.000000,4.000000,4.000000,4.000000,0.000000,0.000000,-1.570796,0
7,23600.000000,-5200.000000,400.000000,4.000000,4.000000,4.000000,0.000000,0.000000,-1.570796,0
